bayesopt_iteration,inference_iteration,expected_lhood
0,1,8.416662985080261e-19
0,2,3.999011032955872e-18
0,3,1.597431458841539e-17
0,4,5.4893141834529585e-17
0,5,1.646331949409899e-16
0,6,4.3628710502330686e-16
0,7,1.0336075270223594e-15
0,8,2.2132230807689883e-15
0,9,4.326078370399507e-15
0,10,7.788121191564156e-15
0,11,1.3019342105959396e-14
0,12,2.0367134908342432e-14
0,13,3.0042450549104706e-14
0,14,4.2094939587837665e-14
0,15,5.64354387877683e-14
0,16,7.289417795893569e-14
0,17,9.129328217008799e-14
0,18,1.1151021532214463e-13
0,19,1.3350842248174493e-13
0,20,1.573193820626492e-13
0,21,1.8298461647995128e-13
0,22,2.1048115893226151e-13
0,23,2.3965772726734973e-13
0,24,2.702075477922534e-13
0,25,3.016958937024552e-13
0,26,3.336465841239486e-13
0,27,3.656493383784016e-13
0,28,3.973742300135998e-13
0,29,4.285480801130633e-13
0,30,4.590214686126367e-13
0,31,4.887132062360098e-13
0,32,5.175080657036423e-13
0,33,5.452970372152409e-13
0,34,5.720919061928289e-13
0,35,5.9802351505763e-13
0,36,6.232067504563616e-13
0,37,6.476360140300138e-13
0,38,6.712078159943909e-13
0,39,6.937473021854684e-13
0,40,7.150119582375467e-13
0,41,7.347918921999695e-13
0,42,7.530865260286253e-13
0,43,7.701688418138561e-13
0,44,7.864604877702393e-13
0,45,8.024045980394016e-13
0,46,8.183990926319385e-13
0,47,8.346978940281115e-13
0,48,8.513617056813909e-13
0,49,8.683545377442853e-13
0,50,8.856832437311932e-13
0,51,9.034504655100167e-13
0,52,9.218704945643279e-13
0,53,9.412263399606334e-13
0,54,9.617131477738865e-13
0,55,9.833384765973349e-13
0,56,1.0059916330807934e-12
0,57,1.0295697392988596e-12
0,58,1.054043770459758e-12
0,59,1.0794593384956609e-12
0,60,1.105867458339107e-12
0,61,1.1332382406252173e-12
0,62,1.161480508746615e-12
0,63,1.190563152454403e-12
0,64,1.2206128631369305e-12
0,65,1.2519234583701008e-12
0,66,1.2848925769826284e-12
0,67,1.3199242682799564e-12
0,68,1.357366687245617e-12
0,69,1.3975150320691245e-12
0,70,1.4406211765480494e-12
0,71,1.4868678307528189e-12
0,72,1.5363781973902229e-12
0,73,1.5893264856434348e-12
0,74,1.6460504879469527e-12
0,75,1.70701966452789e-12
0,76,1.7726582630327254e-12
0,77,1.843180285086592e-12
0,78,1.9186446826381045e-12
0,79,1.9992177599430296e-12
0,80,2.0852837399020553e-12
0,81,2.17719719635261e-12
0,82,2.2750399534945505e-12
0,83,2.37880876326841e-12
0,84,2.4887704227082125e-12
0,85,2.6054002723019274e-12
0,86,2.7290146758097013e-12
0,87,2.859866206024567e-12
0,88,2.9985770712058104e-12
0,89,3.1459796682678526e-12
0,90,3.302633851092268e-12
0,91,3.4690672368191184e-12
0,92,3.646137541230529e-12
0,93,3.83458952297629e-12
0,94,4.034674438874015e-12
0,95,4.2466130918459795e-12
0,96,4.4710834040828976e-12
0,97,4.7085524935314205e-12
0,98,4.959467409644777e-12
0,99,5.2251060431661495e-12
0,100,5.5056854576483005e-12
0,101,5.801933801512799e-12
0,102,6.113090152490611e-12
0,103,6.443310313769825e-12
0,104,6.785712231992327e-12
0,105,7.151485160679912e-12
0,106,7.534764559229495e-12
0,107,7.933205617688276e-12
0,108,8.356233817191566e-12
0,109,8.79144123659524e-12
0,110,9.252384778289293e-12
0,111,9.724072826281373e-12
0,112,1.022530238010393e-11
0,113,1.0737629827013837e-11
0,114,1.1272772932153263e-11
0,115,1.1832001466494009e-11
0,116,1.2405821479281535e-11
0,117,1.3007183658178348e-11
0,118,1.3617527401829983e-11
0,119,1.4266698155593659e-11
0,120,1.491040449288446e-11
0,121,1.560166389582757e-11
0,122,1.630241751866443e-11
0,123,1.701264767930733e-11
0,124,1.776467352391551e-11
0,125,1.851829819975172e-11
0,126,1.9301102732554886e-11
0,127,2.0104126724990998e-11
0,128,2.0917068766024385e-11
0,129,2.176398936815449e-11
0,130,2.2615388058353032e-11
0,131,2.35000123133117e-11
0,132,2.440186783494606e-11
0,133,2.5307623070802297e-11
0,134,2.6253762788722605e-11
0,135,2.72029447077823e-11
0,136,2.817730198795566e-11
0,137,2.917945101092484e-11
0,138,3.019399686768057e-11
0,139,3.1244018722182415e-11
0,140,3.2310618586085e-11
0,141,3.341128280462449e-11
0,142,3.45330936969435e-11
0,143,3.5686557419720656e-11
0,144,3.687234948700978e-11
0,145,3.807760517973454e-11
0,146,3.9324257543323577e-11
0,147,4.0581708068417796e-11
0,148,4.187856643553904e-11
0,149,4.318868325908156e-11
0,150,4.452862114821157e-11
0,151,4.588730377412011e-11
0,152,4.72708706388223e-11
0,153,4.8669278957147626e-11
0,154,5.009458122556421e-11
0,155,5.152325799800838e-11
0,156,5.299105879729793e-11
0,157,5.4438147217032507e-11
0,158,5.5944713487884395e-11
0,159,5.739482133752533e-11
0,160,5.895786092390722e-11
0,161,6.054231100720341e-11
0,162,6.209693497501405e-11
0,163,6.370391704326435e-11
0,164,6.532856598163295e-11
0,165,6.696378509963617e-11
0,166,6.862580957889756e-11
0,167,7.030047318252902e-11
0,168,7.200613205367245e-11
0,169,7.372425071154087e-11
0,170,7.546745024843038e-11
0,171,7.721640628385499e-11
0,172,7.897047096000933e-11
0,173,8.077919132651505e-11
0,174,8.255616702133348e-11
0,175,8.438068255952093e-11
0,176,8.622797852694095e-11
0,177,8.803368881665201e-11
0,178,8.992033226404556e-11
0,179,9.177012963794597e-11
0,180,9.368547794412598e-11
0,181,9.55954859551305e-11
0,182,9.756484637725843e-11
0,183,9.95497667977262e-11
0,184,1.0153427835284004e-10
0,185,1.0361082183901596e-10
0,186,1.0565250274748055e-10
0,187,1.0782420857708882e-10
0,188,1.0993740310049702e-10
0,189,1.1222753623514882e-10
0,190,1.1448349575353537e-10
0,191,1.1682245402491212e-10
0,192,1.1922372994770052e-10
0,193,1.2160077886271492e-10
0,194,1.241445306862471e-10
0,195,1.2667021690231344e-10
0,196,1.2928341530159316e-10
0,197,1.3196985379311633e-10
0,198,1.3463423562626925e-10
0,199,1.3743624875604357e-10
0,200,1.4021304236067294e-10
0,201,1.4307426829432294e-10
0,202,1.4597984659376097e-10
0,203,1.4886804667197857e-10
0,204,1.5186194751382407e-10
0,205,1.5477970093535577e-10
0,206,1.57836240222202e-10
0,207,1.6093542034875706e-10
0,208,1.6409195950699567e-10
0,209,1.6729920722321293e-10
0,210,1.7037814802167242e-10
0,211,1.7364135540334438e-10
0,212,1.7690940382181362e-10
0,213,1.8025025605210598e-10
0,214,1.8356581780319002e-10
0,215,1.8695119041687795e-10
0,216,1.903704414618204e-10
0,217,1.9385631265821388e-10
0,218,1.973616013228524e-10
0,219,2.0085245944579445e-10
0,220,2.0448119749090074e-10
0,221,2.080322479985279e-10
0,222,2.1180848485245097e-10
0,223,2.1543685689637722e-10
0,224,2.1923742021564107e-10
0,225,2.2300235702184622e-10
0,226,2.2684767799372683e-10
0,227,2.3075949367690955e-10
0,228,2.3466850828207766e-10
0,229,2.3863749878173785e-10
0,230,2.4258922943963365e-10
0,231,2.4666409568395356e-10
0,232,2.5069319022019334e-10
0,233,2.548720608044042e-10
0,234,2.5898331809273505e-10
0,235,2.632100113656471e-10
0,236,2.6742486240455095e-10
0,237,2.7167000315459125e-10
0,238,2.760312020710795e-10
0,239,2.803635798104805e-10
0,240,2.848511659932076e-10
0,241,2.8928739517640957e-10
0,242,2.9381271332239194e-10
0,243,2.9834004710877565e-10
0,244,3.0285107145488373e-10
0,245,3.074750499937242e-10
0,246,3.1201636680929444e-10
0,247,3.1674043204840136e-10
0,248,3.2135100804008956e-10
0,249,3.2607254805033863e-10
0,250,3.3079294654484307e-10
0,251,3.355685354447475e-10
0,252,3.404963851979867e-10
0,253,3.4541974052803825e-10
0,254,3.503646156527157e-10
0,255,3.5527293025833567e-10
0,256,3.6015555233841333e-10
0,257,3.650850753039637e-10
0,258,3.701331087846675e-10
0,259,3.751947588291115e-10
0,260,3.804043503991022e-10
0,261,3.8553257244354337e-10
0,262,3.9070299471150386e-10
0,263,3.958655758780363e-10
0,264,4.0107534009707797e-10
0,265,4.063387990607159e-10
0,266,4.1165314653492365e-10
0,267,4.170179900780747e-10
0,268,4.2240485422488283e-10
0,269,4.278585414851687e-10
0,270,4.333311068413436e-10
0,271,4.38820767618479e-10
0,272,4.443545809800909e-10
0,273,4.498504257437593e-10
0,274,4.554474328732574e-10
0,275,4.6103496384151494e-10
0,276,4.667181826262665e-10
0,277,4.724538106327763e-10
0,278,4.782114338500078e-10
0,279,4.84096627289479e-10
0,280,4.899560924418323e-10
0,281,4.959648088715346e-10
0,282,5.018969182669345e-10
0,283,5.079011110001588e-10
0,284,5.139095301197712e-10
0,285,5.198775801047644e-10
0,286,5.260221447190067e-10
0,287,5.320627492995186e-10
0,288,5.383768347236988e-10
0,289,5.445164877123478e-10
0,290,5.509252766952967e-10
0,291,5.570725239543869e-10
0,292,5.635470885414889e-10
0,293,5.69969438707009e-10
0,294,5.765560833158612e-10
0,295,5.832348564523976e-10
0,296,5.895784522883641e-10
0,297,5.963322028136321e-10
0,298,6.029278848660316e-10
0,299,6.096428519267744e-10
0,300,6.164894735973193e-10
0,301,6.232749631863843e-10
0,302,6.302814395245825e-10
0,303,6.373502342308793e-10
0,304,6.442540103769374e-10
0,305,6.515876365748329e-10
0,306,6.587742274399127e-10
0,307,6.660435490171996e-10
0,308,6.733931580385319e-10
0,309,6.804875717051342e-10
0,310,6.880458373927192e-10
0,311,6.953472466694294e-10
0,312,7.029056765328052e-10
0,313,7.10507206080366e-10
0,314,7.181880949241284e-10
0,315,7.260443519174183e-10
0,316,7.339551796334352e-10
0,317,7.418805280417878e-10
0,318,7.500769555774483e-10
0,319,7.582071052920475e-10
0,320,7.665317275463938e-10
0,321,7.748435634477688e-10
0,322,7.831832509693434e-10
0,323,7.917751361533005e-10
0,324,8.003257963500273e-10
0,325,8.091435788419088e-10
0,326,8.178642409311488e-10
0,327,8.26818785848675e-10
0,328,8.357870451486295e-10
0,329,8.452206080542258e-10
0,330,8.548390954311679e-10
0,331,8.649337009691902e-10
0,332,8.750250100376031e-10
0,333,8.851395576562233e-10
0,334,8.953391030472677e-10
0,335,9.055777086859071e-10
0,336,9.162339962258837e-10
0,337,9.270655212500584e-10
0,338,9.38375541941486e-10
0,339,9.497856948429416e-10
0,340,9.613893157210648e-10
0,341,9.730947451481352e-10
0,342,9.8474483817542e-10
0,343,9.9697031727703e-10
0,344,1.0090319705085153e-09
0,345,1.0220572580567892e-09
0,346,1.0347077150070233e-09
0,347,1.0477334119825227e-09
0,348,1.0606474480482048e-09
0,349,1.0735096177628645e-09
0,350,1.0867248708473979e-09
0,351,1.099764637055611e-09
0,352,1.1134182255473319e-09
0,353,1.1268785923667334e-09
0,354,1.1407943451086667e-09
0,355,1.1545541125719012e-09
0,356,1.1683579038037899e-09
0,357,1.1824270974905058e-09
0,358,1.1961926575035762e-09
0,359,1.2103502925685233e-09
0,360,1.2236397577658876e-09
0,361,1.2373287616301947e-09
0,362,1.2512015659666342e-09
0,363,1.2681503230591312e-09
0,364,1.2853132131375955e-09
0,365,1.3005354531678734e-09
0,366,1.314767956995e-09
0,367,1.3299379859255565e-09
0,368,1.348254880337384e-09
0,369,1.364931791155007e-09
0,370,1.379606822625149e-09
0,371,1.39576119316992e-09
0,372,1.413325115749859e-09
0,373,1.4310001908919153e-09
0,374,1.4478299191983028e-09
0,375,1.4639460993387877e-09
0,376,1.482286261933324e-09
0,377,1.5005786200791203e-09
0,378,1.518340066261567e-09
0,379,1.5359835133070952e-09
0,380,1.5545016869224758e-09
0,381,1.5733461286314355e-09
0,382,1.591947579402658e-09
0,383,1.610236277479051e-09
0,384,1.6288700314683168e-09
0,385,1.6485510121019991e-09
0,386,1.6678366042885074e-09
0,387,1.6869430331616529e-09
0,388,1.7061507348470829e-09
0,389,1.7260798935830036e-09
0,390,1.7459532103219265e-09
0,391,1.7660622777744797e-09
0,392,1.7862011754996023e-09
0,393,1.8060017253922303e-09
0,394,1.8271538877872863e-09
0,395,1.8477782092636387e-09
0,396,1.868869605704711e-09
0,397,1.889909730957119e-09
0,398,1.9107791936886537e-09
0,399,1.93229027124489e-09
0,400,1.9538223959195864e-09
0,401,1.9757377298061267e-09
0,402,1.997536134765429e-09
0,403,2.019794009377452e-09
0,404,2.0417274581893178e-09
0,405,2.0641699938538387e-09
0,406,2.0866819972205374e-09
0,407,2.109252104422744e-09
0,408,2.132280663761782e-09
0,409,2.1549755126123422e-09
0,410,2.177808507235898e-09
0,411,2.1993685161410416e-09
0,412,2.2211479634333545e-09
0,413,2.242040057705753e-09
0,414,2.2681351771754843e-09
0,415,2.2929128623835313e-09
0,416,2.316734918417736e-09
0,417,2.3416324632912773e-09
0,418,2.3648012212386194e-09
0,419,2.392497118654554e-09
0,420,2.41886282713002e-09
0,421,2.4435163380538224e-09
0,422,2.46936397182739e-09
0,423,2.4939590517093965e-09
0,424,2.5211639408734822e-09
0,425,2.5478375297740222e-09
0,426,2.573547443647437e-09
0,427,2.601980327496738e-09
0,428,2.629154999387316e-09
0,429,2.6545146492333574e-09
0,430,2.6825402001509743e-09
0,431,2.711022027724202e-09
0,432,2.7381831784162534e-09
0,433,2.7669510269041794e-09
0,434,2.7950878013588723e-09
0,435,2.824483516001768e-09
0,436,2.8538952532933087e-09
0,437,2.8824442970992814e-09
0,438,2.9131025380802986e-09
0,439,2.94326933585802e-09
0,440,2.9739608574305244e-09
0,441,3.00513915395416e-09
0,442,3.036443258141986e-09
0,443,3.0679071254097157e-09
0,444,3.1002783379394137e-09
0,445,3.1325741995111914e-09
0,446,3.1654329240255233e-09
0,447,3.198777875907934e-09
0,448,3.231865180395004e-09
0,449,3.2657235307196934e-09
0,450,3.2999296271374935e-09
0,451,3.333939921241972e-09
0,452,3.3686330049506895e-09
0,453,3.4041568323462065e-09
0,454,3.438811165607897e-09
0,455,3.4753635658060556e-09
0,456,3.509976556077476e-09
0,457,3.546458608593882e-09
0,458,3.5805618899291985e-09
0,459,3.616099418882879e-09
0,460,3.650335497020657e-09
0,461,3.6895017203690453e-09
0,462,3.7304996931847975e-09
0,463,3.77547080639386e-09
0,464,3.815931013381389e-09
0,465,3.85378579193533e-09
0,466,3.891719074596163e-09
0,467,3.929593667438864e-09
0,468,3.973930077540636e-09
0,469,4.015627055458073e-09
0,470,4.057585578836529e-09
0,471,4.098729563683754e-09
0,472,4.1379649768750294e-09
0,473,4.183135913857294e-09
0,474,4.224301358873848e-09
0,475,4.269791880572603e-09
0,476,4.312306873644115e-09
0,477,4.354505918671852e-09
0,478,4.40052887038956e-09
0,479,4.4419655989361415e-09
0,480,4.489989103383562e-09
0,481,4.532965020874723e-09
0,482,4.579281834049153e-09
0,483,4.62555699447236e-09
0,484,4.6690094306873204e-09
0,485,4.7182582637314315e-09
0,486,4.762013848097864e-09
0,487,4.811439570957482e-09
0,488,4.857952681737132e-09
0,489,4.904785749445746e-09
0,490,4.954164690610437e-09
0,491,4.999754602585681e-09
0,492,5.050773263763311e-09
0,493,5.098027177396015e-09
0,494,5.148237689196688e-09
0,495,5.197975500755791e-09
0,496,5.246863493547939e-09
0,497,5.298253621448539e-09
0,498,5.347129711269159e-09
0,499,5.398947975006644e-09
0,500,5.449083569039026e-09
0,501,5.501233954455716e-09
0,502,5.5528005600188036e-09
0,503,5.605377753425786e-09
0,504,5.657632723440791e-09
0,505,5.710418786289521e-09
0,506,5.763374363709582e-09
0,507,5.8162451197123345e-09
0,508,5.870408835270844e-09
0,509,5.922940928559033e-09
0,510,5.9776996145540626e-09
0,511,6.028729229599615e-09
0,512,6.081891650019649e-09
0,513,6.128736561733304e-09
0,514,6.1769716921598214e-09
0,515,6.224855593512105e-09
0,516,6.279088618393309e-09
0,517,6.344173999412275e-09
0,518,6.402432745575427e-09
0,519,6.463355897695352e-09
0,520,6.525491314125122e-09
0,521,6.579529893182056e-09
0,522,6.641730967254071e-09
0,523,6.693040843539438e-09
0,524,6.74926365652571e-09
0,525,6.8201187077742965e-09
0,526,6.877016615625575e-09
0,527,6.937032030150184e-09
0,528,6.993828997369481e-09
0,529,7.050961666554834e-09
0,530,7.122293457096874e-09
0,531,7.180921050182191e-09
0,532,7.240178632116986e-09
0,533,7.302303391739842e-09
0,534,7.362460843262331e-09
0,535,7.4325127438498986e-09
0,536,7.493557721686122e-09
0,537,7.5558014058302e-09
0,538,7.621928469223614e-09
0,539,7.683934220325376e-09
0,540,7.753704376546362e-09
0,541,7.817819506187972e-09
0,542,7.882698018216628e-09
0,543,7.951441121233357e-09
0,544,8.016471545189403e-09
0,545,8.086843823040057e-09
0,546,8.153137362243886e-09
0,547,8.220293758494037e-09
0,548,8.290722578101325e-09
0,549,8.358694930333157e-09
0,550,8.430107675973453e-09
0,551,8.498741291351803e-09
0,552,8.568242305472876e-09
0,553,8.639764212816863e-09
0,554,8.71014645241787e-09
0,555,8.783525091056014e-09
0,556,8.854801494522231e-09
0,557,8.926560116683909e-09
0,558,9.000529780963262e-09
0,559,9.072398965431153e-09
0,560,9.148057745716283e-09
0,561,9.222166525781315e-09
0,562,9.295826624491975e-09
0,563,9.372916282097724e-09
0,564,9.44633996597874e-09
0,565,9.524416928668525e-09
0,566,9.600155040448164e-09
0,567,9.67667944875089e-09
0,568,9.75518908637078e-09
0,569,9.831217445185079e-09
0,570,9.911228046075581e-09
0,571,9.98882720376398e-09
0,572,1.006818574702427e-08
0,573,1.0147496744704173e-08
0,574,1.0227041882754468e-08
0,575,1.030755222349872e-08
0,576,1.0388588091980675e-08
0,577,1.046899411583173e-08
0,578,1.0551480042063071e-08
0,579,1.0631635882660723e-08
0,580,1.071570626495871e-08
0,581,1.0795372477875406e-08
0,582,1.0880282447427675e-08
0,583,1.0958551359443247e-08
0,584,1.1042853610025114e-08
0,585,1.111721516376877e-08
0,586,1.1198369314152092e-08
0,587,1.1264737751195859e-08
0,588,1.1343037795041289e-08
0,589,1.1410828496090947e-08
0,590,1.1505474241905648e-08
0,591,1.1601018999538655e-08
0,592,1.1704832749304945e-08
0,593,1.1802597461403642e-08
0,594,1.1870389760268674e-08
0,595,1.1960906228134047e-08
0,596,1.203031549543039e-08
0,597,1.21354881230959e-08
0,598,1.2231703004972202e-08
0,599,1.2315720924771051e-08
0,600,1.2412413231837939e-08
0,601,1.2482283641097645e-08
0,602,1.2586542638900634e-08
0,603,1.2677017418448778e-08
0,604,1.2768625112773285e-08
0,605,1.2865643762538752e-08
0,606,1.2944246610287462e-08
0,607,1.3045045521653985e-08
0,608,1.3134457889687578e-08
0,609,1.3229699207815795e-08
0,610,1.3326657559364513e-08
0,611,1.341470096906965e-08
0,612,1.3515365284190083e-08
0,613,1.3607804801119937e-08
0,614,1.370598448851972e-08
0,615,1.3801111752015678e-08
0,616,1.3894643915529828e-08
0,617,1.3995884258061777e-08
0,618,1.4090803843630357e-08
0,619,1.4193667125929632e-08
0,620,1.4287219149575304e-08
0,621,1.4386423101173706e-08
0,622,1.448284811984017e-08
0,623,1.4582146111823501e-08
0,624,1.4681942291067467e-08
0,625,1.4780845974589704e-08
0,626,1.4878012923496917e-08
0,627,1.4978430464906383e-08
0,628,1.507115670732854e-08
0,629,1.5173718635095543e-08
0,630,1.5264466921333116e-08
0,631,1.5370313394058933e-08
0,632,1.546896562146403e-08
0,633,1.5580034352870656e-08
0,634,1.5686721980139497e-08
0,635,1.5794713146247433e-08
0,636,1.5897895522780444e-08
0,637,1.5999350520144208e-08
0,638,1.6099568710610406e-08
0,639,1.6199078810749924e-08
0,640,1.630629079469602e-08
0,641,1.6407068884775105e-08
0,642,1.6522061024343747e-08
0,643,1.66233494182255e-08
0,644,1.673597432931135e-08
0,645,1.6838646298470666e-08
0,646,1.6943123034870746e-08
0,647,1.7051577465779007e-08
0,648,1.7151801847286607e-08
0,649,1.7264682267877208e-08
0,650,1.73641864402422e-08
0,651,1.7478515470723027e-08
0,652,1.7579444059616095e-08
0,653,1.7694087107929773e-08
0,654,1.7794300770706127e-08
0,655,1.7907128108039622e-08
0,656,1.8003982052569844e-08
0,657,1.8113237781605847e-08
0,658,1.820787021859726e-08
0,659,1.831644630363967e-08
0,660,1.8416254227324266e-08
0,661,1.8529129905474447e-08
0,662,1.8638018239094574e-08
0,663,1.8749544891414197e-08
0,664,1.8864770568131755e-08
0,665,1.896463696477928e-08
0,666,1.908529369081129e-08
0,667,1.9175141028000725e-08
0,668,1.9304628263362244e-08
0,669,1.9397888501962547e-08
0,670,1.9529467653881648e-08
0,671,1.963547794426052e-08
0,672,1.9750618766447315e-08
0,673,1.986935768219237e-08
0,674,1.9968458986609744e-08
0,675,2.0096490207050935e-08
0,676,2.0194945108262215e-08
0,677,2.0316137748395466e-08
0,678,2.0422371716091816e-08
0,679,2.0531779858675032e-08
0,680,2.064778163904186e-08
0,681,2.0758563836938442e-08
0,682,2.087646501137082e-08
0,683,2.0993313525432277e-08
0,684,2.110352051068758e-08
0,685,2.1224326719097938e-08
0,686,2.133247985820108e-08
0,687,2.145249861987074e-08
0,688,2.1566437933781558e-08
0,689,2.1679726705404626e-08
0,690,2.1800254302599395e-08
0,691,2.1908411194709315e-08
0,692,2.2032937107045906e-08
0,693,2.2140602006532753e-08
0,694,2.2263753591206906e-08
0,695,2.2374055649828546e-08
0,696,2.249372699192063e-08
0,697,2.2606399204162732e-08
0,698,2.2723661092543346e-08
0,699,2.283576574346301e-08
0,700,2.2950951012706483e-08
0,701,2.3058651620417193e-08
0,702,2.3165569196100775e-08
0,703,2.3259922023489394e-08
0,704,2.334051939865912e-08
0,705,2.341710341852186e-08
0,706,2.3485170864877575e-08
0,707,2.361759923098007e-08
0,708,2.375908012972342e-08
0,709,2.3920632191520355e-08
0,710,2.401815129851081e-08
0,711,2.412413129551493e-08
0,712,2.425499355107449e-08
0,713,2.4385448416199165e-08
0,714,2.4517408119401716e-08
0,715,2.459395231863674e-08
0,716,2.4692702958759845e-08
0,717,2.483454833654097e-08
0,718,2.4960417094204222e-08
0,719,2.509935746846648e-08
0,720,2.518418050958568e-08
0,721,2.529890803601691e-08
0,722,2.543666392700603e-08
0,723,2.553943973773633e-08
0,724,2.5662447357819644e-08
0,725,2.5763053447211328e-08
0,726,2.588611562120872e-08
0,727,2.6027496528983303e-08
0,728,2.6148769413805026e-08
0,729,2.62653276401799e-08
0,730,2.638550293958727e-08
0,731,2.649788913118497e-08
0,732,2.6628369144242608e-08
0,733,2.6752145213540987e-08
0,734,2.6861639521513434e-08
0,735,2.699774580891544e-08
0,736,2.710750677780494e-08
0,737,2.7232973606569506e-08
0,738,2.7357670129109205e-08
0,739,2.7473624667411115e-08
0,740,2.7604031792084617e-08
0,741,2.7723776313516416e-08
0,742,2.7841508064051448e-08
0,743,2.7972318794809107e-08
0,744,2.8092067958605536e-08
0,745,2.8215472108664533e-08
0,746,2.8345828894711415e-08
0,747,2.84586436149005e-08
0,748,2.8593484298145806e-08
0,749,2.871224890908677e-08
0,750,2.8836853263804022e-08
0,751,2.896021402370452e-08
0,752,2.908146481023569e-08
0,753,2.9203550743004483e-08
0,754,2.9331883599949314e-08
0,755,2.9444297977214137e-08
0,756,2.9574263771347286e-08
0,757,2.9684662228069248e-08
0,758,2.981354953263204e-08
0,759,2.992675917993306e-08
0,760,3.005113372083145e-08
0,761,3.015850242375521e-08
0,762,3.028407996703814e-08
0,763,3.038683566054753e-08
0,764,3.051914120293222e-08
0,765,3.061999451244273e-08
0,766,3.0755907169655446e-08
0,767,3.0865730418900984e-08
0,768,3.100404035119469e-08
0,769,3.1125031879369935e-08
0,770,3.1254230126099426e-08
0,771,3.1375218746958736e-08
0,772,3.149173714234371e-08
0,773,3.1613672201235615e-08
0,774,3.172638632794154e-08
0,775,3.185071423461055e-08
0,776,3.196161657925349e-08
0,777,3.2087108076212646e-08
0,778,3.22007426758698e-08
0,779,3.232681538731836e-08
0,780,3.244392217167816e-08
0,781,3.2567841084485855e-08
0,782,3.2687611127243314e-08
0,783,3.2810415764028315e-08
0,784,3.2933137838359676e-08
0,785,3.305448259642162e-08
0,786,3.317778775167163e-08
0,787,3.3297879150349946e-08
0,788,3.3421083153823786e-08
0,789,3.354266682396018e-08
0,790,3.3663660831367364e-08
0,791,3.378700182235175e-08
0,792,3.390491811470439e-08
0,793,3.403017462341833e-08
0,794,3.4148217015874544e-08
0,795,3.427320374906399e-08
0,796,3.4392110390548174e-08
0,797,3.4515030450499315e-08
0,798,3.463532436574904e-08
0,799,3.4757039497383875e-08
0,800,3.487733693127599e-08
1,1,1.4946927754493483e-21
1,2,7.872618431254205e-21
1,3,3.512207018763269e-20
1,4,1.3573422554886727e-19
1,5,4.603223799448385e-19
1,6,1.383240531813129e-18
1,7,3.714633069472471e-18
1,8,8.990031246487627e-18
1,9,1.976886873508435e-17
1,10,3.980843413399001e-17
1,11,7.395780222102984e-17
1,12,1.2768599406790448e-16
1,13,2.0631194607814686e-16
1,14,3.1415686367482164e-16
1,15,4.539005529918341e-16
1,16,6.263916311037621e-16
1,17,8.310341320036834e-16
1,18,1.0666154935731626e-15
1,19,1.3322236950825723e-15
1,20,1.6278826262819178e-15
1,21,1.95468472981047e-15
1,22,2.314466815841308e-15
1,23,2.709136182436543e-15
1,24,3.139822119260453e-15
1,25,3.606162417349594e-15
1,26,4.1055300013510445e-15
1,27,4.632629671654646e-15
1,28,5.180638720016285e-15
1,29,5.7431729245440195e-15
1,30,6.3132143969729276e-15
1,31,6.884191501114658e-15
1,32,7.453050066556697e-15
1,33,8.018993361779127e-15
1,34,8.581722519576302e-15
1,35,9.141006328520732e-15
1,36,9.6959761737158e-15
1,37,1.0243392123954205e-14
1,38,1.0778036042152389e-14
1,39,1.1295491295544734e-14
1,40,1.1793528089055114e-14
1,41,1.2272009128441948e-14
1,42,1.2732623034499988e-14
1,43,1.3178104818603028e-14
1,44,1.3612339902137152e-14
1,45,1.4039892448727108e-14
1,46,1.4463939942942495e-14
1,47,1.488683029017548e-14
1,48,1.5311768309626533e-14
1,49,1.5741995778712224e-14
1,50,1.6180257807067775e-14
1,51,1.6629718057736463e-14
1,52,1.7093357775479093e-14
1,53,1.7571836937680612e-14
1,54,1.806659399673185e-14
1,55,1.858003792838044e-14
1,56,1.9114225197637352e-14
1,57,1.9671626503182048e-14
1,58,2.025041618425724e-14
1,59,2.0848440344146585e-14
1,60,2.146379065143726e-14
1,61,2.2095808187225918e-14
1,62,2.27458708968881e-14
1,63,2.341614002240235e-14
1,64,2.4111608544437966e-14
1,65,2.484055952836176e-14
1,66,2.5613577210379782e-14
1,67,2.6442004845766748e-14
1,68,2.7335379622903588e-14
1,69,2.8299662831731476e-14
1,70,2.933871261513906e-14
1,71,3.045586581140447e-14
1,72,3.1654728452965715e-14
1,73,3.2939552121877055e-14
1,74,3.431404085435048e-14
1,75,3.578137607712042e-14
1,76,3.734553975106408e-14
1,77,3.9011712493980455e-14
1,78,4.078582772838181e-14
1,79,4.2673573448759414e-14
1,80,4.4679211636766246e-14
1,81,4.680635043893104e-14
1,82,4.905854251564849e-14
1,83,5.1439604640756614e-14
1,84,5.395420515556068e-14
1,85,5.660825152181413e-14
1,86,5.941150432714398e-14
1,87,6.237907907832392e-14
1,88,6.553077195366931e-14
1,89,6.888744407976687e-14
1,90,7.246688616258855e-14
1,91,7.628274296213995e-14
1,92,8.034521528626173e-14
1,93,8.466310584653909e-14
1,94,8.924535191358598e-14
1,95,9.4102334001234e-14
1,96,9.924598088707671e-14
1,97,1.0468722277553955e-13
1,98,1.104332579607077e-13
1,99,1.164863683784092e-13
1,100,1.2284638820935252e-13
1,101,1.2951380615822023e-13
1,102,1.3649283752118336e-13
1,103,1.4379274487220144e-13
1,104,1.5142744828839015e-13
1,105,1.5941345675119246e-13
1,106,1.67765737822971e-13
1,107,1.764922274626343e-13
1,108,1.8558908398550122e-13
1,109,1.9504221761291644e-13
1,110,2.0483291034310006e-13
1,111,2.1494287553829612e-13
1,112,2.2536781931419262e-13
1,113,2.3607613044288455e-13
1,114,2.4706819045526323e-13
1,115,2.5827650430112864e-13
1,116,2.6968868832921765e-13
1,117,2.8128189729212725e-13
1,118,2.930137697246451e-13
1,119,3.0492002919935645e-13
1,120,3.16885906644973e-13
1,121,3.2890630394377097e-13
1,122,3.4096200643359723e-13
1,123,3.530603242664512e-13
1,124,3.6520774783664273e-13
1,125,3.7746463217083745e-13
1,126,3.896244549101902e-13
1,127,4.0160915549770277e-13
1,128,4.133820985860903e-13
1,129,4.250610700560281e-13
1,130,4.367988144021368e-13
1,131,4.487339635164385e-13
1,132,4.605867210164685e-13
1,133,4.720508894286506e-13
1,134,4.832271292807267e-13
1,135,4.941153632798893e-13
1,136,5.048883869524946e-13
1,137,5.162215423779411e-13
1,138,5.277937384111512e-13
1,139,5.389389748444165e-13
1,140,5.495957540449883e-13
1,141,5.600729077680004e-13
1,142,5.703012226773406e-13
1,143,5.807994360016668e-13
1,144,5.915346770172146e-13
1,145,6.022148077034358e-13
1,146,6.114942964208695e-13
1,147,6.199174119879669e-13
1,148,6.280996825037077e-13
1,149,6.373313069710207e-13
1,150,6.485719058795876e-13
1,151,6.613567176962933e-13
1,152,6.741711567008563e-13
1,153,6.855756846812866e-13
1,154,6.952796182321155e-13
1,155,7.04068617880353e-13
1,156,7.131115660996196e-13
1,157,7.234172586148808e-13
1,158,7.350508890466552e-13
1,159,7.473188464058756e-13
1,160,7.492950868012993e-13
1,161,7.652497011508182e-13
1,162,7.681915816852214e-13
1,163,7.696005171834096e-13
1,164,7.715751174952307e-13
1,165,7.765998188817694e-13
1,166,7.833215684326347e-13
1,167,7.9524301224603e-13
1,168,8.110610432847895e-13
1,169,8.285310680691804e-13
1,170,8.457196680623394e-13
1,171,8.610878596470091e-13
1,172,8.719919879683275e-13
1,173,8.807898357188738e-13
1,174,8.875534727689725e-13
1,175,8.935269803561642e-13
1,176,8.992814846040596e-13
1,177,9.050530124397956e-13
1,178,9.111476978896798e-13
1,179,9.180654673011053e-13
1,180,9.259880242003925e-13
1,181,9.345929524436863e-13
1,182,9.43420251597856e-13
1,183,9.525844438787836e-13
1,184,9.620046919772314e-13
1,185,9.719204052717319e-13
1,186,9.821914370608611e-13
1,187,9.924493389284358e-13
1,188,1.002327255708368e-12
1,189,1.0114611820608116e-12
1,190,1.0196416379070908e-12
1,191,1.0268877462288456e-12
1,192,1.0330800428099524e-12
1,193,1.0384701765687529e-12
1,194,1.0433778611361336e-12
1,195,1.0480683696019561e-12
1,196,1.052845627477414e-12
1,197,1.0578567594458053e-12
1,198,1.0631655834484297e-12
1,199,1.0687391700900959e-12
1,200,1.0744881553953065e-12
1,201,1.0802723418898258e-12
1,202,1.085764973888598e-12
1,203,1.0906915218650127e-12
1,204,1.094957047913669e-12
1,205,1.0986395243879277e-12
1,206,1.1018704028786367e-12
1,207,1.1048699675218233e-12
1,208,1.1078979082789126e-12
1,209,1.1111227278171576e-12
1,210,1.1146240131544348e-12
1,211,1.1184207183861536e-12
1,212,1.1224187108293872e-12
1,213,1.1264653882361232e-12
1,214,1.13042939660725e-12
1,215,1.134236466690199e-12
1,216,1.137876001696449e-12
1,217,1.1413992557956274e-12
1,218,1.1449199413076655e-12
1,219,1.1485252801136237e-12
1,220,1.1522521434919119e-12
1,221,1.1560493679536385e-12
1,222,1.1597765027898422e-12
1,223,1.1633068274172926e-12
1,224,1.1665713989691398e-12
1,225,1.169533699739108e-12
1,226,1.172239079133587e-12
1,227,1.1747980768161822e-12
1,228,1.1773326632359598e-12
1,229,1.1799672774479002e-12
1,230,1.1828007059431343e-12
1,231,1.1858524415138663e-12
1,232,1.1890762475621451e-12
1,233,1.1923840434896889e-12
1,234,1.1956574902268192e-12
1,235,1.1988038024782732e-12
1,236,1.2017462976173403e-12
1,237,1.204456809190219e-12
1,238,1.2069514333200407e-12
1,239,1.2093248661788928e-12
1,240,1.2115835235026312e-12
1,241,1.2138598243688159e-12
1,242,1.216117468642536e-12
1,243,1.2183824586891988e-12
1,244,1.220664546118476e-12
1,245,1.2229055926294623e-12
1,246,1.2252307622492317e-12
1,247,1.2274084573961993e-12
1,248,1.2291511121955892e-12
1,249,1.2312832655450177e-12
1,250,1.2336889834371754e-12
1,251,1.235685902916223e-12
1,252,1.2379435138450858e-12
1,253,1.239949584218099e-12
1,254,1.2416963989336515e-12
1,255,1.2436547710509981e-12
1,256,1.2456539301868062e-12
1,257,1.2474748734629943e-12
1,258,1.2495821305966025e-12
1,259,1.2513343277946064e-12
1,260,1.2531573686137492e-12
1,261,1.2549227314941348e-12
1,262,1.2566615418726355e-12
1,263,1.2584109164077313e-12
1,264,1.2600666729130871e-12
1,265,1.2617534913067687e-12
1,266,1.2625488944190337e-12
1,267,1.2588842783936028e-12
1,268,1.2656962602610477e-12
1,269,1.263547217062838e-12
1,270,1.2685231100775144e-12
1,271,1.2658396644673796e-12
1,272,1.2669687797983359e-12
1,273,1.271838614440271e-12
1,274,1.2731118983264687e-12
1,275,1.2764029324122501e-12
1,276,1.2797463131617273e-12
1,277,1.2798725162139823e-12
1,278,1.281736465482631e-12
1,279,1.2818396901671093e-12
1,280,1.2816320726847138e-12
1,281,1.2822656548757663e-12
1,282,1.2820529992109005e-12
1,283,1.282333617304987e-12
1,284,1.2834366896777036e-12
1,285,1.2845212441398698e-12
1,286,1.286124558811377e-12
1,287,1.2875693515030322e-12
1,288,1.288695130632604e-12
1,289,1.289960378535237e-12
1,290,1.2909675804409446e-12
1,291,1.2921668470672381e-12
1,292,1.2934432750106904e-12
1,293,1.2947170530300743e-12
1,294,1.2955690447896307e-12
1,295,1.295999969310551e-12
1,296,1.2961585128338265e-12
1,297,1.296227926038181e-12
1,298,1.2965983197369614e-12
1,299,1.2971003042305504e-12
1,300,1.2976639225294653e-12
1,301,1.298372382038258e-12
1,302,1.2992145966271766e-12
1,303,1.3000223127613237e-12
1,304,1.3010237408013541e-12
1,305,1.3018135850419429e-12
1,306,1.30247198373615e-12
1,307,1.3029723175173476e-12
1,308,1.3034023403588687e-12
1,309,1.3037536679680908e-12
1,310,1.3043628141656616e-12
1,311,1.3047537497041418e-12
1,312,1.3049984287423762e-12
1,313,1.3051102092962247e-12
1,314,1.3051088509063614e-12
1,315,1.3053906142975924e-12
1,316,1.3057276807188127e-12
1,317,1.3061301230821204e-12
1,318,1.3066284297237263e-12
1,319,1.3070399128007383e-12
1,320,1.307461357759565e-12
1,321,1.3077592089853938e-12
1,322,1.3079561794898536e-12
1,323,1.3082237269471514e-12
1,324,1.3084020684056842e-12
1,325,1.3085369151416956e-12
1,326,1.308634120550936e-12
1,327,1.3086889052812705e-12
1,328,1.3088145535207773e-12
1,329,1.3088929362601818e-12
1,330,1.3089226364084913e-12
1,331,1.3089588920467302e-12
1,332,1.3089690312856993e-12
1,333,1.3090298503044055e-12
1,334,1.3091048852764878e-12
1,335,1.3091878326567525e-12
1,336,1.3092961415637569e-12
1,337,1.3093337498865375e-12
1,338,1.309328657131953e-12
1,339,1.3092802114095645e-12
1,340,1.3091961281825545e-12
1,341,1.3091260707590267e-12
1,342,1.3090147056981819e-12
1,343,1.3088880425159644e-12
1,344,1.3087554184072794e-12
1,345,1.3085992801346977e-12
1,346,1.3084662234617737e-12
1,347,1.308321910145484e-12
1,348,1.3081791515951806e-12
1,349,1.3080380226426292e-12
1,350,1.3078683222579841e-12
1,351,1.3077050895552535e-12
1,352,1.3075205752987354e-12
1,353,1.3073194254670226e-12
1,354,1.3071036005379493e-12
1,355,1.3068521617530497e-12
1,356,1.3065974104772902e-12
1,357,1.3063197897203369e-12
1,358,1.3060331423643023e-12
1,359,1.3057455527462518e-12
1,360,1.3054480754073355e-12
1,361,1.3051606848779252e-12
1,362,1.304859977752119e-12
1,363,1.304556414204383e-12
1,364,1.3042445446566868e-12
1,365,1.303918675986694e-12
1,366,1.3035906476183837e-12
1,367,1.3032442552977714e-12
1,368,1.3028928744378871e-12
1,369,1.3025244055252154e-12
1,370,1.3021447350002671e-12
1,371,1.3017622883393763e-12
1,372,1.301372133389563e-12
1,373,1.3009827328361054e-12
1,374,1.3005760790499224e-12
1,375,1.300161026449041e-12
1,376,1.299735576738232e-12
1,377,1.2993059982122013e-12
1,378,1.2988769386187754e-12
1,379,1.2984407665050707e-12
1,380,1.2980042199757128e-12
1,381,1.2975562634657593e-12
1,382,1.2971040355755404e-12
1,383,1.2966414700158564e-12
1,384,1.2961718650052633e-12
1,385,1.295693999973209e-12
1,386,1.2952058475896255e-12
1,387,1.2947137745355862e-12
1,388,1.2942144046253061e-12
1,389,1.2937146453391297e-12
1,390,1.2932068594925746e-12
1,391,1.2926965343528766e-12
1,392,1.2921792685643353e-12
1,393,1.291659067237654e-12
1,394,1.2911335296596184e-12
1,395,1.2906037435230572e-12
1,396,1.2900711930896007e-12
1,397,1.2895344621161638e-12
1,398,1.2889952763477575e-12
1,399,1.2884486285813387e-12
1,400,1.2878979207976014e-12
1,401,1.2873391198795437e-12
1,402,1.2867785708330048e-12
1,403,1.286212345536204e-12
1,404,1.2856461448008e-12
1,405,1.2850737019308799e-12
1,406,1.2845005842651004e-12
1,407,1.2839210794629095e-12
1,408,1.2833426697730487e-12
1,409,1.2827580017075927e-12
1,410,1.2821745346095678e-12
1,411,1.281582589252757e-12
1,412,1.2809930367497293e-12
1,413,1.280393646353785e-12
1,414,1.2797996383041622e-12
1,415,1.2791924875723035e-12
1,416,1.2785946770851264e-12
1,417,1.2779775212383838e-12
1,418,1.2773769801627806e-12
1,419,1.276746682725282e-12
1,420,1.2761455141351436e-12
1,421,1.2754943099754217e-12
1,422,1.2748915077888733e-12
1,423,1.2742045721544726e-12
1,424,1.273601743537963e-12
1,425,1.2728872779286872e-12
1,426,1.272321986475287e-12
1,427,1.271663557898102e-12
1,428,1.2711241456072342e-12
1,429,1.2704991068151457e-12
1,430,1.2698395291212136e-12
1,431,1.2692107963344348e-12
1,432,1.2685196870265677e-12
1,433,1.2679452243236853e-12
1,434,1.2673054763805897e-12
1,435,1.2666723360241479e-12
1,436,1.266035705054471e-12
1,437,1.2653525156767541e-12
1,438,1.2647554732207185e-12
1,439,1.2641070610426837e-12
1,440,1.263474662608605e-12
1,441,1.262831677472223e-12
1,442,1.2621513734677057e-12
1,443,1.2615334465860297e-12
1,444,1.2608757992288934e-12
1,445,1.2602383123130755e-12
1,446,1.2595927172845787e-12
1,447,1.2589189008631751e-12
1,448,1.2582887370867184e-12
1,449,1.2576241970515083e-12
1,450,1.2569782494743857e-12
1,451,1.2563241582908293e-12
1,452,1.2556512734731875e-12
1,453,1.2550115181278255e-12
1,454,1.2543456638440313e-12
1,455,1.2536998770454988e-12
1,456,1.2530451161096573e-12
1,457,1.2523781543316701e-12
1,458,1.2517325806787393e-12
1,459,1.2510650724008069e-12
1,460,1.2504170056476499e-12
1,461,1.2497586613264855e-12
1,462,1.2490960987883038e-12
1,463,1.248446394784536e-12
1,464,1.2477798165007807e-12
1,465,1.247130795002352e-12
1,466,1.2464694836078993e-12
1,467,1.2458101659517661e-12
1,468,1.2451555661397936e-12
1,469,1.244489990689185e-12
1,470,1.24383907827045e-12
1,471,1.2431763651325632e-12
1,472,1.2425211130596174e-12
1,473,1.2418638017812356e-12
1,474,1.241201691294906e-12
1,475,1.2405484037350863e-12
1,476,1.2398851981289297e-12
1,477,1.2392317755011145e-12
1,478,1.2385722527165087e-12
1,479,1.2379146799228388e-12
1,480,1.2372594569639532e-12
1,481,1.23659866629341e-12
1,482,1.235945560015385e-12
1,483,1.235285214878568e-12
1,484,1.2346309497620853e-12
1,485,1.2339735875960857e-12
1,486,1.2333166147143155e-12
1,487,1.2326623561187261e-12
1,488,1.2320036701778178e-12
1,489,1.2313506285747216e-12
1,490,1.2306923133357834e-12
1,491,1.2300383723214631e-12
1,492,1.2293820246287095e-12
1,493,1.2287264359462177e-12
1,494,1.228072471499154e-12
1,495,1.2274159943357135e-12
1,496,1.2267635262783435e-12
1,497,1.2261073096439428e-12
1,498,1.225454900965421e-12
1,499,1.2247999308528224e-12
1,500,1.2241468292989483e-12
1,501,1.2234936525618805e-12
1,502,1.222840023270602e-12
1,503,1.2221884988477297e-12
1,504,1.2215348933651267e-12
1,505,1.2208842806030852e-12
1,506,1.2202312008007834e-12
1,507,1.21958071711536e-12
1,508,1.2189286010900111e-12
1,509,1.2182779467580073e-12
1,510,1.2176270715480853e-12
1,511,1.2169763140402778e-12
1,512,1.2163266161053576e-12
1,513,1.2156759289621378e-12
1,514,1.2150270503659675e-12
1,515,1.214376605570245e-12
1,516,1.2137281925064671e-12
1,517,1.2130782549009475e-12
1,518,1.2124301398920421e-12
1,519,1.2117809210107614e-12
1,520,1.211133016343389e-12
1,521,1.2104845808844653e-12
1,522,1.209836836501013e-12
1,523,1.209189136408637e-12
1,524,1.2085415574495725e-12
1,525,1.2078945358533851e-12
1,526,1.2072472045269736e-12
1,527,1.2066008184594534e-12
1,528,1.2059537881208698e-12
1,529,1.2053079540042978e-12
1,530,1.204661226517535e-12
1,531,1.2040158684545384e-12
1,532,1.2033694294009242e-12
1,533,1.2027245195001695e-12
1,534,1.2020783649490957e-12
1,535,1.2014339241950441e-12
1,536,1.2007880173812167e-12
1,537,1.2001440659759182e-12
1,538,1.1994983203490788e-12
1,539,1.1988549040917683e-12
1,540,1.198209198501981e-12
1,541,1.1975664211678942e-12
1,542,1.1969205892877486e-12
1,543,1.1962786271247673e-12
1,544,1.195632394364222e-12
1,545,1.1949915078029973e-12
1,546,1.194344401607908e-12
1,547,1.1937050094536167e-12
1,548,1.1930562342599218e-12
1,549,1.1924189985783983e-12
1,550,1.1917671073161712e-12
1,551,1.1911329539719966e-12
1,552,1.190475141315319e-12
1,553,1.1898450763411579e-12
1,554,1.1891758013823335e-12
1,555,1.1885502370949115e-12
1,556,1.187859664274817e-12
1,557,1.1872384417035485e-12
1,558,1.1865186967185078e-12
1,559,1.1859118699414135e-12
1,560,1.1851932918803228e-12
1,561,1.1846296112984074e-12
1,562,1.1839704410520193e-12
1,563,1.183390234278715e-12
1,564,1.1827513159023616e-12
1,565,1.1820736660363368e-12
1,566,1.1814515076268097e-12
1,567,1.1807601664617838e-12
1,568,1.1801752234093095e-12
1,569,1.1795275955473416e-12
1,570,1.1788997040667398e-12
1,571,1.1782693057796808e-12
1,572,1.1775940465127474e-12
1,573,1.1769903835094944e-12
1,574,1.176332589046379e-12
1,575,1.1757148000995432e-12
1,576,1.17507382442317e-12
1,577,1.1744118049033018e-12
1,578,1.1737923733293443e-12
1,579,1.1731329793988748e-12
1,580,1.1725179777300995e-12
1,581,1.171873341775858e-12
1,582,1.1712233697874352e-12
1,583,1.1705902625044636e-12
1,584,1.1699277217068843e-12
1,585,1.169305855390158e-12
1,586,1.1686582323061864e-12
1,587,1.168022066150926e-12
1,588,1.1673886065353983e-12
1,589,1.1667357139977445e-12
1,590,1.166111220054356e-12
1,591,1.1654616134684377e-12
1,592,1.164829980330902e-12
1,593,1.164191960838801e-12
1,594,1.1635464472854877e-12
1,595,1.1629188203034425e-12
1,596,1.162271467221187e-12
1,597,1.1616428756210062e-12
1,598,1.1610018607210454e-12
1,599,1.1603621046247328e-12
1,600,1.1597288347075559e-12
1,601,1.1590835139798943e-12
1,602,1.1584544533375578e-12
1,603,1.15781259862636e-12
1,604,1.1571791185104947e-12
1,605,1.1565430653517928e-12
1,606,1.1559023972444196e-12
1,607,1.1552711124792078e-12
1,608,1.154629244238711e-12
1,609,1.1539985436207467e-12
1,610,1.1533609040035055e-12
1,611,1.1527259657467955e-12
1,612,1.1520931976776383e-12
1,613,1.1514543354387125e-12
1,614,1.1508239444400213e-12
1,615,1.150185733742519e-12
1,616,1.149554262797478e-12
1,617,1.1489198553719733e-12
1,618,1.1482853844103719e-12
1,619,1.14765429707515e-12
1,620,1.1470179270271809e-12
1,621,1.146387677337926e-12
1,622,1.1457521942915855e-12
1,623,1.145120782157397e-12
1,624,1.1444882042640695e-12
1,625,1.1438552779326134e-12
1,626,1.1432254199341046e-12
1,627,1.1425919419299195e-12
1,628,1.1419629933234975e-12
1,629,1.1413304771466276e-12
1,630,1.1407009848529323e-12
1,631,1.1400707928427322e-12
1,632,1.1394406609099036e-12
1,633,1.1388128861012264e-12
1,634,1.138182786790979e-12
1,635,1.1375561439540903e-12
1,636,1.1369269323655045e-12
1,637,1.1363001572036878e-12
1,638,1.1356726425961825e-12
1,639,1.1350455773875164e-12
1,640,1.134419994206443e-12
1,641,1.1337932077062565e-12
1,642,1.1331689401722553e-12
1,643,1.1325429955830133e-12
1,644,1.1319191731185686e-12
1,645,1.131294505523457e-12
1,646,1.1306708216122256e-12
1,647,1.1300477383747697e-12
1,648,1.1294244498941546e-12
1,649,1.1288028469961655e-12
1,650,1.1281803427570417e-12
1,651,1.127559757795116e-12
1,652,1.1269384123575021e-12
1,653,1.1263184898787868e-12
1,654,1.1256986184610683e-12
1,655,1.12507933014493e-12
1,656,1.1244609910634163e-12
1,657,1.1238424973886544e-12
1,658,1.123225454977694e-12
1,659,1.1226079741756748e-12
1,660,1.1219919428738245e-12
1,661,1.121375726211031e-12
1,662,1.1207605918192782e-12
1,663,1.1201458121292034e-12
1,664,1.1195315895858652e-12
1,665,1.1189182195496757e-12
1,666,1.1183049777373295e-12
1,667,1.1176928833398069e-12
1,668,1.1170807673701405e-12
1,669,1.116469850492789e-12
1,670,1.1158590322440995e-12
1,671,1.1152492312365947e-12
1,672,1.1146398025489087e-12
1,673,1.1140310778367144e-12
1,674,1.1134230401322362e-12
1,675,1.112815423047573e-12
1,676,1.1122087481440047e-12
1,677,1.1116023489383072e-12
1,678,1.1109969960315205e-12
1,679,1.110391914144701e-12
1,680,1.1097878120335863e-12
1,681,1.109184086466565e-12
1,682,1.1085811850577642e-12
1,683,1.107978838760448e-12
1,684,1.1073771568939967e-12
1,685,1.1067762111578107e-12
1,686,1.1061757991716453e-12
1,687,1.1055762408905661e-12
1,688,1.1049771359402766e-12
1,689,1.1043789268718487e-12
1,690,1.1037811618314771e-12
1,691,1.1031842800528366e-12
1,692,1.1025878995208403e-12
1,693,1.1019923474562524e-12
1,694,1.1013973830797221e-12
1,695,1.1008031604461822e-12
1,696,1.100209614440232e-12
1,697,1.0996167249811562e-12
1,698,1.0990245932614137e-12
1,699,1.098433062870271e-12
1,700,1.0978423468142462e-12
1,701,1.0972522071559613e-12
1,702,1.0966629004322771e-12
1,703,1.0960741699522642e-12
1,704,1.0954862619070848e-12
1,705,1.0948989536566665e-12
1,706,1.0943124448403016e-12
1,707,1.0937265774835289e-12
1,708,1.0931414805519811e-12
1,709,1.092557069368622e-12
1,710,1.0919733953680184e-12
1,711,1.0913904463018719e-12
1,712,1.0908082061471855e-12
1,713,1.0902267269078172e-12
1,714,1.0896459405564832e-12
1,715,1.089065945552333e-12
1,716,1.0884866364866095e-12
1,717,1.0879081382464682e-12
1,718,1.0873303265638794e-12
1,719,1.0867533359430089e-12
1,720,1.0861770422148936e-12
1,721,1.0856015758920447e-12
1,722,1.0850268257772635e-12
1,723,1.0844529065545222e-12
1,724,1.0838797256496143e-12
1,725,1.0833073756968908e-12
1,726,1.0827357861399683e-12
1,727,1.0821650273336544e-12
1,728,1.0815950523711915e-12
1,729,1.0810259107435647e-12
1,730,1.0804575767125812e-12
1,731,1.0798900801795576e-12
1,732,1.079323413269006e-12
1,733,1.078757589159779e-12
1,734,1.0781926155864136e-12
1,735,1.077628492493509e-12
1,736,1.0770652414102874e-12
1,737,1.076502851273725e-12
1,738,1.07594135450038e-12
1,739,1.0753807305189361e-12
1,740,1.0748210201455668e-12
1,741,1.0742621954044367e-12
1,742,1.0737043043741315e-12
1,743,1.0731473136798837e-12
1,744,1.0725912776870685e-12
1,745,1.0720361581256778e-12
1,746,1.0714820148626655e-12
1,747,1.0709288048975287e-12
1,748,1.0703765937359795e-12
1,749,1.0698253336970206e-12
1,750,1.0692750968776311e-12
1,751,1.0687258301373902e-12
1,752,1.06817761329481e-12
1,753,1.0676303860757858e-12
1,754,1.0670842377983801e-12
1,755,1.0665390992012556e-12
1,756,1.065995071771741e-12
1,757,1.0654520751445412e-12
1,758,1.064910226152746e-12
1,759,1.0643694300275504e-12
1,760,1.0638298226021664e-12
1,761,1.063291290415299e-12
1,762,1.0627539932429934e-12
1,763,1.062217793849925e-12
1,764,1.0616828824887995e-12
1,765,1.0611490916384794e-12
1,766,1.0606166500465631e-12
1,767,1.0600853511743464e-12
1,768,1.059555472460745e-12
1,769,1.0590267571511799e-12
1,770,1.0584995447405487e-12
1,771,1.0579735140760571e-12
1,772,1.057449083915953e-12
1,773,1.056925850250803e-12
1,774,1.0564043328429094e-12
1,775,1.055884020884745e-12
1,776,1.0553655629997474e-12
1,777,1.054848311002062e-12
1,778,1.0543330781710938e-12
1,779,1.0538190399465968e-12
1,780,1.0533072196868078e-12
1,781,1.0527965667079081e-12
1,782,1.0522883716703474e-12
1,783,1.0517812948765143e-12
1,784,1.0512769660703428e-12
1,785,1.0507736779266386e-12
1,786,1.0502734885136803e-12
1,787,1.049774225587346e-12
1,788,1.049278484888627e-12
1,789,1.0487835104461973e-12
1,790,1.0482925675638515e-12
1,791,1.047802174180255e-12
1,792,1.047316421189216e-12
1,793,1.0468309337666344e-12
1,794,1.046350808148407e-12
1,795,1.0458705872545424e-12
1,796,1.0453965726109792e-12
1,797,1.0449220179824775e-12
1,798,1.0444546421670145e-12
1,799,1.0439861965231641e-12
1,800,1.0435260263205034e-12
2,1,3.723032651667192e-26
2,2,2.4871650808714464e-25
2,3,1.4052214478451875e-24
2,4,6.844005644930047e-24
2,5,2.906145823265462e-23
2,6,1.0853954484281993e-22
2,7,3.5915666988752067e-22
2,8,1.0604203776322985e-21
2,9,2.8130245989320236e-21
2,10,6.750809930831117e-21
2,11,1.4760650944524336e-20
2,12,2.9617038881447564e-20
2,13,5.492724534031012e-20
2,14,9.47873270287716e-20
2,15,1.531944014368693e-19
2,16,2.335500474142432e-19
2,17,3.382871885755055e-19
2,18,4.68798048279093e-19
2,19,6.257087232861104e-19
2,20,8.0942480872513785e-19
2,21,1.0207623162475273e-18
2,22,1.2614317492509492e-18
2,23,1.5342003406105806e-18
2,24,1.8426901026993107e-18
2,25,2.191597971031259e-18
2,26,2.5849563720071423e-18
2,27,3.0243341753495906e-18
2,28,3.509918874269604e-18
2,29,4.041567655423138e-18
2,30,4.616352659502951e-18
2,31,5.229836735103327e-18
2,32,5.877600498442511e-18
2,33,6.5568948442956995e-18
2,34,7.267623688720471e-18
2,35,8.011275072103014e-18
2,36,8.790595294536834e-18
2,37,9.607587253180137e-18
2,38,1.0461015018198961e-17
2,39,1.134486474139568e-17
2,40,1.2249458543921706e-17
2,41,1.3164342909557255e-17
2,42,1.408708712128506e-17
2,43,1.501531311578379e-17
2,44,1.594148123729075e-17
2,45,1.6868546130712408e-17
2,46,1.7802525569073637e-17
2,47,1.875044890930728e-17
2,48,1.9722874531626977e-17
2,49,2.0734851213517145e-17
2,50,2.1807166805808343e-17
2,51,2.2961352368375675e-17
2,52,2.42132902291317e-17
2,53,2.557957792781512e-17
2,54,2.7076087084580143e-17
2,55,2.8712780315363843e-17
2,56,3.0495868168861166e-17
2,57,3.24316561498525e-17
2,58,3.453030230071218e-17
2,59,3.680009087904736e-17
2,60,3.9244365982151555e-17
2,61,4.187184967670586e-17
2,62,4.46967868683917e-17
2,63,4.7736013173623214e-17
2,64,5.100725787182071e-17
2,65,5.453268096235896e-17
2,66,5.83389598707385e-17
2,67,6.244090103839139e-17
2,68,6.684838757384664e-17
2,69,7.156770374250331e-17
2,70,7.659673143871765e-17
2,71,8.194078357006338e-17
2,72,8.761407682107054e-17
2,73,9.364938641420742e-17
2,74,1.0009239125181473e-16
2,75,1.0700173859338687e-16
2,76,1.144130944053175e-16
2,77,1.2237105499810448e-16
2,78,1.3088737335067126e-16
2,79,1.3999299172698535e-16
2,80,1.4968661402529753e-16
2,81,1.5999031114579897e-16
2,82,1.709447188280043e-16
2,83,1.8258726492955935e-16
2,84,1.9494159767860339e-16
2,85,2.0803431387908172e-16
2,86,2.219301171518239e-16
2,87,2.3663036733377867e-16
2,88,2.52178977763591e-16
2,89,2.687142267394368e-16
2,90,2.8627240483673747e-16
2,91,3.0492819305337265e-16
2,92,3.2479917606024525e-16
2,93,3.4585112490580136e-16
2,94,3.6807576465374166e-16
2,95,3.9142902540530343e-16
2,96,4.1602359926911756e-16
2,97,4.4196343800337674e-16
2,98,4.687203973108973e-16
2,99,4.961646284804393e-16
2,100,5.251160896069044e-16
2,101,5.560583339794005e-16
2,102,5.8735397196258e-16
2,103,6.177409810751514e-16
2,104,6.51569198837598e-16
2,105,6.830630098671841e-16
2,106,7.175857304333797e-16
2,107,7.544026087002296e-16
2,108,7.922426926893388e-16
2,109,8.30594445030328e-16
2,110,8.700079302385731e-16
2,111,9.10804087945279e-16
2,112,9.523683922642115e-16
2,113,9.94064502097972e-16
2,114,1.0361075087582237e-15
2,115,1.078961201547777e-15
2,116,1.1227292793139633e-15
2,117,1.1678266201095194e-15
2,118,1.2149356680214398e-15
2,119,1.2639189372114882e-15
2,120,1.3135877852706474e-15
2,121,1.3626909026553404e-15
2,122,1.4107708301768126e-15
2,123,1.4580342091960708e-15
2,124,1.5052287595117868e-15
2,125,1.553394303228104e-15
2,126,1.603617539218021e-15
2,127,1.6563864102818513e-15
2,128,1.704734771151388e-15
2,129,1.7555063862471834e-15
2,130,1.795542856266997e-15
2,131,1.8366124055781515e-15
2,132,1.8812151849715268e-15
2,133,1.924821892814861e-15
2,134,1.966908694949251e-15
2,135,2.0074389217547366e-15
2,136,2.046007349471372e-15
2,137,2.0826892363518406e-15
2,138,2.118222477826591e-15
2,139,2.1550163125406835e-15
2,140,2.196075090749432e-15
2,141,2.2415417235978824e-15
2,142,2.290468134090381e-15
2,143,2.3426070998934743e-15
2,144,2.397521535416709e-15
2,145,2.4538659630735967e-15
2,146,2.509377780117176e-15
2,147,2.56489684111161e-15
2,148,2.618065650226586e-15
2,149,2.669427775752122e-15
2,150,2.719474875454907e-15
2,151,2.7693073244551844e-15
2,152,2.8207457499581217e-15
2,153,2.8769836392874253e-15
2,154,2.9385092145062747e-15
2,155,3.0061689505210977e-15
2,156,3.0786396672464387e-15
2,157,3.1533852862083048e-15
2,158,3.228431035334798e-15
2,159,3.300165372472723e-15
2,160,3.367080961364582e-15
2,161,3.429823001348722e-15
2,162,3.490126057409805e-15
2,163,3.5516301904747456e-15
2,164,3.616804292815844e-15
2,165,3.688538416829562e-15
2,166,3.767277574257651e-15
2,167,3.8532291694582575e-15
2,168,3.943065420638629e-15
2,169,4.033596592006834e-15
2,170,4.1212245450366745e-15
2,171,4.204136295663695e-15
2,172,4.281501377591728e-15
2,173,4.354101411395331e-15
2,174,4.423947222219291e-15
2,175,4.4931536221918676e-15
2,176,4.563941300282839e-15
2,177,4.637147830240014e-15
2,178,4.713444407017673e-15
2,179,4.7926570854931104e-15
2,180,4.873949378252344e-15
2,181,4.955509432533294e-15
2,182,5.034780210656559e-15
2,183,5.110013679304334e-15
2,184,5.180342260897278e-15
2,185,5.246007582849347e-15
2,186,5.307852510914714e-15
2,187,5.366813401980224e-15
2,188,5.4241791882905154e-15
2,189,5.481248841876644e-15
2,190,5.538823203899967e-15
2,191,5.596976368156975e-15
2,192,5.654837934613869e-15
2,193,5.7111935005248534e-15
2,194,5.765008895377927e-15
2,195,5.815805496049978e-15
2,196,5.863787200943574e-15
2,197,5.909587066015069e-15
2,198,5.9538391581271415e-15
2,199,5.996465851499207e-15
2,200,6.038894697382597e-15
2,201,6.07974145425854e-15
2,202,6.119993034862386e-15
2,203,6.15945643018287e-15
2,204,6.19885240649825e-15
2,205,6.237355174697604e-15
2,206,6.273581295855606e-15
2,207,6.307769189195847e-15
2,208,6.339396663090318e-15
2,209,6.369000588263199e-15
2,210,6.398340140467337e-15
2,211,6.428564340573545e-15
2,212,6.459830588790854e-15
2,213,6.491873261709103e-15
2,214,6.523338517614953e-15
2,215,6.554627546883134e-15
2,216,6.585013463960168e-15
2,217,6.614434518396551e-15
2,218,6.642686767574889e-15
2,219,6.6698592457424404e-15
2,220,6.695530141741806e-15
2,221,6.7202706866299244e-15
2,222,6.744200899507126e-15
2,223,6.7675453447337485e-15
2,224,6.790599787362656e-15
2,225,6.813167951440155e-15
2,226,6.835385190036602e-15
2,227,6.857063900660157e-15
2,228,6.8780890089689555e-15
2,229,6.898392355319939e-15
2,230,6.917987124463136e-15
2,231,6.9371513970674996e-15
2,232,6.955807050663931e-15
2,233,6.973840159685684e-15
2,234,6.991353107657792e-15
2,235,7.00828784353117e-15
2,236,7.0248371308719356e-15
2,237,7.040896740639365e-15
2,238,7.056726910129311e-15
2,239,7.072119514535134e-15
2,240,7.087092551296043e-15
2,241,7.1016394087335935e-15
2,242,7.115833354735125e-15
2,243,7.129945185152834e-15
2,244,7.1439937965747e-15
2,245,7.158149078505577e-15
2,246,7.172327037384273e-15
2,247,7.186496934974033e-15
2,248,7.200633390586756e-15
2,249,7.214793502873259e-15
2,250,7.228970258507529e-15
2,251,7.242954019712693e-15
2,252,7.256637650502184e-15
2,253,7.269989646172488e-15
2,254,7.283135923826787e-15
2,255,7.29619129900851e-15
2,256,7.30924693383327e-15
2,257,7.322340180202784e-15
2,258,7.335424986547716e-15
2,259,7.348470129149148e-15
2,260,7.361392860856906e-15
2,261,7.374141467703874e-15
2,262,7.386687897517051e-15
2,263,7.39906062238783e-15
2,264,7.411255312967403e-15
2,265,7.423207164045209e-15
2,266,7.434869414064827e-15
2,267,7.446244710590961e-15
2,268,7.457390039114078e-15
2,269,7.46835712022555e-15
2,270,7.479202666576385e-15
2,271,7.4899385709586e-15
2,272,7.500551448292012e-15
2,273,7.511035468605981e-15
2,274,7.521410410700421e-15
2,275,7.531711733844774e-15
2,276,7.541967413461944e-15
2,277,7.552176948230696e-15
2,278,7.562294585344662e-15
2,279,7.572289788790653e-15
2,280,7.582181448197168e-15
2,281,7.592018410971069e-15
2,282,7.601825191687657e-15
2,283,7.611604532814914e-15
2,284,7.621342892297464e-15
2,285,7.63101034590734e-15
2,286,7.640569966418729e-15
2,287,7.649986395341256e-15
2,288,7.659237338846907e-15
2,289,7.66832446976702e-15
2,290,7.677265622185912e-15
2,291,7.686059882845886e-15
2,292,7.694688263443865e-15
2,293,7.703136907586284e-15
2,294,7.711408069890009e-15
2,295,7.719511791222848e-15
2,296,7.7274639893296e-15
2,297,7.735273223724224e-15
2,298,7.742931725595462e-15
2,299,7.750426742965998e-15
2,300,7.757755336327004e-15
2,301,7.764929255974401e-15
2,302,7.771975352799961e-15
2,303,7.778924651049455e-15
2,304,7.785796682485537e-15
2,305,7.79260148726988e-15
2,306,7.79934388023512e-15
2,307,7.806019396535723e-15
2,308,7.812618674650523e-15
2,309,7.81914070962191e-15
2,310,7.825591550851e-15
2,311,7.831975450318316e-15
2,312,7.838288971750148e-15
2,313,7.844522515302973e-15
2,314,7.850671685810208e-15
2,315,7.856746347434305e-15
2,316,7.862760247810672e-15
2,317,7.868718005946826e-15
2,318,7.874614459183874e-15
2,319,7.880439169092823e-15
2,320,7.886182384299339e-15
2,321,7.89184131572228e-15
2,322,7.89741778463369e-15
2,323,7.902913537685125e-15
2,324,7.90833095747093e-15
2,325,7.91367324641977e-15
2,326,7.918943528303683e-15
2,327,7.924145318411128e-15
2,328,7.929280678362775e-15
2,329,7.934350677726489e-15
2,330,7.939359678803417e-15
2,331,7.944314047961317e-15
2,332,7.949217171390376e-15
2,333,7.954068920498686e-15
2,334,7.958867567412937e-15
2,335,7.963612353421472e-15
2,336,7.968305014410039e-15
2,337,7.972946646933142e-15
2,338,7.977535054058617e-15
2,339,7.982066452440772e-15
2,340,7.986536960397188e-15
2,341,7.990943712867874e-15
2,342,7.995286136266887e-15
2,343,7.999564441995388e-15
2,344,8.003775154526674e-15
2,345,8.007884050299576e-15
2,346,8.011518172212185e-15
2,347,8.015124356780322e-15
2,348,8.018277049470573e-15
2,349,8.021392698849415e-15
2,350,8.024680229772363e-15
2,351,8.027966706894587e-15
2,352,8.030845828050727e-15
2,353,8.033334382827737e-15
2,354,8.035702590121652e-15
2,355,8.038319945660772e-15
2,356,8.040840125409924e-15
2,357,8.042781784590354e-15
2,358,8.044341691345848e-15
2,359,8.045895397216735e-15
2,360,8.047833695657649e-15
2,361,8.049863826769853e-15
2,362,8.05187934999935e-15
2,363,8.054027058061846e-15
2,364,8.0563896429363e-15
2,365,8.058644141288452e-15
2,366,8.060527450711776e-15
2,367,8.06209994601654e-15
2,368,8.063761027059944e-15
2,369,8.065844286454295e-15
2,370,8.068171538066546e-15
2,371,8.070409478299282e-15
2,372,8.072416099147506e-15
2,373,8.074225469407582e-15
2,374,8.075907942557593e-15
2,375,8.077436531241091e-15
2,376,8.078864847647845e-15
2,377,8.080408326085627e-15
2,378,8.082162249698003e-15
2,379,8.083914557183087e-15
2,380,8.085383342778133e-15
2,381,8.086531510146747e-15
2,382,8.087608846009272e-15
2,383,8.088856971867515e-15
2,384,8.090217415840828e-15
2,385,8.091549131533276e-15
2,386,8.092774829417032e-15
2,387,8.09387170481612e-15
2,388,8.094830953492907e-15
2,389,8.09564457505545e-15
2,390,8.09638303912678e-15
2,391,8.097155021433068e-15
2,392,8.097948379223122e-15
2,393,8.098626376265931e-15
2,394,8.099096393190119e-15
2,395,8.0994020679148e-15
2,396,8.099696011609328e-15
2,397,8.100046942527544e-15
2,398,8.100384855737105e-15
2,399,8.10062782622445e-15
2,400,8.10075087396263e-15
2,401,8.100782394961479e-15
2,402,8.100753011621434e-15
2,403,8.100672280348074e-15
2,404,8.100548169277813e-15
2,405,8.10037124652851e-15
2,406,8.100117654599126e-15
2,407,8.099810694955067e-15
2,408,8.099504889227488e-15
2,409,8.099234488284955e-15
2,410,8.098979738047046e-15
2,411,8.098684454053828e-15
2,412,8.098326301326695e-15
2,413,8.09792534202746e-15
2,414,8.097508970331265e-15
2,415,8.097093397127585e-15
2,416,8.096671300489235e-15
2,417,8.09622092478713e-15
2,418,8.095713673065954e-15
2,419,8.09512342839417e-15
2,420,8.094464999873502e-15
2,421,8.093784944826071e-15
2,422,8.093109960033024e-15
2,423,8.092423587754156e-15
2,424,8.09169229231874e-15
2,425,8.090913310056264e-15
2,426,8.090109448769493e-15
2,427,8.089289651944157e-15
2,428,8.088449702864212e-15
2,429,8.087586183080911e-15
2,430,8.086697934524433e-15
2,431,8.085777286915107e-15
2,432,8.084808266426246e-15
2,433,8.083790462805539e-15
2,434,8.08274265281478e-15
2,435,8.081679244962179e-15
2,436,8.080596148564496e-15
2,437,8.079477730346671e-15
2,438,8.078318904406987e-15
2,439,8.07712712766095e-15
2,440,8.075905997091283e-15
2,441,8.074656093881125e-15
2,442,8.073379899841072e-15
2,443,8.072079203567502e-15
2,444,8.070750154710223e-15
2,445,8.06938561066955e-15
2,446,8.067987247385628e-15
2,447,8.066563847694122e-15
2,448,8.065120860686174e-15
2,449,8.063658767492075e-15
2,450,8.062175040744706e-15
2,451,8.060668402801113e-15
2,452,8.059138581372402e-15
2,453,8.057584370385296e-15
2,454,8.056006576558978e-15
2,455,8.054407180258531e-15
2,456,8.05278732852858e-15
2,457,8.051146358766657e-15
2,458,8.049482483293353e-15
2,459,8.047795562573452e-15
2,460,8.046085526299831e-15
2,461,8.044352864747687e-15
2,462,8.042600893988233e-15
2,463,8.040832201776002e-15
2,464,8.039045533680171e-15
2,465,8.037237431709926e-15
2,466,8.035407450943971e-15
2,467,8.033558813772052e-15
2,468,8.031692954978649e-15
2,469,8.029808838870931e-15
2,470,8.027906067876932e-15
2,471,8.025986244020736e-15
2,472,8.024051011130138e-15
2,473,8.022099389992739e-15
2,474,8.0201302593465e-15
2,475,8.018144761553873e-15
2,476,8.016144392357202e-15
2,477,8.014128895080706e-15
2,478,8.012097158928814e-15
2,479,8.01005002338124e-15
2,480,8.007989308451636e-15
2,481,8.005915414092022e-15
2,482,8.003828269041314e-15
2,483,8.001728542144028e-15
2,484,7.999617441409543e-15
2,485,7.99749553575837e-15
2,486,7.995362717733678e-15
2,487,7.993219416518923e-15
2,488,7.991066325242801e-15
2,489,7.988903710547882e-15
2,490,7.98673136695871e-15
2,491,7.984549398858658e-15
2,492,7.982358633117603e-15
2,493,7.980159543144306e-15
2,494,7.977952160646731e-15
2,495,7.975736753723867e-15
2,496,7.973513880670001e-15
2,497,7.971284185790393e-15
2,498,7.96904813505362e-15
2,499,7.966805999463547e-15
2,500,7.964557573003774e-15
2,501,7.962302412387991e-15
2,502,7.960040714562397e-15
2,503,7.957773329482714e-15
2,504,7.955501149480624e-15
2,505,7.95322441171768e-15
2,506,7.950942781782167e-15
2,507,7.948656042976381e-15
2,508,7.946364219949055e-15
2,509,7.944067553607546e-15
2,510,7.941766576006391e-15
2,511,7.939462022670049e-15
2,512,7.937154252909753e-15
2,513,7.934842891830081e-15
2,514,7.932527557748066e-15
2,515,7.930208435143808e-15
2,516,7.927886072723788e-15
2,517,7.925560951578312e-15
2,518,7.923233334196264e-15
2,519,7.920903423739208e-15
2,520,7.918571274253184e-15
2,521,7.916236773146725e-15
2,522,7.913899954551553e-15
2,523,7.911561235813396e-15
2,524,7.909221150168959e-15
2,525,7.906879850485244e-15
2,526,7.904537266466388e-15
2,527,7.902193506176949e-15
2,528,7.899848845732665e-15
2,529,7.897503534853657e-15
2,530,7.89515774222976e-15
2,531,7.892811689076127e-15
2,532,7.890465620672422e-15
2,533,7.888119690456516e-15
2,534,7.885773986116856e-15
2,535,7.883428636407901e-15
2,536,7.881083837002727e-15
2,537,7.87873972124413e-15
2,538,7.87639639794367e-15
2,539,7.874054063585865e-15
2,540,7.871712939060346e-15
2,541,7.869373179951087e-15
2,542,7.867034867958765e-15
2,543,7.864698085637612e-15
2,544,7.862362947122563e-15
2,545,7.860029598802014e-15
2,546,7.857698209257026e-15
2,547,7.855368920824808e-15
2,548,7.853041825273741e-15
2,549,7.850716962041608e-15
2,550,7.848394398732258e-15
2,551,7.846074278281307e-15
2,552,7.843756754039583e-15
2,553,7.841441949653847e-15
2,554,7.83912996036672e-15
2,555,7.836820860458752e-15
2,556,7.834514705505155e-15
2,557,7.832211576075849e-15
2,558,7.829911599986813e-15
2,559,7.827614893465769e-15
2,560,7.825321513795105e-15
2,561,7.823031479855801e-15
2,562,7.820744853232435e-15
2,563,7.818461748237593e-15
2,564,7.816182262438853e-15
2,565,7.813906458565793e-15
2,566,7.811634394220028e-15
2,567,7.809366132617078e-15
2,568,7.807101726115256e-15
2,569,7.804841230787494e-15
2,570,7.802584720526542e-15
2,571,7.80033226476476e-15
2,572,7.798083906181036e-15
2,573,7.795839670650182e-15
2,574,7.793599605536208e-15
2,575,7.791363771804934e-15
2,576,7.78913221071523e-15
2,577,7.78690494924287e-15
2,578,7.784682022279318e-15
2,579,7.782463469824105e-15
2,580,7.780249318718848e-15
2,581,7.778039588024226e-15
2,582,7.775834299488217e-15
2,583,7.77363347729348e-15
2,584,7.77143713923931e-15
2,585,7.769245297448693e-15
2,586,7.767057969144607e-15
2,587,7.764875168492702e-15
2,588,7.762696899472622e-15
2,589,7.760523161679477e-15
2,590,7.75835395604177e-15
2,591,7.756189282041786e-15
2,592,7.754029135358152e-15
2,593,7.75187350974949e-15
2,594,7.749722395811068e-15
2,595,7.747575780771689e-15
2,596,7.745433647867673e-15
2,597,7.743295980748572e-15
2,598,7.74116276345789e-15
2,599,7.739033975601532e-15
2,600,7.736909594085521e-15
2,601,7.734789594053994e-15
2,602,7.73267394716974e-15
2,603,7.730562621645899e-15
2,604,7.728455585936219e-15
2,605,7.726352808036356e-15
2,606,7.724254252955977e-15
2,607,7.72215988280363e-15
2,608,7.720069659384276e-15
2,609,7.717983544972041e-15
2,610,7.715901497771268e-15
2,611,7.713823473408255e-15
2,612,7.711749428868777e-15
2,613,7.709679321092675e-15
2,614,7.707613103698063e-15
2,615,7.705550728413046e-15
2,616,7.703492147850336e-15
2,617,7.701437314118218e-15
2,618,7.699386176573082e-15
2,619,7.69733868304461e-15
2,620,7.695294783601039e-15
2,621,7.693254428825221e-15
2,622,7.691217567327999e-15
2,623,7.689184146685421e-15
2,624,7.687154114108461e-15
2,625,7.685127415791449e-15
2,626,7.683103997331335e-15
2,627,7.681083805913163e-15
2,628,7.67906679024465e-15
2,629,7.677052897959232e-15
2,630,7.675042074329877e-15
2,631,7.673034265053017e-15
2,632,7.671029417532608e-15
2,633,7.669027479852573e-15
2,634,7.667028400235532e-15
2,635,7.66503212705362e-15
2,636,7.663038608881967e-15
2,637,7.661047794277319e-15
2,638,7.659059632416852e-15
2,639,7.657074073745851e-15
2,640,7.655091069660702e-15
2,641,7.653110571818153e-15
2,642,7.65113253280189e-15
2,643,7.649156906250926e-15
2,644,7.647183646566917e-15
2,645,7.64521270892027e-15
2,646,7.643244049480105e-15
2,647,7.641277625695771e-15
2,648,7.639313396204271e-15
2,649,7.637351320810708e-15
2,650,7.635391360388417e-15
2,651,7.633433476646325e-15
2,652,7.631477632288385e-15
2,653,7.629523791803025e-15
2,654,7.62757192132018e-15
2,655,7.625621988156556e-15
2,656,7.623673960518576e-15
2,657,7.621727807704678e-15
2,658,7.619783500368519e-15
2,659,7.617841010732551e-15
2,660,7.615900312739988e-15
2,661,7.613961381840794e-15
2,662,7.612024194370605e-15
2,663,7.610088727694551e-15
2,664,7.60815496090534e-15
2,665,7.606222874946224e-15
2,666,7.604292452195875e-15
2,667,7.602363676148438e-15
2,668,7.600436531638653e-15
2,669,7.598511004951581e-15
2,670,7.59658708377644e-15
2,671,7.594664757303027e-15
2,672,7.592744016275876e-15
2,673,7.590824852696815e-15
2,674,7.58890725981593e-15
2,675,7.586991232259371e-15
2,676,7.585076766164555e-15
2,677,7.583163858923993e-15
2,678,7.581252509167216e-15
2,679,7.57934271687044e-15
2,680,7.57743448340745e-15
2,681,7.575527811269045e-15
2,682,7.573622704138726e-15
2,683,7.57171916684823e-15
2,684,7.569817205545944e-15
2,685,7.567916827481291e-15
2,686,7.566018041139966e-15
2,687,7.564120855980753e-15
2,688,7.562225282573048e-15
2,689,7.560331332332528e-15
2,690,7.558439017943891e-15
2,691,7.556548352905581e-15
2,692,7.554659351943992e-15
2,693,7.552772030311716e-15
2,694,7.550886404515612e-15
2,695,7.549002491394698e-15
2,696,7.547120309265799e-15
2,697,7.545239876505222e-15
2,698,7.543361213208675e-15
2,699,7.54148433890018e-15
2,700,7.539609275311973e-15
2,701,7.537736042832982e-15
2,702,7.535864664972036e-15
2,703,7.53399516257886e-15
2,704,7.532127561207756e-15
2,705,7.530261881510048e-15
2,706,7.528398151508944e-15
2,707,7.5265363905e-15
2,708,7.524676630101513e-15
2,709,7.522818886539227e-15
2,710,7.520963197091013e-15
2,711,7.519109571681396e-15
2,712,7.517258057165705e-15
2,713,7.515408651303049e-15
2,714,7.513561418058257e-15
2,715,7.511716332271125e-15
2,716,7.509873489613734e-15
2,717,7.50803282135248e-15
2,718,7.50619448297183e-15
2,719,7.504358322326771e-15
2,720,7.502524610041017e-15
2,721,7.500693032271056e-15
2,722,7.498864084550354e-15
2,723,7.497037135286848e-15
2,724,7.49521312559562e-15
2,725,7.493390790516748e-15
2,726,7.491571965865811e-15
2,727,7.489754105961859e-15
2,728,7.487940866223735e-15
2,729,7.486127072762438e-15
2,730,7.484320125687007e-15
2,731,7.482509372201657e-15
2,732,7.480709994655318e-15
2,733,7.47889971054901e-15
2,734,7.477109959620564e-15
2,735,7.475293194892049e-15
2,736,7.473514614288153e-15
2,737,7.471669967071189e-15
2,738,7.469892175398521e-15
2,739,7.467944603633286e-15
2,740,7.466083566385675e-15
2,741,7.463774531625296e-15
2,742,7.461505023227045e-15
2,743,7.458495021649112e-15
2,744,7.456227698990906e-15
2,745,7.4546914893982e-15
2,746,7.454887681247026e-15
2,747,7.453490855182736e-15
2,748,7.450836633012185e-15
2,749,7.448642604838555e-15
2,750,7.447128752948447e-15
2,751,7.446382992701724e-15
2,752,7.444195592149234e-15
2,753,7.441692219440048e-15
2,754,7.440484272648229e-15
2,755,7.439187315084722e-15
2,756,7.437165063689714e-15
2,757,7.435174102819719e-15
2,758,7.433547109120573e-15
2,759,7.432245408353408e-15
2,760,7.430504140517654e-15
2,761,7.42834775914147e-15
2,762,7.427154629977095e-15
2,763,7.425614890857344e-15
2,764,7.423569338837599e-15
2,765,7.422122720138968e-15
2,766,7.420498379718777e-15
2,767,7.418953487659984e-15
2,768,7.41726039589264e-15
2,769,7.415537316791624e-15
2,770,7.414209447856137e-15
2,771,7.412526598361884e-15
2,772,7.410745796874653e-15
2,773,7.409345285064422e-15
2,774,7.407835179883616e-15
2,775,7.406099849674966e-15
2,776,7.404569333235786e-15
2,777,7.402896593982529e-15
2,778,7.401225960737093e-15
2,779,7.399563640440113e-15
2,780,7.39775282405456e-15
2,781,7.396224134361472e-15
2,782,7.394548232517073e-15
2,783,7.392965522634835e-15
2,784,7.391725416792167e-15
2,785,7.390536253940966e-15
2,786,7.389557806727983e-15
2,787,7.38878361678429e-15
2,788,7.388067818759944e-15
2,789,7.38743759661629e-15
2,790,7.386794014759731e-15
2,791,7.385970521566372e-15
2,792,7.38515548155115e-15
2,793,7.384124370670181e-15
2,794,7.382970948246253e-15
2,795,7.38179032759021e-15
2,796,7.380440661126577e-15
2,797,7.37914416001437e-15
2,798,7.377807451840283e-15
2,799,7.376456205137256e-15
2,800,7.375177622555179e-15
3,1,9.42106120922008e-31
3,2,7.336347676232892e-30
3,3,4.8553021297649537e-29
3,4,2.780919975648142e-28
3,5,1.3940944795525205e-27
3,6,6.168886262931559e-27
3,7,2.420867664104066e-26
3,8,8.462862072651455e-26
3,9,2.647636868388057e-25
3,10,7.4519908334798985e-25
3,11,1.897808994369676e-24
3,12,4.399615950636655e-24
3,13,9.342357788389425e-24
3,14,1.8286849623680143e-23
3,15,3.3211421710533347e-23
3,16,5.633371822524401e-23
3,17,8.983020218924841e-23
3,18,1.3558828676953084e-22
3,19,1.9504308199674287e-22
3,20,2.6907699837660154e-22
3,21,3.5815175613807495e-22
3,22,4.62619200823933e-22
3,23,5.831040356057146e-22
3,24,7.207558717634521e-22
3,25,8.771919760693506e-22
3,26,1.0547780339148825e-21
3,27,1.2563287785458458e-21
3,28,1.4846529414036783e-21
3,29,1.741860457607673e-21
3,30,2.027166464275317e-21
3,31,2.3444495339295745e-21
3,32,2.6998211749734146e-21
3,33,3.0880844647906106e-21
3,34,3.508752045364282e-21
3,35,3.962006661385985e-21
3,36,4.4475835560711735e-21
3,37,4.964714867709322e-21
3,38,5.511692035979908e-21
3,39,6.087237067693945e-21
3,40,6.6906450954033965e-21
3,41,7.320646167807544e-21
3,42,7.977073444853868e-21
3,43,8.66222516231263e-21
3,44,9.376691417595118e-21
3,45,1.0120866313569802e-20
3,46,1.0899024140898067e-20
3,47,1.1717890186348322e-20
3,48,1.2586346196482965e-20
3,49,1.351507218344542e-20
3,50,1.4515609081864157e-20
3,51,1.5600559192729784e-20
3,52,1.6783015374720007e-20
3,53,1.8075779021407326e-20
3,54,1.948979490459003e-20
3,55,2.103360929805644e-20
3,56,2.271289482644169e-20
3,57,2.4529175187430344e-20
3,58,2.6510118511659056e-20
3,59,2.868937524677488e-20
3,60,3.104783918326234e-20
3,61,3.3609598908983235e-20
3,62,3.6409677764914274e-20
3,63,3.9477477341222635e-20
3,64,4.2832354142559194e-20
3,65,4.6492839533150386e-20
3,66,5.047452510030943e-20
3,67,5.48001245073332e-20
3,68,5.950820248145777e-20
3,69,6.463333331731378e-20
3,70,7.020783861761384e-20
3,71,7.627385147965133e-20
3,72,8.289624270386447e-20
3,73,9.016466504809526e-20
3,74,9.816442171371425e-20
3,75,1.0698385627336197e-19
3,76,1.1670023463981602e-19
3,77,1.273927228340827e-19
3,78,1.3914373209753815e-19
3,79,1.5203083677629437e-19
3,80,1.661333516156898e-19
3,81,1.8153719664662999e-19
3,82,1.9836055209657317e-19
3,83,2.1672890679026234e-19
3,84,2.3677772220592866e-19
3,85,2.586336881203021e-19
3,86,2.8243475325384956e-19
3,87,3.0829565458914358e-19
3,88,3.3629367306660216e-19
3,89,3.6652713030484055e-19
3,90,3.990927195897504e-19
3,91,4.34061241992966e-19
3,92,4.715322368351472e-19
3,93,5.116625832380524e-19
3,94,5.545335482274378e-19
3,95,6.002354411350077e-19
3,96,6.488680728967312e-19
3,97,7.004494807586892e-19
3,98,7.552491597566889e-19
3,99,8.129914979622293e-19
3,100,8.736675356290448e-19
3,101,9.376673514289526e-19
3,102,1.0045529838158643e-18
3,103,1.0744074980403842e-18
3,104,1.1475443306846557e-18
3,105,1.2232500350063718e-18
3,106,1.3020066348939968e-18
3,107,1.3834901153024343e-18
3,108,1.4673488635217517e-18
3,109,1.5539483896657849e-18
3,110,1.6425632872171085e-18
3,111,1.7336335376730815e-18
3,112,1.8266366818967677e-18
3,113,1.9213609730255752e-18
3,114,2.0181474369609425e-18
3,115,2.1158927032819583e-18
3,116,2.216005043249483e-18
3,117,2.3165545472870563e-18
3,118,2.4177049490678213e-18
3,119,2.520346218398977e-18
3,120,2.6229093849173886e-18
3,121,2.725740799883846e-18
3,122,2.8289308621518434e-18
3,123,2.93227714945811e-18
3,124,3.0353683024351323e-18
3,125,3.1378617376811946e-18
3,126,3.2407834308231957e-18
3,127,3.3430161181253017e-18
3,128,3.4441847747624446e-18
3,129,3.545411552176296e-18
3,130,3.6459721946337756e-18
3,131,3.745220492689848e-18
3,132,3.8440572486435505e-18
3,133,3.942737449702931e-18
3,134,4.040172812312548e-18
3,135,4.1371903906839774e-18
3,136,4.234236001786173e-18
3,137,4.330111327913764e-18
3,138,4.425568455263219e-18
3,139,4.520780247638436e-18
3,140,4.615693469393939e-18
3,141,4.710281822651307e-18
3,142,4.805035257708584e-18
3,143,4.899832453942853e-18
3,144,4.99407517981023e-18
3,145,5.088441329822624e-18
3,146,5.1827743332888054e-18
3,147,5.276837124433542e-18
3,148,5.371232746872469e-18
3,149,5.466329574116672e-18
3,150,5.56135958216753e-18
3,151,5.656560640966121e-18
3,152,5.752347548076806e-18
3,153,5.847763510423006e-18
3,154,5.943385128396678e-18
3,155,6.039755197482662e-18
3,156,6.135930341355578e-18
3,157,6.232534506655496e-18
3,158,6.3301925254476985e-18
3,159,6.428133050019262e-18
3,160,6.5268782618996514e-18
3,161,6.6268482174247485e-18
3,162,6.727207622457034e-18
3,163,6.828429752026939e-18
3,164,6.9308074897966446e-18
3,165,7.033962874043133e-18
3,166,7.138251786593427e-18
3,167,7.24412424401352e-18
3,168,7.351258920849877e-18
3,169,7.459563363202204e-18
3,170,7.569273976216753e-18
3,171,7.679956355066222e-18
3,172,7.791923018759709e-18
3,173,7.905496266259652e-18
3,174,8.020461682105905e-18
3,175,8.136739687975057e-18
3,176,8.254442478434951e-18
3,177,8.373704942608413e-18
3,178,8.493768150899095e-18
3,179,8.615621319786455e-18
3,180,8.721998709892397e-18
3,181,8.853451575631823e-18
3,182,8.982955603895849e-18
3,183,9.084958368850266e-18
3,184,9.190878797120067e-18
3,185,9.319579261344894e-18
3,186,9.46436022666249e-18
3,187,9.164798963668576e-18
3,188,9.390849047920097e-18
3,189,9.378092414803478e-18
3,190,9.317327057241901e-18
3,191,9.372474684362877e-18
3,192,9.49072660351247e-18
3,193,9.717414266116008e-18
3,194,1.003387196808828e-17
3,195,1.0401123921603191e-17
3,196,1.0847997359878956e-17
3,197,1.0304178952921689e-17
3,198,1.0725951246880031e-17
3,199,1.1146831480514995e-17
3,200,1.2114437652420376e-17
3,201,1.2414663050526931e-17
3,202,1.2613480065939172e-17
3,203,1.2806958441462982e-17
3,204,1.2971892530956276e-17
3,205,1.32773588351408e-17
3,206,1.3632058883500458e-17
3,207,1.4030471134260286e-17
3,208,1.445246663392065e-17
3,209,1.4876627997083577e-17
3,210,1.5315267619383442e-17
3,211,1.5797326595283235e-17
3,212,1.623313739960988e-17
3,213,1.6550670839840004e-17
3,214,1.6789744364575182e-17
3,215,1.697977460202723e-17
3,216,1.7096771508348888e-17
3,217,1.7161181666769075e-17
3,218,1.7204708805026842e-17
3,219,1.724603092932223e-17
3,220,1.731416182597979e-17
3,221,1.7430451858258642e-17
3,222,1.759357463251381e-17
3,223,1.777130560703826e-17
3,224,1.7938522002869367e-17
3,225,1.8103410454620515e-17
3,226,1.825658436457189e-17
3,227,1.838793347326783e-17
3,228,1.850316390908449e-17
3,229,1.8597303997508272e-17
3,230,1.8672870261183228e-17
3,231,1.8743309073832522e-17
3,232,1.8818454536948393e-17
3,233,1.889955704020381e-17
3,234,1.8982371027526887e-17
3,235,1.907109422353766e-17
3,236,1.916771378310206e-17
3,237,1.9268543800287076e-17
3,238,1.9376661271447202e-17
3,239,1.9492865791371035e-17
3,240,1.9617009640349005e-17
3,241,1.974848198189974e-17
3,242,1.9885446866868352e-17
3,243,2.0023177218433428e-17
3,244,2.015356898633116e-17
3,245,2.027639235918289e-17
3,246,2.0394677804100094e-17
3,247,2.051127891218592e-17
3,248,2.0629954784325066e-17
3,249,2.0751924931164006e-17
3,250,2.0877412527778372e-17
3,251,2.1005575249972977e-17
3,252,2.1137253211013093e-17
3,253,2.1270918554641228e-17
3,254,2.140135838568171e-17
3,255,2.152481105939396e-17
3,256,2.163893803589382e-17
3,257,2.1743420998893347e-17
3,258,2.183913699275381e-17
3,259,2.192912324313124e-17
3,260,2.2017241195503186e-17
3,261,2.210672303426506e-17
3,262,2.219936440297457e-17
3,263,2.2293686574332627e-17
3,264,2.2387378345360694e-17
3,265,2.2478900841423984e-17
3,266,2.256763044543285e-17
3,267,2.2652285978048702e-17
3,268,2.273156996216216e-17
3,269,2.2805225066039233e-17
3,270,2.2874017255441607e-17
3,271,2.293962343692146e-17
3,272,2.3003630646683374e-17
3,273,2.306740746797445e-17
3,274,2.3131597649136177e-17
3,275,2.3196027666734066e-17
3,276,2.325960438052457e-17
3,277,2.3321530459150457e-17
3,278,2.3382293554902887e-17
3,279,2.3443419454812832e-17
3,280,2.3506272637461405e-17
3,281,2.35711358122807e-17
3,282,2.363761521693285e-17
3,283,2.3705097020909077e-17
3,284,2.377305940216078e-17
3,285,2.384108517928019e-17
3,286,2.390905466953795e-17
3,287,2.3976945408540412e-17
3,288,2.404458996579986e-17
3,289,2.4111593287088845e-17
3,290,2.4177888578011048e-17
3,291,2.4244122838240782e-17
3,292,2.4311196471904762e-17
3,293,2.4379388449273503e-17
3,294,2.4448050968648578e-17
3,295,2.4516222061926047e-17
3,296,2.4583301720298334e-17
3,297,2.464919421380242e-17
3,298,2.4714088064555347e-17
3,299,2.4778237738853427e-17
3,300,2.4841670454087188e-17
3,301,2.490409955853853e-17
3,302,2.4965161330685856e-17
3,303,2.5024845881520295e-17
3,304,2.508347844615974e-17
3,305,2.514122177402116e-17
3,306,2.519766577458287e-17
3,307,2.525205450514196e-17
3,308,2.530385176710594e-17
3,309,2.5353052660017344e-17
3,310,2.5400079969232713e-17
3,311,2.5445548983441078e-17
3,312,2.5489998836289312e-17
3,313,2.5533696500901724e-17
3,314,2.5576672426027548e-17
3,315,2.5619001654438536e-17
3,316,2.5660955813258867e-17
3,317,2.5702784983708326e-17
3,318,2.5744408753131523e-17
3,319,2.5785441446789414e-17
3,320,2.5825521992305565e-17
3,321,2.5864558990204865e-17
3,322,2.590270643588482e-17
3,323,2.5940208962332333e-17
3,324,2.597725731228394e-17
3,325,2.6013908176989325e-17
3,326,2.6050119774334917e-17
3,327,2.6085899485901814e-17
3,328,2.6121382335159546e-17
3,329,2.6156711951247942e-17
3,330,2.619187554520896e-17
3,331,2.6226721129428516e-17
3,332,2.6261119111662424e-17
3,333,2.6295054146450704e-17
3,334,2.6328579358265223e-17
3,335,2.6361728788617516e-17
3,336,2.639445881021031e-17
3,337,2.6426633700019373e-17
3,338,2.645808407723517e-17
3,339,2.6488719713129585e-17
3,340,2.651857603187224e-17
3,341,2.654773395503543e-17
3,342,2.657622561158385e-17
3,343,2.6604048041361292e-17
3,344,2.6631229211375764e-17
3,345,2.6657833649183653e-17
3,346,2.6683913924638102e-17
3,347,2.6709484798314645e-17
3,348,2.6734529872800656e-17
3,349,2.6759014656515064e-17
3,350,2.678291297821747e-17
3,351,2.6806243208054364e-17
3,352,2.6829066704616492e-17
3,353,2.685144162171955e-17
3,354,2.687339491316407e-17
3,355,2.6894943232227855e-17
3,356,2.6916114825872676e-17
3,357,2.693693786881637e-17
3,358,2.6957425108152928e-17
3,359,2.6977580819396368e-17
3,360,2.699741110081125e-17
3,361,2.701692400496496e-17
3,362,2.7036131809487895e-17
3,363,2.70550538676935e-17
3,364,2.707370615299279e-17
3,365,2.7092089286637493e-17
3,366,2.711019472070754e-17
3,367,2.7128017044839826e-17
3,368,2.7145552655034936e-17
3,369,2.716279557258023e-17
3,370,2.717974513800012e-17
3,371,2.7196411236919357e-17
3,372,2.7212803844320755e-17
3,373,2.7228923077698418e-17
3,374,2.7244764300889706e-17
3,375,2.7260326588577733e-17
3,376,2.72756131453042e-17
3,377,2.7290629123949882e-17
3,378,2.7305379154372612e-17
3,379,2.7319860843898125e-17
3,380,2.7334063066512676e-17
3,381,2.7347978529329104e-17
3,382,2.7361616135365267e-17
3,383,2.737499444677579e-17
3,384,2.7388126092392387e-17
3,385,2.7401014867684272e-17
3,386,2.741366459000865e-17
3,387,2.742608422453965e-17
3,388,2.7438285217650674e-17
3,389,2.7450276151140762e-17
3,390,2.746205761649001e-17
3,391,2.7473622152255387e-17
3,392,2.7484963425439003e-17
3,393,2.749608574173777e-17
3,394,2.750700098519904e-17
3,395,2.7517717878915805e-17
3,396,2.7528239252080615e-17
3,397,2.7538568749376016e-17
3,398,2.7548715002081295e-17
3,399,2.7558688285848736e-17
3,400,2.7568495029060163e-17
3,401,2.757813508176813e-17
3,402,2.7587603602838305e-17
3,403,2.7596897162314012e-17
3,404,2.7606018441391133e-17
3,405,2.7614973659668642e-17
3,406,2.7623766446593766e-17
3,407,2.7632396639190526e-17
3,408,2.7640864063148582e-17
3,409,2.7649170655745754e-17
3,410,2.7657319086650204e-17
3,411,2.7665311281477376e-17
3,412,2.7673148448868205e-17
3,413,2.7680831973271295e-17
3,414,2.768836468981047e-17
3,415,2.7695751175823856e-17
3,416,2.7702995930314585e-17
3,417,2.7710101546787624e-17
3,418,2.771706932124194e-17
3,419,2.7723900746432734e-17
3,420,2.7730597481888413e-17
3,421,2.773716076862517e-17
3,422,2.774359182947907e-17
3,423,2.7749892319047667e-17
3,424,2.775606401235654e-17
3,425,2.776210862517963e-17
3,426,2.7768027988634247e-17
3,427,2.7773823858717896e-17
3,428,2.7779497648545747e-17
3,429,2.77850506238176e-17
3,430,2.779048406082053e-17
3,431,2.779579923938776e-17
3,432,2.780099786640975e-17
3,433,2.780608236742932e-17
3,434,2.78110550486429e-17
3,435,2.7815917105111746e-17
3,436,2.782066902819872e-17
3,437,2.7825311719505754e-17
3,438,2.7829846681943405e-17
3,439,2.7834275358338995e-17
3,440,2.783859868483976e-17
3,441,2.7842817273096836e-17
3,442,2.784693208312334e-17
3,443,2.785094503445852e-17
3,444,2.785485868835859e-17
3,445,2.785867517745545e-17
3,446,2.786239580692167e-17
3,447,2.7866021749725584e-17
3,448,2.78695545538475e-17
3,449,2.7872995756013255e-17
3,450,2.787634641417464e-17
3,451,2.7879607190753706e-17
3,452,2.788277870091351e-17
3,453,2.7885861821470094e-17
3,454,2.788885783251873e-17
3,455,2.7891768216621336e-17
3,456,2.789459432046504e-17
3,457,2.789733732384389e-17
3,458,2.789999839542866e-17
3,459,2.790257861607652e-17
3,460,2.79050787652175e-17
3,461,2.790749928105869e-17
3,462,2.790984037145097e-17
3,463,2.791210217023193e-17
3,464,2.791428488466036e-17
3,465,2.791638881429765e-17
3,466,2.79184142614537e-17
3,467,2.792036147369631e-17
3,468,2.7922230878291495e-17
3,469,2.7924023461068873e-17
3,470,2.7925740594816137e-17
3,471,2.792738442605688e-17
3,472,2.792895684301821e-17
3,473,2.7930463047221897e-17
3,474,2.7931897748486707e-17
3,475,2.793330260798278e-17
3,476,2.793403636488935e-17
3,477,2.7924571037033085e-17
3,478,2.792478821260256e-17
3,479,2.7839148415642297e-17
3,480,2.785598136173944e-17
3,481,2.78591459111713e-17
3,482,2.783696170388458e-17
3,483,2.785247868104471e-17
3,484,2.7822931417925e-17
3,485,2.787903589819691e-17
3,486,2.7932266754572873e-17
3,487,2.792424599415136e-17
3,488,2.790648816171505e-17
3,489,2.790383145310846e-17
3,490,2.791995807214372e-17
3,491,2.793810604557635e-17
3,492,2.7909180935206374e-17
3,493,2.78613937344813e-17
3,494,2.7794771862274116e-17
3,495,2.775068546195314e-17
3,496,2.77410226120478e-17
3,497,2.776910620470374e-17
3,498,2.7829467566783255e-17
3,499,2.788142271131303e-17
3,500,2.7950151132991344e-17
3,501,2.79628670455824e-17
3,502,2.7929571564447866e-17
3,503,2.786425498354169e-17
3,504,2.782160817584881e-17
3,505,2.781607963472477e-17
3,506,2.784101767033812e-17
3,507,2.7882759334175023e-17
3,508,2.79296023784674e-17
3,509,2.79534401598368e-17
3,510,2.797824143327764e-17
3,511,2.797210080639526e-17
3,512,2.794348042299595e-17
3,513,2.791150066670472e-17
3,514,2.789609032856478e-17
3,515,2.7896590845489524e-17
3,516,2.7910479739543595e-17
3,517,2.793352874467021e-17
3,518,2.796188315366247e-17
3,519,2.798780430535478e-17
3,520,2.799899271043287e-17
3,521,2.7994778313358515e-17
3,522,2.7985052809117244e-17
3,523,2.7983441891629425e-17
3,524,2.799229693842442e-17
3,525,2.800590007988018e-17
3,526,2.802026330554676e-17
3,527,2.803367013310267e-17
3,528,2.8034644588445964e-17
3,529,2.802087138614258e-17
3,530,2.8003306328600025e-17
3,531,2.799117224040981e-17
3,532,2.798747417196676e-17
3,533,2.798959008657521e-17
3,534,2.7992276675662827e-17
3,535,2.798847238662138e-17
3,536,2.797104789767923e-17
3,537,2.795670975044542e-17
3,538,2.7939506643739534e-17
3,539,2.79269639495723e-17
3,540,2.792145832077578e-17
3,541,2.7921003183033074e-17
3,542,2.791773824587813e-17
3,543,2.7921888686985604e-17
3,544,2.7848431177300765e-17
3,545,2.6913553186845642e-17
3,546,2.6175956294187417e-17
3,547,2.6429492923364044e-17
3,548,2.6649811241142358e-17
3,549,2.6632125147068957e-17
3,550,2.6739201892535684e-17
3,551,2.702210113082526e-17
3,552,2.7308613261033357e-17
3,553,2.7576947683906108e-17
3,554,2.795927592716675e-17
3,555,2.8349840415978816e-17
3,556,2.840248260348871e-17
3,557,2.8050958185760946e-17
3,558,2.760729404134173e-17
3,559,2.7243876049782663e-17
3,560,2.6898299322136152e-17
3,561,2.6581011543779288e-17
3,562,2.6422002659156832e-17
3,563,2.651837975923778e-17
3,564,2.68047395290447e-17
3,565,2.7151028631633832e-17
3,566,2.751083174862308e-17
3,567,2.78400323113346e-17
3,568,2.805895791881165e-17
3,569,2.817118995311986e-17
3,570,2.818348013595261e-17
3,571,2.8106717848601925e-17
3,572,2.800178066418641e-17
3,573,2.780703688376602e-17
3,574,2.791479947183533e-17
3,575,2.7931138827358976e-17
3,576,2.798375860797954e-17
3,577,2.804906481549223e-17
3,578,2.809809929361237e-17
3,579,2.8105132878474857e-17
3,580,2.805088832337969e-17
3,581,2.7937694840243254e-17
3,582,2.780046104837372e-17
3,583,2.7666141714308035e-17
3,584,2.7459221202586947e-17
3,585,2.5966891685686314e-17
3,586,2.5187793290154803e-17
3,587,2.660553821498355e-17
3,588,2.7848327512488954e-17
3,589,2.7744448797356348e-17
3,590,2.707830982103147e-17
3,591,2.7024457875293462e-17
3,592,2.7177059671614845e-17
3,593,2.7210981550994483e-17
3,594,2.6743952337628052e-17
3,595,2.621183870270942e-17
3,596,2.6206397660152107e-17
3,597,2.6664097220902904e-17
3,598,2.6939584610135805e-17
3,599,2.679596362501055e-17
3,600,2.6714672990016898e-17
3,601,2.6924133776589842e-17
3,602,2.7121507434220408e-17
3,603,2.703952806601959e-17
3,604,2.6845362693670786e-17
3,605,2.688675365052282e-17
3,606,2.7194185361946645e-17
3,607,2.7489476752916123e-17
3,608,2.7586961672775883e-17
3,609,2.7604201396126187e-17
3,610,2.7699566495761683e-17
3,611,2.7810267754957346e-17
3,612,2.781270630959811e-17
3,613,2.77061969653916e-17
3,614,2.7642335982499707e-17
3,615,2.768297538541838e-17
3,616,2.7756518630181937e-17
3,617,2.777697889627006e-17
3,618,2.774173332287333e-17
3,619,2.7703843949856324e-17
3,620,2.7682073131983586e-17
3,621,2.7648557446684612e-17
3,622,2.7583998941724644e-17
3,623,2.751453601427075e-17
3,624,2.747266381014396e-17
3,625,2.7457899491850215e-17
3,626,2.7445385016394693e-17
3,627,2.7419469702773694e-17
3,628,2.7390322479077018e-17
3,629,2.737576857466454e-17
3,630,2.738262879671146e-17
3,631,2.7404667987960538e-17
3,632,2.7435439640454336e-17
3,633,2.7474802292188533e-17
3,634,2.7523515237914175e-17
3,635,2.7573529695947683e-17
3,636,2.761008276381782e-17
3,637,2.762826007067927e-17
3,638,2.7636423925729155e-17
3,639,2.7643243550226035e-17
3,640,2.764919504771514e-17
3,641,2.7652584518639926e-17
3,642,2.7654393080666456e-17
3,643,2.7655315354628203e-17
3,644,2.7653967980877846e-17
3,645,2.7648752277314864e-17
3,646,2.764044069128401e-17
3,647,2.7631604805399095e-17
3,648,2.7624937543148998e-17
3,649,2.7621687136996016e-17
3,650,2.762162481049087e-17
3,651,2.7624579436446675e-17
3,652,2.7630520652895583e-17
3,653,2.7638745191721515e-17
3,654,2.7648035483537342e-17
3,655,2.765742329611778e-17
3,656,2.766516633972216e-17
3,657,2.7668523435107982e-17
3,658,2.7666287946366322e-17
3,659,2.7660078333563937e-17
3,660,2.7652384385685453e-17
3,661,2.7644794181390562e-17
3,662,2.763877049431823e-17
3,663,2.7635884244408443e-17
3,664,2.7636409513424076e-17
3,665,2.7638946937720666e-17
3,666,2.7641782850666095e-17
3,667,2.764393735345842e-17
3,668,2.7644984024660376e-17
3,669,2.7644723616150323e-17
3,670,2.7643010364670716e-17
3,671,2.7639867007482216e-17
3,672,2.76358301703443e-17
3,673,2.7631786064009575e-17
3,674,2.762832757625014e-17
3,675,2.7625664454318694e-17
3,676,2.7624097948493806e-17
3,677,2.762385849407663e-17
3,678,2.7624585647628693e-17
3,679,2.762558725776494e-17
3,680,2.7626486205225142e-17
3,681,2.7627180303958323e-17
3,682,2.7627459755180703e-17
3,683,2.7627102706178377e-17
3,684,2.7626085281485697e-17
3,685,2.7624522944540723e-17
3,686,2.7622595452987617e-17
3,687,2.7620495576961896e-17
3,688,2.7618270776620295e-17
3,689,2.761582691612618e-17
3,690,2.761318151809031e-17
3,691,2.76104795194557e-17
3,692,2.7607727202419658e-17
3,693,2.7604760850960782e-17
3,694,2.7601477950132778e-17
3,695,2.7597910599898148e-17
3,696,2.7594164104035802e-17
3,697,2.759044259851048e-17
3,698,2.7587011837634772e-17
3,699,2.758402973757781e-17
3,700,2.758148845170751e-17
3,701,2.7579311447468214e-17
3,702,2.7577391447510973e-17
3,703,2.7575581975563193e-17
3,704,2.7573759598479994e-17
3,705,2.75718525859252e-17
3,706,2.7569789562198096e-17
3,707,2.7567508511795742e-17
3,708,2.756502785334646e-17
3,709,2.756243665508744e-17
3,710,2.7559836211457218e-17
3,711,2.7557328469219615e-17
3,712,2.7554980906496977e-17
3,713,2.7552749800956478e-17
3,714,2.7550495622034415e-17
3,715,2.7548098243846723e-17
3,716,2.7545523226785266e-17
3,717,2.7542811454759176e-17
3,718,2.7540061089709342e-17
3,719,2.753738137000004e-17
3,720,2.7534816251272974e-17
3,721,2.753233364185142e-17
3,722,2.752989104898554e-17
3,723,2.752747229041659e-17
3,724,2.7525074020929496e-17
3,725,2.752270291083324e-17
3,726,2.7520374787087405e-17
3,727,2.7518087173064983e-17
3,728,2.751580469714141e-17
3,729,2.7513478358540886e-17
3,730,2.751106141531493e-17
3,731,2.7508519927535447e-17
3,732,2.7505859291249894e-17
3,733,2.7503132361602314e-17
3,734,2.7500402796449474e-17
3,735,2.749771184506209e-17
3,736,2.7495082130454757e-17
3,737,2.7492524224835223e-17
3,738,2.7490029635901396e-17
3,739,2.748757623703476e-17
3,740,2.7485145011474912e-17
3,741,2.748272490028114e-17
3,742,2.748031049505781e-17
3,743,2.7477902614737973e-17
3,744,2.7475503087538624e-17
3,745,2.7473108919374936e-17
3,746,2.7470719626397706e-17
3,747,2.7468342052942392e-17
3,748,2.746597613231403e-17
3,749,2.7463604409629e-17
3,750,2.7461206230288497e-17
3,751,2.7458776173260833e-17
3,752,2.7456324909876086e-17
3,753,2.7453870156362882e-17
3,754,2.7451427838427842e-17
3,755,2.744900388533441e-17
3,756,2.744659251151935e-17
3,757,2.7444183715754026e-17
3,758,2.744176970525644e-17
3,759,2.74393461878471e-17
3,760,2.743691500525149e-17
3,761,2.7434484911465444e-17
3,762,2.7432063280475602e-17
3,763,2.7429647933403437e-17
3,764,2.742723074463648e-17
3,765,2.742480606437835e-17
3,766,2.7422373155477485e-17
3,767,2.741993493454061e-17
3,768,2.7417496970954916e-17
3,769,2.7415064815908167e-17
3,770,2.7412641249913047e-17
3,771,2.7410226964126205e-17
3,772,2.740782173188898e-17
3,773,2.7405423309180473e-17
3,774,2.7403027492542996e-17
3,775,2.7400630387941332e-17
3,776,2.739822918207314e-17
3,777,2.7395821587003218e-17
3,778,2.739340678636461e-17
3,779,2.7390986101250626e-17
3,780,2.738856138754776e-17
3,781,2.7386134171554226e-17
3,782,2.7383706792762368e-17
3,783,2.73812820845389e-17
3,784,2.737886115714292e-17
3,785,2.7376442955419456e-17
3,786,2.7374025912571214e-17
3,787,2.737160884304106e-17
3,788,2.7369190654336396e-17
3,789,2.7366770057414672e-17
3,790,2.7364345338770932e-17
3,791,2.7361914683624825e-17
3,792,2.735947766289516e-17
3,793,2.7357036204359392e-17
3,794,2.735459345407115e-17
3,795,2.7352152112837595e-17
3,796,2.7349713896734586e-17
3,797,2.7347279161164926e-17
3,798,2.734484629221368e-17
3,799,2.7342412363071932e-17
3,800,2.7339975011539648e-17
4,1,2.4994832919737304e-35
4,2,2.45133995702502e-34
4,3,2.0156720390350437e-33
4,4,1.4177799286310495e-32
4,5,8.635205834562008e-32
4,6,4.589666499514878e-31
4,7,2.1405847337958733e-30
4,8,8.807146976529929e-30
4,9,3.2143319873958294e-29
4,10,1.0467076884081507e-28
4,11,3.0589522599078256e-28
4,12,8.066196770806126e-28
4,13,1.9314348711338352e-27
4,14,4.226109970178573e-27
4,15,8.502577150250174e-27
4,16,1.5828103701236056e-26
4,17,2.7441121298282396e-26
4,18,4.4612444628505114e-26
4,19,6.850565975754766e-26
4,20,1.0010348199046342e-25
4,21,1.4024226265459636e-25
4,22,1.8976323742497088e-25
4,23,2.491815594690501e-25
4,24,3.1945869969282495e-25
4,25,4.0223031198591837e-25
4,26,4.997260487244888e-25
4,27,6.141474427162917e-25
4,28,7.480267538738014e-25
4,29,9.038011963726867e-25
4,30,1.0841982553515721e-24
4,31,1.2929525568093591e-24
4,32,1.5317517195074562e-24
4,33,1.8018081332538654e-24
4,34,2.1059693904980152e-24
4,35,2.446108676324203e-24
4,36,2.8218099940319825e-24
4,37,3.2348349225836003e-24
4,38,3.6861937643052605e-24
4,39,4.176719046581666e-24
4,40,4.7074750773796346e-24
4,41,5.275879602735502e-24
4,42,5.8858847949520915e-24
4,43,6.54520383134505e-24
4,44,7.249714146905347e-24
4,45,8.003127466072481e-24
4,46,8.814123300371123e-24
4,47,9.689745959501622e-24
4,48,1.064361546519886e-23
4,49,1.1699048290246778e-23
4,50,1.2865136233604216e-23
4,51,1.4168194522510754e-23
4,52,1.5648711329139233e-23
4,53,1.731720523803927e-23
4,54,1.919654246374906e-23
4,55,2.133348797998708e-23
4,56,2.374414367734055e-23
4,57,2.6465944415736612e-23
4,58,2.9543407935682436e-23
4,59,3.302411388254579e-23
4,60,3.69591610449868e-23
4,61,4.14146066440963e-23
4,62,4.646287162888653e-23
4,63,5.218343117522855e-23
4,64,5.866041882543955e-23
4,65,6.59938808399212e-23
4,66,7.427926774839914e-23
4,67,8.36252564923974e-23
4,68,9.416773717433539e-23
4,69,1.0610292771571275e-22
4,70,1.1958053787627447e-22
4,71,1.348706091385197e-22
4,72,1.5221553695249222e-22
4,73,1.7193890852417129e-22
4,74,1.944497616402022e-22
4,75,2.20179422991041e-22
4,76,2.4972040984134605e-22
4,77,2.8366128998840545e-22
4,78,3.227253230885797e-22
4,79,3.6772494146046004e-22
4,80,4.1950376834714444e-22
4,81,4.790886683439805e-22
4,82,5.474419482149918e-22
4,83,6.256935144657102e-22
4,84,7.14978831504523e-22
4,85,8.16567426621706e-22
4,86,9.317004131313583e-22
4,87,1.0618537325469049e-21
4,88,1.2087817094044452e-21
4,89,1.3742127722954278e-21
4,90,1.5606739322058448e-21
4,91,1.7696811440392197e-21
4,92,2.0035642544248394e-21
4,93,2.2667184911881875e-21
4,94,2.560511432665359e-21
4,95,2.8891618589735495e-21
4,96,3.2535767674832435e-21
4,97,3.657240982046492e-21
4,98,4.105343358964116e-21
4,99,4.5967846468631356e-21
4,100,5.144247794264395e-21
4,101,5.733700245886855e-21
4,102,6.3755050530366966e-21
4,103,7.060992543953958e-21
4,104,7.787858871577531e-21
4,105,8.588182931444993e-21
4,106,9.394628027427831e-21
4,107,1.0290599507501146e-20
4,108,1.1224726177802676e-20
4,109,1.2264571530801004e-20
4,110,1.3364583920832502e-20
4,111,1.4453979583815075e-20
4,112,1.5633993945625313e-20
4,113,1.6798048256357632e-20
4,114,1.7811017527199272e-20
4,115,1.9214712759629468e-20
4,116,2.0442292569511454e-20
4,117,2.1330810895682223e-20
4,118,2.272672267932679e-20
4,119,2.3853211199298597e-20
4,120,2.515258180141211e-20
4,121,2.653725590751539e-20
4,122,2.8063668939212287e-20
4,123,2.9599091843475526e-20
4,124,3.1401856532452825e-20
4,125,3.3185449195532544e-20
4,126,3.497157263107741e-20
4,127,3.670973208782298e-20
4,128,3.831231311111368e-20
4,129,3.9775928435973594e-20
4,130,4.122865612622265e-20
4,131,4.2702409121843445e-20
4,132,4.430004578750792e-20
4,133,4.6104265874512405e-20
4,134,4.8044477135200746e-20
4,135,5.007187296484644e-20
4,136,5.215297500751061e-20
4,137,5.42322189074706e-20
4,138,5.616893482191748e-20
4,139,5.793921976756385e-20
4,140,5.951902382027882e-20
4,141,6.089386208690451e-20
4,142,6.21219037445948e-20
4,143,6.326225186019799e-20
4,144,6.435346064722828e-20
4,145,6.550581689110755e-20
4,146,6.670666656647658e-20
4,147,6.804067318294075e-20
4,148,6.947799751548112e-20
4,149,7.097186853491833e-20
4,150,7.248712115531341e-20
4,151,7.397353259940952e-20
4,152,7.537691069511246e-20
4,153,7.671730330219587e-20
4,154,7.797958700188816e-20
4,155,7.922692039162546e-20
4,156,8.049523894726e-20
4,157,8.182665651285643e-20
4,158,8.323367396958134e-20
4,159,8.47173867482633e-20
4,160,8.626522237169383e-20
4,161,8.783633571537186e-20
4,162,8.94291431611687e-20
4,163,9.099394767095757e-20
4,164,9.251158201824916e-20
4,165,9.398349701625812e-20
4,166,9.539036156077945e-20
4,167,9.675384633461568e-20
4,168,9.8082097821225e-20
4,169,9.9388121180724e-20
4,170,1.0070863359684812e-19
4,171,1.0204141832084765e-19
4,172,1.0340106459896488e-19
4,173,1.0479204819207989e-19
4,174,1.0620548301250579e-19
4,175,1.0763859574492752e-19
4,176,1.0907538571192482e-19
4,177,1.1050309589485993e-19
4,178,1.1191835414672772e-19
4,179,1.133184531107659e-19
4,180,1.1471124418175543e-19
4,181,1.1611584295719077e-19
4,182,1.1754633376727162e-19
4,183,1.1902503967947734e-19
4,184,1.205568952819022e-19
4,185,1.2213767099277505e-19
4,186,1.2375951574674012e-19
4,187,1.2539953500328358e-19
4,188,1.2704629499525824e-19
4,189,1.286826507667446e-19
4,190,1.3030085998648315e-19
4,191,1.3190337946525848e-19
4,192,1.3348905665982065e-19
4,193,1.3506931161284487e-19
4,194,1.3664807693636997e-19
4,195,1.3823632153287563e-19
4,196,1.398417827162802e-19
4,197,1.414672863278275e-19
4,198,1.4311904959990976e-19
4,199,1.447881462333776e-19
4,200,1.46467043038946e-19
4,201,1.4814289863236388e-19
4,202,1.4980502377042514e-19
4,203,1.5144850621437e-19
4,204,1.5307060096145414e-19
4,205,1.5467960751910539e-19
4,206,1.5628401016006195e-19
4,207,1.5789449176807786e-19
4,208,1.5951761151872354e-19
4,209,1.6115423123770214e-19
4,210,1.6280797629128757e-19
4,211,1.644732796593089e-19
4,212,1.6614669803329572e-19
4,213,1.6782421340622448e-19
4,214,1.6950317282885285e-19
4,215,1.7118052578938028e-19
4,216,1.7285504975231134e-19
4,217,1.7453040266294332e-19
4,218,1.7620765161182504e-19
4,219,1.7789029370543645e-19
4,220,1.7957832641999141e-19
4,221,1.8127350348709743e-19
4,222,1.829767052566399e-19
4,223,1.8468216178380062e-19
4,224,1.8638909562120463e-19
4,225,1.8809543181652235e-19
4,226,1.8979848511589756e-19
4,227,1.9149763789479155e-19
4,228,1.9319512397056262e-19
4,229,1.9489336522041134e-19
4,230,1.9659381302036065e-19
4,231,1.9829926115969532e-19
4,232,2.0001210900012992e-19
4,233,2.0173375147876524e-19
4,234,2.0346518750220532e-19
4,235,2.0520897144963193e-19
4,236,2.0696139451441938e-19
4,237,2.0872306509392416e-19
4,238,2.1049487083196942e-19
4,239,2.122742787637348e-19
4,240,2.1406684428703646e-19
4,241,2.1587251011644523e-19
4,242,2.176910276356989e-19
4,243,2.195249944014941e-19
4,244,2.213722550770319e-19
4,245,2.23233673443996e-19
4,246,2.2511208339209326e-19
4,247,2.270064004440274e-19
4,248,2.289205207780445e-19
4,249,2.3085352428425105e-19
4,250,2.327772436616731e-19
4,251,2.346962030615119e-19
4,252,2.359830486629377e-19
4,253,2.3602661118772e-19
4,254,2.3294360587884964e-19
4,255,2.2243499572950873e-19
4,256,2.0332147632584816e-19
4,257,1.6360481625196058e-19
4,258,1.8694458070582025e-22
4,259,1.3057823750541238e-21
4,260,8.260720702759086e-21
4,261,2.2216800625748964e-20
4,262,1.3143962905163919e-20
4,263,1.605791833565177e-20
4,264,2.1258336283991273e-20
4,265,2.956547827974955e-20
4,266,4.25258505192937e-20
4,267,5.986876464264799e-20
4,268,8.180689269401633e-20
4,269,1.0844877259383642e-19
4,270,9.802178884745728e-20
4,271,1.2242372633554175e-19
4,272,1.4350635655788914e-19
4,273,1.5878215194264937e-19
4,274,1.6882799917426774e-19
4,275,1.745033498069693e-19
4,276,1.342623076258083e-19
4,277,1.4025365119605306e-19
4,278,1.504638853950569e-19
4,279,1.6131474457556581e-19
4,280,1.5225986752746056e-19
4,281,1.7022845119087146e-19
4,282,1.7795868086421532e-19
4,283,1.7322215345092992e-19
4,284,1.6144657039946425e-19
4,285,1.5003151084150542e-19
4,286,1.4319662845824528e-19
4,287,1.416222861680359e-19
4,288,1.4399411552057697e-19
4,289,1.482842853891799e-19
4,290,1.5272150018625049e-19
4,291,1.5612129655475594e-19
4,292,1.5899021532894018e-19
4,293,1.6166216484163762e-19
4,294,1.6466196570374737e-19
4,295,1.6851502353908987e-19
4,296,1.7045032403936882e-19
4,297,1.7404558826441164e-19
4,298,1.8091471924419658e-19
4,299,1.9028830376275427e-19
4,300,2.0424643288358492e-19
4,301,2.108316700787124e-19
4,302,2.1609179684511906e-19
4,303,2.204576058643978e-19
4,304,2.2438336785271785e-19
4,305,2.286426214745796e-19
4,306,2.3354538896288434e-19
4,307,2.389238664759492e-19
4,308,2.443063434937641e-19
4,309,2.4918382310227337e-19
4,310,2.532504243308534e-19
4,311,2.5661285320701493e-19
4,312,2.500989702798301e-19
4,313,2.610862713535382e-19
4,314,2.6247785534079167e-19
4,315,2.6339825490435886e-19
4,316,2.6432699151857086e-19
4,317,2.6545381008904137e-19
4,318,2.66685228743407e-19
4,319,2.678362024007683e-19
4,320,2.688249098709873e-19
4,321,2.697314875613354e-19
4,322,2.7072039213863213e-19
4,323,2.719293772243297e-19
4,324,2.734198347590295e-19
4,325,2.751994026665367e-19
4,326,2.7725951891490277e-19
4,327,2.7957539865212573e-19
4,328,2.8207516901893394e-19
4,329,2.846294795451969e-19
4,330,2.8709315212480786e-19
4,331,2.8937204205052534e-19
4,332,2.9145926335149957e-19
4,333,2.934138128886483e-19
4,334,2.9530559032180666e-19
4,335,2.971729166617294e-19
4,336,2.9901855567917287e-19
4,337,3.0083435252052556e-19
4,338,3.0262520080256656e-19
4,339,3.044118354515452e-19
4,340,3.0621578733408473e-19
4,341,3.0804498586434386e-19
4,342,3.0989281513793515e-19
4,343,3.117467978169699e-19
4,344,3.135943758873228e-19
4,345,3.1541982265948266e-19
4,346,3.1719844810874015e-19
4,347,3.1889804725136765e-19
4,348,3.204896856485363e-19
4,349,3.219595061111983e-19
4,350,3.2331123227807475e-19
4,351,3.245574681588719e-19
4,352,3.257082616141306e-19
4,353,3.2676739086496613e-19
4,354,3.2773887104798043e-19
4,355,3.286367131511936e-19
4,356,3.2948898785507377e-19
4,357,3.3033323429390103e-19
4,358,3.312072864356044e-19
4,359,3.321415566608789e-19
4,360,3.331556852215873e-19
4,361,3.3425844894522754e-19
4,362,3.3544847938176865e-19
4,363,3.3671477106318386e-19
4,364,3.3803770208668823e-19
4,365,3.393913472206432e-19
4,366,3.4074668409282224e-19
4,367,3.420746767278501e-19
4,368,3.4334886261978355e-19
4,369,3.445479182228651e-19
4,370,3.4565851497798227e-19
4,371,3.466777301834862e-19
4,372,3.476135972163325e-19
4,373,3.4848300092824145e-19
4,374,3.4930760482812203e-19
4,375,3.501094827042639e-19
4,376,3.5090781497981395e-19
4,377,3.5171693194105435e-19
4,378,3.52545271545976e-19
4,379,3.5339494503418113e-19
4,380,3.5426207600017875e-19
4,381,3.5513818040475533e-19
4,382,3.5601243807962394e-19
4,383,3.568742367715224e-19
4,384,3.5771532661819433e-19
4,385,3.5853127462728766e-19
4,386,3.59322231669388e-19
4,387,3.600930448908858e-19
4,388,3.6085261420254846e-19
4,389,3.6161241900518762e-19
4,390,3.6238442543935983e-19
4,391,3.631789029489095e-19
4,392,3.6400274088042715e-19
4,393,3.6485861120798364e-19
4,394,3.657449963656307e-19
4,395,3.666569226681682e-19
4,396,3.675872196695007e-19
4,397,3.6852811624040424e-19
4,398,3.694728997378369e-19
4,399,3.704172827172192e-19
4,400,3.713601769674489e-19
4,401,3.723037848706079e-19
4,402,3.732531444896796e-19
4,403,3.742153606123855e-19
4,404,3.751987135051847e-19
4,405,3.7621176666156056e-19
4,406,3.772625753226744e-19
4,407,3.7835811366582026e-19
4,408,3.7950402170099435e-19
4,409,3.8070468997097312e-19
4,410,3.81963595557327e-19
4,411,3.8328374960639717e-19
4,412,3.846681381209e-19
4,413,3.8612009551731837e-19
4,414,3.8764359453491796e-19
4,415,3.8924345074514085e-19
4,416,3.9092544378158815e-19
4,417,3.9269636876033984e-19
4,418,3.94564042656034e-19
4,419,3.965372809243752e-19
4,420,3.9862583366431326e-19
4,421,4.008402539100372e-19
4,422,4.031916815658657e-19
4,423,4.0569155769163236e-19
4,424,4.083513084303712e-19
4,425,4.1118203619933945e-19
4,426,4.1419423401405466e-19
4,427,4.173975169634467e-19
4,428,4.208003534116504e-19
4,429,4.2440977353895603e-19
4,430,4.282310279448611e-19
4,431,4.322671670222321e-19
4,432,4.365185240995547e-19
4,433,4.409821193767839e-19
4,434,4.456510510597298e-19
4,435,4.505139870084558e-19
4,436,4.555548946518229e-19
4,437,4.607531365242581e-19
4,438,4.660839860202377e-19
4,439,4.715194511319723e-19
4,440,4.770293317918775e-19
4,441,4.825824353861862e-19
4,442,4.881477713039035e-19
4,443,4.936955643887211e-19
4,444,4.991980211434254e-19
4,445,5.046299020842624e-19
4,446,5.099690371688473e-19
4,447,5.151969159694241e-19
4,448,5.20299376476928e-19
4,449,5.25267251607879e-19
4,450,5.300967073098674e-19
4,451,5.34789019310629e-19
4,452,5.393497141900374e-19
4,453,5.437872644482063e-19
4,454,5.481117245008034e-19
4,455,5.523336999972368e-19
4,456,5.56463848235295e-19
4,457,5.60512825206301e-19
4,458,5.644914043648141e-19
4,459,5.684105082855759e-19
4,460,5.7228104797876125e-19
4,461,5.761136753606647e-19
4,462,5.7991866452717e-19
4,463,5.837060577608185e-19
4,464,5.874860047695867e-19
4,465,5.912690456860775e-19
4,466,5.950660715682921e-19
4,467,5.988878507512211e-19
4,468,6.02744223911966e-19
4,469,6.066431996828051e-19
4,470,6.1059015323676e-19
4,471,6.145871914542884e-19
4,472,6.1863262743414885e-19
4,473,6.227205062395551e-19
4,474,6.268402384730546e-19
4,475,6.309765258738845e-19
4,476,6.351097881667801e-19
4,477,6.39217182518278e-19
4,478,6.432741059161884e-19
4,479,6.472559004067781e-19
4,480,6.511394324400808e-19
4,481,6.549043039750853e-19
4,482,6.585336107439398e-19
4,483,6.620143013695057e-19
4,484,6.653372514973003e-19
4,485,6.684971510651645e-19
4,486,6.7149225446138145e-19
4,487,6.743240119757818e-19
4,488,6.769966085563295e-19
4,489,6.795164590922476e-19
4,490,6.818917167624564e-19
4,491,6.841318272194562e-19
4,492,6.862471205407177e-19
4,493,6.882484069787222e-19
4,494,6.901465533076844e-19
4,495,6.919520575794131e-19
4,496,6.936746822593517e-19
4,497,6.953232187421562e-19
4,498,6.969054289342107e-19
4,499,6.984281558345004e-19
4,500,6.998975437756049e-19
4,501,7.013192856610724e-19
4,502,7.026988263829527e-19
4,503,7.040414857333508e-19
4,504,7.05352498342755e-19
4,505,7.066369859259144e-19
4,506,7.078998765480447e-19
4,507,7.091457780435004e-19
4,508,7.103788125220108e-19
4,509,7.116024320687206e-19
4,510,7.128192549225071e-19
4,511,7.140309712115607e-19
4,512,7.152383559626541e-19
4,513,7.164413955209411e-19
4,514,7.176394954103455e-19
4,515,7.188317111876359e-19
4,516,7.200169412101373e-19
4,517,7.211940414713475e-19
4,518,7.223618565300171e-19
4,519,7.235191912878984e-19
4,520,7.246647638567235e-19
4,521,7.257971765198114e-19
4,522,7.269149248096548e-19
4,523,7.280164444374764e-19
4,524,7.291001843653352e-19
4,525,7.301646970776498e-19
4,526,7.312087408469176e-19
4,527,7.322313729134734e-19
4,528,7.332319911116379e-19
4,529,7.342102969991917e-19
4,530,7.351661989476139e-19
4,531,7.36099698457896e-19
4,532,7.370108056662991e-19
4,533,7.378995296292374e-19
4,534,7.38765955914387e-19
4,535,7.396103603357977e-19
4,536,7.4043328306150525e-19
4,537,7.41235521632173e-19
4,538,7.420180467031091e-19
4,539,7.427818745908039e-19
4,540,7.435279461977277e-19
4,541,7.442570533359669e-19
4,542,7.449698206207201e-19
4,543,7.456667195201083e-19
4,544,7.463480838649354e-19
4,545,7.470141097321756e-19
4,546,7.4766484012160215e-19
4,547,7.483001466169788e-19
4,548,7.489197254639945e-19
4,549,7.495231235519553e-19
4,550,7.501097995251871e-19
4,551,7.506792105853221e-19
4,552,7.512309047036445e-19
4,553,7.517645961191014e-19
4,554,7.522802079967204e-19
4,555,7.527778763565741e-19
4,556,7.53257921214501e-19
4,557,7.537208011736217e-19
4,558,7.541670717124252e-19
4,559,7.545973621547789e-19
4,560,7.550123743958446e-19
4,561,7.554128945301907e-19
4,562,7.557998022613265e-19
4,563,7.561740644441179e-19
4,564,7.565367072803561e-19
4,565,7.568887727954516e-19
4,566,7.572312735243014e-19
4,567,7.575651600804167e-19
4,568,7.578913094542446e-19
4,569,7.582105320650879e-19
4,570,7.585235881273581e-19
4,571,7.588312016861982e-19
4,572,7.591340638349822e-19
4,573,7.594328230433037e-19
4,574,7.597280667883762e-19
4,575,7.600203017407668e-19
4,576,7.603099389679668e-19
4,577,7.605972876214274e-19
4,578,7.608825574712761e-19
4,579,7.611658684884291e-19
4,580,7.614472646467102e-19
4,581,7.617267290706237e-19
4,582,7.620041982964779e-19
4,583,7.622795743630314e-19
4,584,7.625527344867692e-19
4,585,7.628235391344885e-19
4,586,7.630918400829394e-19
4,587,7.633574900408937e-19
4,588,7.636203543740298e-19
4,589,7.638803238115988e-19
4,590,7.641373256060423e-19
4,591,7.643913302239546e-19
4,592,7.646423515660726e-19
4,593,7.648904406239617e-19
4,594,7.651356745691003e-19
4,595,7.653781446121967e-19
4,596,7.656179460103549e-19
4,597,7.658551724216591e-19
4,598,7.660899149891509e-19
4,599,7.663222648124777e-19
4,600,7.665523164305585e-19
4,601,7.667801698803663e-19
4,602,7.670059297912159e-19
4,603,7.672297014155257e-19
4,604,7.6745158491319e-19
4,605,7.676716700248252e-19
4,606,7.678900331903876e-19
4,607,7.681067382001116e-19
4,608,7.683218400101416e-19
4,609,7.685353900457761e-19
4,610,7.687474407649264e-19
4,611,7.689580477276653e-19
4,612,7.691672686711047e-19
4,613,7.69375160472952e-19
4,614,7.695817757352475e-19
4,615,7.697871606581634e-19
4,616,7.699913550231828e-19
4,617,7.701943939765906e-19
4,618,7.703963105017176e-19
4,619,7.705971373574407e-19
4,620,7.707969077880774e-19
4,621,7.709956551006038e-19
4,622,7.7119341178093615e-19
4,623,7.713902089063194e-19
4,624,7.715860762299986e-19
4,625,7.717810427498845e-19
4,626,7.719751371765938e-19
4,627,7.721683876896443e-19
4,628,7.723608207041755e-19
4,629,7.725524588621182e-19
4,630,7.727433188579582e-19
4,631,7.729334098376077e-19
4,632,7.731227329228705e-19
4,633,7.733112820191175e-19
4,634,7.734990456398374e-19
4,635,7.73686009193668e-19
4,636,7.738721571354538e-19
4,637,7.740574745644934e-19
4,638,7.742419481668697e-19
4,639,7.744255666956091e-19
4,640,7.746083213299893e-19
4,641,7.747902061980621e-19
4,642,7.749712191283112e-19
4,643,7.751513624404426e-19
4,644,7.753306434366157e-19
4,645,7.755090742870661e-19
4,646,7.756866712081115e-19
4,647,7.758634530896238e-19
4,648,7.760394399294035e-19
4,649,7.762146514698843e-19
4,650,7.763891063127146e-19
4,651,7.765628215715475e-19
4,652,7.767358129199289e-19
4,653,7.769080947828362e-19
4,654,7.770796804324565e-19
4,655,7.772505818559032e-19
4,656,7.774208094002325e-19
4,657,7.775903713143858e-19
4,658,7.777592733578495e-19
4,659,7.779275186278376e-19
4,660,7.780951076813311e-19
4,661,7.782620389307421e-19
4,662,7.784283092036202e-19
4,663,7.785939143167235e-19
4,664,7.787588495285367e-19
4,665,7.789231098051917e-19
4,666,7.790866899231109e-19
4,667,7.792495845054575e-19
4,668,7.794117881084549e-19
4,669,7.7957329543695095e-19
4,670,7.797341016906369e-19
4,671,7.798942029693419e-19
4,672,7.800535966264561e-19
4,673,7.802122814762791e-19
4,674,7.803702578097767e-19
4,675,7.805275272395848e-19
4,676,7.806840924364605e-19
4,677,7.808399568338716e-19
4,678,7.809951243591444e-19
4,679,7.811495992217676e-19
4,680,7.81303385759207e-19
4,681,7.81456488325863e-19
4,682,7.816089112058933e-19
4,683,7.817606585385499e-19
4,684,7.819117342496629e-19
4,685,7.820621419941189e-19
4,686,7.822118851171059e-19
4,687,7.82360966643746e-19
4,688,7.825093893018101e-19
4,689,7.826571555770169e-19
4,690,7.828042677914204e-19
4,691,7.829507281918085e-19
4,692,7.830965390333552e-19
4,693,7.832417026465442e-19
4,694,7.833862214800644e-19
4,695,7.835300981159202e-19
4,696,7.836733352613264e-19
4,697,7.838159357231772e-19
4,698,7.839579023774503e-19
4,699,7.840992381474961e-19
4,700,7.842399459996392e-19
4,701,7.843800289613686e-19
4,702,7.845194901524017e-19
4,703,7.846583328165327e-19
4,704,7.847965603370867e-19
4,705,7.849341762277252e-19
4,706,7.850711840991878e-19
4,707,7.852075876132088e-19
4,708,7.85343390436716e-19
4,709,7.85478596207366e-19
4,710,7.856132085143007e-19
4,711,7.857472308911562e-19
4,712,7.858806668151297e-19
4,713,7.86013519708169e-19
4,714,7.861457929381855e-19
4,715,7.862774898215216e-19
4,716,7.864086136280084e-19
4,717,7.865391675893038e-19
4,718,7.866691549077936e-19
4,719,7.867985787653897e-19
4,720,7.869274423311633e-19
4,721,7.870557487678347e-19
4,722,7.871835012392026e-19
4,723,7.873107029200885e-19
4,724,7.874373570088404e-19
4,725,7.875634667408579e-19
4,726,7.876890354001136e-19
4,727,7.878140663248927e-19
4,728,7.879385629046461e-19
4,729,7.880625285674229e-19
4,730,7.881859667595613e-19
4,731,7.883088809236738e-19
4,732,7.884312744793532e-19
4,733,7.885531508117484e-19
4,734,7.8867451326987e-19
4,735,7.887953651705106e-19
4,736,7.88915709804424e-19
4,737,7.890355504390944e-19
4,738,7.891548903165752e-19
4,739,7.89273732647726e-19
4,740,7.893920806065451e-19
4,741,7.895099373287729e-19
4,742,7.896273059173889e-19
4,743,7.897441894538003e-19
4,744,7.898605910111438e-19
4,745,7.899765136657149e-19
4,746,7.900919605021689e-19
4,747,7.902069346124735e-19
4,748,7.903214390898108e-19
4,749,7.904354770211769e-19
4,750,7.9054905148176825e-19
4,751,7.906621655342776e-19
4,752,7.907748222314045e-19
4,753,7.908870246211891e-19
4,754,7.909987757505017e-19
4,755,7.911100786657241e-19
4,756,7.912209364086263e-19
4,757,7.91331352009776e-19
4,758,7.91441328481465e-19
4,759,7.915508688124302e-19
4,760,7.916599759654275e-19
4,761,7.917686528777582e-19
4,762,7.918769024627523e-19
4,763,7.919847276115464e-19
4,764,7.920921311934499e-19
4,765,7.921991160556039e-19
4,766,7.923056850223855e-19
4,767,7.92411840894796e-19
4,768,7.925175864504902e-19
4,769,7.926229244440713e-19
4,770,7.927278576075718e-19
4,771,7.928323886510986e-19
4,772,7.929365202636259e-19
4,773,7.930402551148249e-19
4,774,7.931435958569914e-19
4,775,7.932465451279737e-19
4,776,7.933491055531821e-19
4,777,7.934512797468139e-19
4,778,7.935530703114298e-19
4,779,7.936544798358687e-19
4,780,7.937555108929019e-19
4,781,7.9385616603638705e-19
4,782,7.939564478002286e-19
4,783,7.940563586978259e-19
4,784,7.941559012232769e-19
4,785,7.942550778523022e-19
4,786,7.943538910432015e-19
4,787,7.944523432365033e-19
4,788,7.945504368539697e-19
4,789,7.94648174297455e-19
4,790,7.947455579482769e-19
4,791,7.948425901673663e-19
4,792,7.9493927329636225e-19
4,793,7.950356096591529e-19
4,794,7.95131601563017e-19
4,795,7.952272512993319e-19
4,796,7.953225611434224e-19
4,797,7.954175333537714e-19
4,798,7.955121701715528e-19
4,799,7.956064738203109e-19
4,800,7.957004465064816e-19
5,1,7.221330744773919e-41
5,2,8.651292780152786e-40
5,3,8.703093399672879e-39
5,4,7.489772530423198e-38
5,5,5.563541703892061e-37
5,6,3.5897426624901174e-36
5,7,2.021249364007772e-35
5,8,9.975434867035687e-35
5,9,4.3346316588266326e-34
5,10,1.665926088986942e-33
5,11,5.690903035521108e-33
5,12,1.7379909331247457e-32
5,13,4.777736874245808e-32
5,14,1.191164414126149e-31
5,15,2.713293351420177e-31
5,16,5.689058439158577e-31
5,17,1.10625262985838e-30
5,18,2.0097400319968005e-30
5,19,3.4352967957284455e-30
5,20,5.56179680778705e-30
5,21,8.584607409102938e-30
5,22,1.2689837939645842e-29
5,23,1.8050207452869195e-29
5,24,2.4879894120957413e-29
5,25,3.345499575907384e-29
5,26,4.404769454640301e-29
5,27,5.696520918902885e-29
5,28,7.229795882636866e-29
5,29,9.076257468232632e-29
5,30,1.12726459776826e-28
5,31,1.3888487339994754e-28
5,32,1.700007156095173e-28
5,33,2.0670746651327392e-28
5,34,2.4982160596215808e-28
5,35,3.0175605370463115e-28
5,36,3.6143865622025194e-28
5,37,4.286585990783743e-28
5,38,5.14497322805485e-28
5,39,5.966836299276592e-28
5,40,7.191160048118721e-28
5,41,8.311683696681989e-28
5,42,9.783158540889865e-28
5,43,1.1319226567090869e-27
5,44,1.318515674332722e-27
5,45,1.5283916372013595e-27
5,46,1.756397850357094e-27
5,47,2.0395718476256474e-27
5,48,2.3470590824789472e-27
5,49,2.7124572290006656e-27
5,50,3.1538408417300055e-27
5,51,3.637361904499941e-27
5,52,4.2374189511844566e-27
5,53,4.909051018692133e-27
5,54,5.7544518656140866e-27
5,55,6.700946263314743e-27
5,56,7.88270547593108e-27
5,57,9.22657124689378e-27
5,58,1.098115742859028e-26
5,59,1.3003593734984217e-26
5,60,1.554224624010938e-26
5,61,1.867457899602124e-26
5,62,2.2446162839421352e-26
5,63,2.6992432117179314e-26
5,64,3.205603638573729e-26
5,65,3.946251549772533e-26
5,66,4.739189195361929e-26
5,67,5.996661259648206e-26
5,68,7.294373794694168e-26
5,69,9.049061255655479e-26
5,70,1.1205509138782676e-25
5,71,1.3897919920712583e-25
5,72,1.7412888573127883e-25
5,73,2.1634421501538026e-25
5,74,2.716377675389289e-25
5,75,3.3556693133952298e-25
5,76,4.223298990806017e-25
5,77,5.257305584001853e-25
5,78,6.641117082817049e-25
5,79,8.153014414663626e-25
5,80,1.037873073626536e-24
5,81,1.2925487143382161e-24
5,82,1.6232484976406038e-24
5,83,2.0415361058191927e-24
5,84,2.5676594740747828e-24
5,85,3.2259290886191865e-24
5,86,4.03907290191998e-24
5,87,5.027372159870216e-24
5,88,6.269247682891532e-24
5,89,7.779161898953211e-24
5,90,9.584593521054178e-24
5,91,1.1761403157662316e-23
5,92,1.4379810436974828e-23
5,93,1.760800598252854e-23
5,94,1.6393007045809907e-26
5,95,2.3558700358940968e-23
5,96,2.770105497080053e-23
5,97,2.939234874749731e-23
5,98,3.088691818437311e-23
5,99,3.2443757460008515e-23
5,100,3.517727417300003e-23
5,101,3.9209244967879993e-23
5,102,4.5369065514381085e-23
5,103,5.2284664551018995e-23
5,104,6.072806990519141e-23
5,105,7.00428163207843e-23
5,106,8.173001676136063e-23
5,107,9.559352288166776e-23
5,108,1.0961160977302215e-22
5,109,1.2294690371841266e-22
5,110,1.3486871799505909e-22
5,111,1.461615362743947e-22
5,112,1.5818374194826715e-22
5,113,1.7093381174400358e-22
5,114,1.8659530247242753e-22
5,115,2.0515403414436412e-22
5,116,2.265790180892733e-22
5,117,2.4949998712344835e-22
5,118,2.741963241655614e-22
5,119,3.0189459007245435e-22
5,120,3.324504253679958e-22
5,121,3.6389688803270046e-22
5,122,3.958625387286845e-22
5,123,4.284555165337461e-22
5,124,4.555200132403257e-22
5,125,4.737859443224395e-22
5,126,4.992608381672219e-22
5,127,5.437809848762059e-22
5,128,5.915917747282175e-22
5,129,6.1006799280149665e-22
5,130,6.690200496985731e-22
5,131,7.013110566901969e-22
5,132,7.338699023322984e-22
5,133,7.736782586575682e-22
5,134,8.182599606547285e-22
5,135,8.566287749730177e-22
5,136,8.87615716445231e-22
5,137,9.247698813003605e-22
5,138,9.535552189666549e-22
5,139,9.824362670365647e-22
5,140,1.0130906492375733e-21
5,141,1.0432851788284243e-21
5,142,1.0742889205545184e-21
5,143,1.1057442548148495e-21
5,144,1.130832640066383e-21
5,145,1.1520805231398805e-21
5,146,1.176296747735068e-21
5,147,1.2014412534626772e-21
5,148,1.2257796120214703e-21
5,149,1.2501422685961342e-21
5,150,1.2753998081426437e-21
5,151,1.3023797278887662e-21
5,152,1.329279603832284e-21
5,153,1.3551730728227106e-21
5,154,1.3791448166099816e-21
5,155,1.3997804058031806e-21
5,156,1.4189850017313333e-21
5,157,1.4403265751980918e-21
5,158,1.4660049668140616e-21
5,159,1.4938504112024107e-21
5,160,1.522765579275473e-21
5,161,1.5531075363706895e-21
5,162,1.5833731878040938e-21
5,163,1.6135179867115093e-21
5,164,1.6426812088578079e-21
5,165,1.6698282705541073e-21
5,166,1.6950040045842335e-21
5,167,1.7195803601108037e-21
5,168,1.7452484785754018e-21
5,169,1.771893190539479e-21
5,170,1.7992602700839814e-21
5,171,1.8266460460823732e-21
5,172,1.854298582954987e-21
5,173,1.882320137422598e-21
5,174,1.910509780141131e-21
5,175,1.9386753111688104e-21
5,176,1.9670577714434134e-21
5,177,1.9962078356630852e-21
5,178,2.0260048958889066e-21
5,179,2.056545222514076e-21
5,180,2.0883291699428463e-21
5,181,2.121830702984339e-21
5,182,2.1567943990438174e-21
5,183,2.1933396599160085e-21
5,184,2.230853270958632e-21
5,185,2.268880734125202e-21
5,186,2.306759717184464e-21
5,187,2.3434653495428005e-21
5,188,2.3782804515496857e-21
5,189,2.4115408027026517e-21
5,190,2.4440467524887455e-21
5,191,2.4773105153941647e-21
5,192,2.512668281719092e-21
5,193,2.550230715832178e-21
5,194,2.5890370674615913e-21
5,195,2.6278229135170104e-21
5,196,2.6657875928684706e-21
5,197,2.702458555206095e-21
5,198,2.737043527046712e-21
5,199,2.769617256584457e-21
5,200,2.801497184760206e-21
5,201,2.8346000818081716e-21
5,202,2.8697958221816606e-21
5,203,2.9062453686241632e-21
5,204,2.942871613004404e-21
5,205,2.9790126291008893e-21
5,206,3.0142784411909185e-21
5,207,3.0481058665811875e-21
5,208,3.080472979185297e-21
5,209,3.1121433435566475e-21
5,210,3.144489642969779e-21
5,211,3.178473502928318e-21
5,212,3.2137752270054313e-21
5,213,3.249941545120583e-21
5,214,3.2863528819112506e-21
5,215,3.3227305437931282e-21
5,216,3.3582793646056523e-21
5,217,3.392853279201177e-21
5,218,3.424802502446647e-21
5,219,3.441241935087656e-21
5,220,3.484118006916436e-21
5,221,3.52764050951218e-21
5,222,3.573022331034151e-21
5,223,3.618615450759897e-21
5,224,3.660097606234705e-21
5,225,3.701108691820602e-21
5,226,3.747887500372348e-21
5,227,3.7893597434985406e-21
5,228,3.8263430600714925e-21
5,229,3.860087887414898e-21
5,230,3.906836676582223e-21
5,231,3.949303910818811e-21
5,232,3.9878391535008836e-21
5,233,4.028775228405444e-21
5,234,4.0743930200027936e-21
5,235,4.1159579334738976e-21
5,236,4.149629042219474e-21
5,237,4.1884508203117235e-21
5,238,4.227717007734456e-21
5,239,4.268205038359114e-21
5,240,4.307340255284288e-21
5,241,4.352498356110716e-21
5,242,4.392431696024979e-21
5,243,4.4315754656819525e-21
5,244,4.4730593482635924e-21
5,245,4.513685573779466e-21
5,246,4.550357220543982e-21
5,247,4.587107660521213e-21
5,248,4.631521102017254e-21
5,249,4.672767455286539e-21
5,250,4.7112378350035756e-21
5,251,4.7522913152215276e-21
5,252,4.797932339159612e-21
5,253,4.84047678645927e-21
5,254,4.880636004956089e-21
5,255,4.921336198493648e-21
5,256,4.9630625237139934e-21
5,257,5.003394223910735e-21
5,258,5.0448398086639585e-21
5,259,5.084967976475798e-21
5,260,5.1278588044277635e-21
5,261,5.1720763140429925e-21
5,262,5.214281723736837e-21
5,263,5.252928102423827e-21
5,264,5.292881722424283e-21
5,265,5.334505514584628e-21
5,266,5.374425978092499e-21
5,267,5.414052767264657e-21
5,268,5.4580794257251066e-21
5,269,5.502334259071745e-21
5,270,5.544294827446408e-21
5,271,5.584090748890824e-21
5,272,5.622767188900581e-21
5,273,5.664196207004833e-21
5,274,5.704602842440366e-21
5,275,5.7469278023285495e-21
5,276,5.788782756042328e-21
5,277,5.830160222301768e-21
5,278,5.874483257196668e-21
5,279,5.916470984444332e-21
5,280,5.955739122248233e-21
5,281,5.995900418293954e-21
5,282,6.036794783935306e-21
5,283,6.07794404404866e-21
5,284,6.1198339152511765e-21
5,285,6.1614971359362215e-21
5,286,6.2019804216443825e-21
5,287,6.2452642514311865e-21
5,288,6.2855124392037256e-21
5,289,6.3255428412010484e-21
5,290,6.366928708755252e-21
5,291,6.4083498642139865e-21
5,292,6.4510562014817094e-21
5,293,6.4906571442095065e-21
5,294,6.528431343899573e-21
5,295,6.570418812824572e-21
5,296,6.603665327840642e-21
5,297,6.635477906258223e-21
5,298,6.677738133103432e-21
5,299,6.7147762599922585e-21
5,300,6.758344723596917e-21
5,301,6.800747904398534e-21
5,302,6.845569634966642e-21
5,303,6.886379395715438e-21
5,304,6.931721611108567e-21
5,305,6.967172551507534e-21
5,306,6.991773727234932e-21
5,307,7.035089048865895e-21
5,308,7.077587670691216e-21
5,309,7.119181189596158e-21
5,310,7.162563331874295e-21
5,311,7.210993194342508e-21
5,312,7.24775582043131e-21
5,313,7.27824663701063e-21
5,314,7.312678825975324e-21
5,315,7.350294155416908e-21
5,316,7.38968712016101e-21
5,317,7.427124751715531e-21
5,318,7.472361714067511e-21
5,319,7.513815842589661e-21
5,320,7.547187306932e-21
5,321,7.580302945233747e-21
5,322,7.615274082116715e-21
5,323,7.647708007171723e-21
5,324,7.684053981483949e-21
5,325,7.729461021217871e-21
5,326,7.775748709187991e-21
5,327,7.819833695042838e-21
5,328,7.857841398724937e-21
5,329,7.890456430079354e-21
5,330,7.920174180705091e-21
5,331,7.950354810980162e-21
5,332,7.988233737775057e-21
5,333,8.033829288264263e-21
5,334,8.07811931682918e-21
5,335,8.116926059356062e-21
5,336,8.150618554495457e-21
5,337,8.176056136403978e-21
5,338,8.200709140755247e-21
5,339,8.23373777036899e-21
5,340,8.27313105275293e-21
5,341,8.31538362089988e-21
5,342,8.35605804084522e-21
5,343,8.390996679300619e-21
5,344,8.420118177808841e-21
5,345,8.44697390539958e-21
5,346,8.477568794929685e-21
5,347,8.513951071649952e-21
5,348,8.552507749330742e-21
5,349,8.591608500697207e-21
5,350,8.629420306165593e-21
5,351,8.662017173700398e-21
5,352,8.691603560548096e-21
5,353,8.721636582041019e-21
5,354,8.752131790178255e-21
5,355,8.784593773312154e-21
5,356,8.819283398530923e-21
5,357,8.85497271253044e-21
5,358,8.889528280702827e-21
5,359,8.920829356637095e-21
5,360,8.950193209231757e-21
5,361,8.978442202997557e-21
5,362,9.00698098751031e-21
5,363,9.038736779136575e-21
5,364,9.072725365730292e-21
5,365,9.105921263692244e-21
5,366,9.137320269852568e-21
5,367,9.165872986494952e-21
5,368,9.192718892449235e-21
5,369,9.219975037066477e-21
5,370,9.249262752567748e-21
5,371,9.280407388540979e-21
5,372,9.311424141461921e-21
5,373,9.341124224936911e-21
5,374,9.369525777810831e-21
5,375,9.396179810140604e-21
5,376,9.423329000597452e-21
5,377,9.451221000247474e-21
5,378,9.480020285346123e-21
5,379,9.508486875103704e-21
5,380,9.53723632724055e-21
5,381,9.564405575216031e-21
5,382,9.592098231226081e-21
5,383,9.61829821361279e-21
5,384,9.64622312911218e-21
5,385,9.671708069872622e-21
5,386,9.700152603672468e-21
5,387,9.725721201803863e-21
5,388,9.754144825084709e-21
5,389,9.778791801004409e-21
5,390,9.804609317221517e-21
5,391,9.830167348843482e-21
5,392,9.8539458458255e-21
5,393,9.881584034302556e-21
5,394,9.904829608651589e-21
5,395,9.93157644066472e-21
5,396,9.955486275570402e-21
5,397,9.979338368101938e-21
5,398,1.0005105032742498e-20
5,399,1.0026878187169362e-20
5,400,1.0053319572635111e-20
5,401,1.0075869690280395e-20
5,402,1.0100203844148506e-20
5,403,1.0124165324963812e-20
5,404,1.0145776349837255e-20
5,405,1.0170614240212658e-20
5,406,1.0191863488245041e-20
5,407,1.021630091234805e-20
5,408,1.0238632899699309e-20
5,409,1.026094636339083e-20
5,410,1.028384508844804e-20
5,411,1.0304601726228518e-20
5,412,1.0327554494546479e-20
5,413,1.0348464027008649e-20
5,414,1.0370913175042292e-20
5,415,1.039208776954696e-20
5,416,1.041336172956426e-20
5,417,1.0434494808210698e-20
5,418,1.0455013006131152e-20
5,419,1.0476274398707335e-20
5,420,1.049659643534316e-20
5,421,1.0517689996995861e-20
5,422,1.0537505817460641e-20
5,423,1.0558141950844534e-20
5,424,1.0577623632318132e-20
5,425,1.0597739168012538e-20
5,426,1.0617281236471359e-20
5,427,1.0636812525545676e-20
5,428,1.0656502995612892e-20
5,429,1.067543232376646e-20
5,430,1.0695173358254692e-20
5,431,1.071349264255585e-20
5,432,1.0732861691580329e-20
5,433,1.0750885333749652e-20
5,434,1.0769832941689999e-20
5,435,1.0787955949654515e-20
5,436,1.0806481202003872e-20
5,437,1.0824559776925944e-20
5,438,1.0842402773536245e-20
5,439,1.0860244913286754e-20
5,440,1.0877681750380517e-20
5,441,1.0895438220315982e-20
5,442,1.0912717415512057e-20
5,443,1.0930271467460956e-20
5,444,1.0947166361456728e-20
5,445,1.0964344999608746e-20
5,446,1.0980846758334657e-20
5,447,1.0997849438454434e-20
5,448,1.1014092380930546e-20
5,449,1.103103428131848e-20
5,450,1.1046896927350934e-20
5,451,1.1063687050048568e-20
5,452,1.1079063063420117e-20
5,453,1.109577302464373e-20
5,454,1.1110659659074173e-20
5,455,1.1127476014540145e-20
5,456,1.1141726045705506e-20
5,457,1.1158826450428237e-20
5,458,1.117211262976969e-20
5,459,1.1189863758867897e-20
5,460,1.120163975038972e-20
5,461,1.1220689563425198e-20
5,462,1.1230019522733139e-20
5,463,1.1251236950344766e-20
5,464,1.1256732382346198e-20
5,465,1.1280933126329348e-20
5,466,1.1281639776300116e-20
5,467,1.1308993223512073e-20
5,468,1.1308230631873648e-20
5,469,1.1338074072465099e-20
5,470,1.1344331863701862e-20
5,471,1.1369011845196605e-20
5,472,1.1381708075041088e-20
5,473,1.1391458190553275e-20
5,474,1.1408720379427287e-20
5,475,1.1412357099700689e-20
5,476,1.1434883843071739e-20
5,477,1.144312757868243e-20
5,478,1.1460431611269034e-20
5,479,1.1473957334804429e-20
5,480,1.1481866644432756e-20
5,481,1.1500107881811355e-20
5,482,1.1507305599201558e-20
5,483,1.1525583555171476e-20
5,484,1.1535916537874335e-20
5,485,1.1547237513113643e-20
5,486,1.1561358276383558e-20
5,487,1.1567475830084336e-20
5,488,1.1583197336655314e-20
5,489,1.1590376039590654e-20
5,490,1.1602350623226647e-20
5,491,1.1613170601607575e-20
5,492,1.162054504611709e-20
5,493,1.1634366503839261e-20
5,494,1.1641321357420315e-20
5,495,1.1655177466998232e-20
5,496,1.1665090705788646e-20
5,497,1.1675341387025994e-20
5,498,1.1688741988287167e-20
5,499,1.169694289549665e-20
5,500,1.1711219407303138e-20
5,501,1.1720773186420469e-20
5,502,1.1732867827279452e-20
5,503,1.1744596878431592e-20
5,504,1.1754240501568633e-20
5,505,1.1767644407908352e-20
5,506,1.177692718677758e-20
5,507,1.1789864332995178e-20
5,508,1.1800443553567704e-20
5,509,1.1811328127594996e-20
5,510,1.1822978459374134e-20
5,511,1.1832473968499315e-20
5,512,1.184406989919686e-20
5,513,1.1853199825857376e-20
5,514,1.1864077399872356e-20
5,515,1.1873483978474626e-20
5,516,1.1883277611141546e-20
5,517,1.189322024279542e-20
5,518,1.1902294946426042e-20
5,519,1.1912511166312076e-20
5,520,1.1921438389643482e-20
5,521,1.1931696182764873e-20
5,522,1.1940574056223465e-20
5,523,1.1950475069760649e-20
5,524,1.1959584962278495e-20
5,525,1.1968808256791599e-20
5,526,1.1978327242664426e-20
5,527,1.1987015065652101e-20
5,528,1.1996768478639263e-20
5,529,1.2005254141250654e-20
5,530,1.2015022586283016e-20
5,531,1.2023636617792127e-20
5,532,1.2033098463514722e-20
5,533,1.204210791764643e-20
5,534,1.2051041407346875e-20
5,535,1.2060313486038302e-20
5,536,1.2068808851813826e-20
5,537,1.207803478569796e-20
5,538,1.2086246220079662e-20
5,539,1.2095269124281444e-20
5,540,1.2103396884132236e-20
5,541,1.2112104228835076e-20
5,542,1.2120296168115332e-20
5,543,1.2128707067660613e-20
5,544,1.2136948522991641e-20
5,545,1.2145152450576802e-20
5,546,1.215340030868114e-20
5,547,1.2161425436376836e-20
5,548,1.2169658635418963e-20
5,549,1.2177498960951506e-20
5,550,1.2185658660642664e-20
5,551,1.2193337250919474e-20
5,552,1.2201437847459159e-20
5,553,1.2208991369445516e-20
5,554,1.2217069078571927e-20
5,555,1.2224525152079916e-20
5,556,1.2232538561478542e-20
5,557,1.2239928317053273e-20
5,558,1.2247862140484359e-20
5,559,1.2255174055139625e-20
5,560,1.2262998198202296e-20
5,561,1.2270190326478383e-20
5,562,1.2277896652788096e-20
5,563,1.2284965173976797e-20
5,564,1.2292611838904574e-20
5,565,1.2299538543008393e-20
5,566,1.2307196225963508e-20
5,567,1.2313939651381234e-20
5,568,1.2321678471173144e-20
5,569,1.2328179219325141e-20
5,570,1.2336066815879572e-20
5,571,1.2342188921086473e-20
5,572,1.235032460483949e-20
5,573,1.2355868283131883e-20
5,574,1.2364428801161746e-20
5,575,1.236908473380806e-20
5,576,1.2378358808218978e-20
5,577,1.2381566691141209e-20
5,578,1.2391954124195826e-20
5,579,1.2392735811932024e-20
5,580,1.2404643735456982e-20
5,581,1.2401697641324288e-20
5,582,1.2415440868149699e-20
5,583,1.2409087528912265e-20
5,584,1.242567048940198e-20
5,585,1.2422402707414573e-20
5,586,1.2441879442633091e-20
5,587,1.2446505499223576e-20
5,588,1.2458425580389486e-20
5,589,1.2464081485131667e-20
5,590,1.2464084399420703e-20
5,591,1.2472882722582013e-20
5,592,1.2473013634461388e-20
5,593,1.2487166370839136e-20
5,594,1.2492494241465642e-20
5,595,1.2500576495267155e-20
5,596,1.250735801727603e-20
5,597,1.2508151374597186e-20
5,598,1.2517104695221791e-20
5,599,1.2520081300878754e-20
5,600,1.2529425336491488e-20
5,601,1.2534995542037738e-20
5,602,1.2539792722837622e-20
5,603,1.2547103991122618e-20
5,604,1.2549973519167628e-20
5,605,1.2559068120662766e-20
5,606,1.2563759561586018e-20
5,607,1.2570487188046107e-20
5,608,1.2576628184532407e-20
5,609,1.2580209169677891e-20
5,610,1.2587469721526191e-20
5,611,1.2591379366249239e-20
5,612,1.2598572623475605e-20
5,613,1.2603961363974791e-20
5,614,1.2609504530287418e-20
5,615,1.2615987326569054e-20
5,616,1.2620325084442395e-20
5,617,1.2627373190962606e-20
5,618,1.2631889723899748e-20
5,619,1.263797703808277e-20
5,620,1.2643245734203379e-20
5,621,1.2647927846548855e-20
5,622,1.2653922155445152e-20
5,623,1.265829223451456e-20
5,624,1.266451326902857e-20
5,625,1.2669356266750996e-20
5,626,1.2675036075120758e-20
5,627,1.2680360641124658e-20
5,628,1.2685302800748278e-20
5,629,1.2691009213379585e-20
5,630,1.269555835420363e-20
5,631,1.2701369118627401e-20
5,632,1.2706085883587107e-20
5,633,1.2711481211117532e-20
5,634,1.2716628785680436e-20
5,635,1.2721575840856049e-20
5,636,1.272696562340052e-20
5,637,1.2731693906477755e-20
5,638,1.2737127459515839e-20
5,639,1.2741795289969475e-20
5,640,1.2747113130972583e-20
5,641,1.2751926156163296e-20
5,642,1.2756901364288736e-20
5,643,1.2761898304824034e-20
5,644,1.2766525485318932e-20
5,645,1.2771590012423175e-20
5,646,1.2776158631584259e-20
5,647,1.2781230309187195e-20
5,648,1.2785871641574686e-20
5,649,1.2790883711628064e-20
5,650,1.279557392029496e-20
5,651,1.2800373113305433e-20
5,652,1.2805166771924328e-20
5,653,1.280975047537559e-20
5,654,1.2814600764413496e-20
5,655,1.2819101176495429e-20
5,656,1.2823921954614099e-20
5,657,1.2828409649428334e-20
5,658,1.2833189243892383e-20
5,659,1.2837690260707083e-20
5,660,1.2842370582854006e-20
5,661,1.2846908033156771e-20
5,662,1.2851456822976732e-20
5,663,1.2856038379797998e-20
5,664,1.2860478570007814e-20
5,665,1.2865046287077599e-20
5,666,1.2869400130513534e-20
5,667,1.2873927904686778e-20
5,668,1.2878242247066814e-20
5,669,1.2882764521803408e-20
5,670,1.2887081885290825e-20
5,671,1.28915756045434e-20
5,672,1.2895891566044047e-20
5,673,1.2900319892381222e-20
5,674,1.2904621125231742e-20
5,675,1.2908987924318228e-20
5,676,1.2913270866361516e-20
5,677,1.2917585690471144e-20
5,678,1.2921845775061506e-20
5,679,1.2926117480412535e-20
5,680,1.2930365903858092e-20
5,681,1.2934598779711238e-20
5,682,1.2938834859033165e-20
5,683,1.2943034026117523e-20
5,684,1.2947239872529912e-20
5,685,1.295140062064317e-20
5,686,1.2955574915868265e-20
5,687,1.2959687268015599e-20
5,688,1.2963843148680869e-20
5,689,1.2967917622611003e-20
5,690,1.2972061563473489e-20
5,691,1.297610435540042e-20
5,692,1.2980239050198757e-20
5,693,1.2984238402043557e-20
5,694,1.2988374600367654e-20
5,695,1.2992312370787302e-20
5,696,1.2996458577445224e-20
5,697,1.3000315816774462e-20
5,698,1.3004481533342755e-20
5,699,1.3008226050026377e-20
5,700,1.3012442745672726e-20
5,701,1.3016009081379378e-20
5,702,1.3020313495946574e-20
5,703,1.3023566158505624e-20
5,704,1.3027952686781666e-20
5,705,1.3030587454528062e-20
5,706,1.3034912936364845e-20
5,707,1.3036271151629249e-20
5,708,1.3039962474929528e-20
5,709,1.3038986522804516e-20
5,710,1.3040949868771295e-20
5,711,1.3038645508221838e-20
5,712,1.3040806816232016e-20
5,713,1.3047488819375277e-20
5,714,1.3056478340682765e-20
5,715,1.307189546557659e-20
5,716,1.3076234404171716e-20
5,717,1.3076342740535353e-20
5,718,1.3076021820300737e-20
5,719,1.3073207579567022e-20
5,720,1.3084045642404858e-20
5,721,1.308995071320057e-20
5,722,1.3096478358182464e-20
5,723,1.3099372567163242e-20
5,724,1.3097687898628586e-20
5,725,1.3103684868201315e-20
5,726,1.3106641271214723e-20
5,727,1.3113528201565828e-20
5,728,1.3115371229865253e-20
5,729,1.3117325648532194e-20
5,730,1.3122048880666116e-20
5,731,1.3124522275129044e-20
5,732,1.3132641969904893e-20
5,733,1.3133864718141602e-20
5,734,1.3137826184606708e-20
5,735,1.3141290345667461e-20
5,736,1.3142653843052426e-20
5,737,1.3149806270085317e-20
5,738,1.3150403943432194e-20
5,739,1.315512630818399e-20
5,740,1.3158163599481405e-20
5,741,1.3160740739489542e-20
5,742,1.3167401655544859e-20
5,743,1.3169121093028938e-20
5,744,1.3174823936677427e-20
5,745,1.3176858363413445e-20
5,746,1.3180379012640784e-20
5,747,1.318497026616392e-20
5,748,1.31865451378366e-20
5,749,1.3192493242176374e-20
5,750,1.319360908835758e-20
5,751,1.3198243738712601e-20
5,752,1.3201807351973095e-20
5,753,1.3203893960498983e-20
5,754,1.3209847141244383e-20
5,755,1.321082626340994e-20
5,756,1.3216021905960993e-20
5,757,1.3218773422749473e-20
5,758,1.3221525739536995e-20
5,759,1.322668959950499e-20
5,760,1.3228202202594206e-20
5,761,1.3233459222814634e-20
5,762,1.3235795833098474e-20
5,763,1.3239593416106161e-20
5,764,1.3243524803425416e-20
5,765,1.3246046069342953e-20
5,766,1.325088673356334e-20
5,767,1.325294685120921e-20
5,768,1.3257546919497746e-20
5,769,1.3260234258762002e-20
5,770,1.326364565816003e-20
5,771,1.3267594899693403e-20
5,772,1.3269747425594777e-20
5,773,1.3274439211943266e-20
5,774,1.3276511270408117e-20
5,775,1.3280723546759575e-20
5,776,1.328389051685079e-20
5,777,1.3286813652281817e-20
5,778,1.3290989804741683e-20
5,779,1.329318770323853e-20
5,780,1.3297503053674197e-20
5,781,1.330007806301519e-20
5,782,1.3303783010935679e-20
5,783,1.3307061014118717e-20
5,784,1.3310019459919764e-20
5,785,1.331382824234762e-20
5,786,1.3316448819782922e-20
5,787,1.3320451506036266e-20
5,788,1.3323118062609353e-20
5,789,1.3326814998092865e-20
5,790,1.3329833190597198e-20
5,791,1.3332978669511318e-20
5,792,1.3336488011473334e-20
5,793,1.3339187854388548e-20
5,794,1.3342952489674958e-20
5,795,1.3345614475357853e-20
5,796,1.3349270190679663e-20
5,797,1.3352216814476512e-20
5,798,1.3355499618036956e-20
5,799,1.335874388664322e-20
5,800,1.3361703492262267e-20
6,1,3.295316158469905e-48
6,2,5.783547454095035e-47
6,3,8.301753377244292e-46
6,4,9.961946624604132e-45
6,5,1.0092070072184096e-43
6,6,8.669356677890985e-43
6,7,6.339704405132338e-42
6,8,3.974922110747631e-41
6,9,2.153942114416193e-40
6,10,1.0168682040201387e-39
6,11,4.216561523105694e-39
6,12,1.5483768230109677e-38
6,13,5.075312357553411e-38
6,14,1.494240874609174e-37
6,15,3.929938760018676e-37
6,16,9.473106062744196e-37
6,17,2.1299843625773814e-36
6,18,4.39438956654643e-36
6,19,8.476678029310924e-36
6,20,1.5445392722623677e-35
6,21,2.676696848032084e-35
6,22,4.433632109059854e-35
6,23,7.050031739467088e-35
6,24,1.0828333576159179e-34
6,25,1.6131507727558074e-34
6,26,2.3405778222565547e-34
6,27,3.321469417410309e-34
6,28,4.633392976477409e-34
6,29,6.383261942744554e-34
6,30,8.712055828757592e-34
6,31,1.1817562515496841e-33
6,32,1.5986725193256746e-33
6,33,2.16248725861998e-33
6,34,2.889274776974937e-33
6,35,3.960284898368902e-33
6,36,5.3560342374588e-33
6,37,7.250457446789674e-33
6,38,9.788761282301709e-33
6,39,1.3208309500877514e-32
6,40,1.7736597429692445e-32
6,41,2.3717603204487648e-32
6,42,3.1643033733311315e-32
6,43,4.207235478547333e-32
6,44,5.583045112169322e-32
6,45,7.388621884311404e-32
6,46,9.702329730558731e-32
6,47,1.2834457473696e-31
6,48,1.6923347453813954e-31
6,49,2.2537842691794693e-31
6,50,3.029085058756685e-31
6,51,4.09426793005147e-31
6,52,5.545517387273904e-31
6,53,7.54121330727654e-31
6,54,1.0248897074107143e-30
6,55,1.3769539193845008e-30
6,56,1.8855865326257862e-30
6,57,2.5539524078621012e-30
6,58,3.461477694934036e-30
6,59,4.686679586020358e-30
6,60,6.346746739351724e-30
6,61,8.578486812000117e-30
6,62,1.1575138555188188e-29
6,63,1.5569899421067692e-29
6,64,2.0786300203834768e-29
6,65,2.755729297961699e-29
6,66,3.60995743894465e-29
6,67,4.670800202631978e-29
6,68,6.033130580659423e-29
6,69,7.820112191414085e-29
6,70,9.934225133993894e-29
6,71,1.264671554076909e-28
6,72,1.5944151616644558e-28
6,73,1.983347987010992e-28
6,74,2.4386641501378284e-28
6,75,3.010608543733394e-28
6,76,3.767280077570115e-28
6,77,4.716347108537209e-28
6,78,5.810367131287191e-28
6,79,7.17237599761078e-28
6,80,8.913989995299756e-28
6,81,1.0770611563146095e-27
6,82,1.324533291589532e-27
6,83,1.5794097271055134e-27
6,84,1.8856673625367685e-27
6,85,2.2471292228976865e-27
6,86,2.6397737683476607e-27
6,87,3.2036235268490785e-27
6,88,3.82999416358389e-27
6,89,4.6069516670437286e-27
6,90,5.538200173797459e-27
6,91,6.618800907868625e-27
6,92,7.868555234610604e-27
6,93,9.380988464448397e-27
6,94,1.1199520298290957e-26
6,95,1.3230259497984735e-26
6,96,1.5664373326650502e-26
6,97,1.8056482805242195e-26
6,98,2.0998858744396987e-26
6,99,2.4304005252750859e-26
6,100,2.838068059939665e-26
6,101,3.303249622362601e-26
6,102,3.8417035799413616e-26
6,103,4.4581049519836413e-26
6,104,5.030408992596038e-26
6,105,5.630817500547913e-26
6,106,6.167494242618408e-26
6,107,6.910678208779601e-26
6,108,7.864357574826895e-26
6,109,8.802297038809308e-26
6,110,9.83068523881956e-26
6,111,1.107332175168169e-25
6,112,1.220425207940416e-25
6,113,1.3329452867217581e-25
6,114,1.4298681387395586e-25
6,115,1.50101383764415e-25
6,116,1.6117557795055987e-25
6,117,1.7861341891206558e-25
6,118,1.9331284109035165e-25
6,119,2.0698627005309887e-25
6,120,2.1821558527919464e-25
6,121,2.3374767441166473e-25
6,122,2.513185534201084e-25
6,123,2.6524055462085096e-25
6,124,2.8064157053801297e-25
6,125,3.0150553376277756e-25
6,126,3.2591320045181113e-25
6,127,3.5677600098252555e-25
6,128,3.9297976824141195e-25
6,129,4.281950166959966e-25
6,130,4.589603190465172e-25
6,131,4.852772587698323e-25
6,132,5.069493963134851e-25
6,133,5.255547190816304e-25
6,134,5.451086003345777e-25
6,135,5.709785799216183e-25
6,136,6.052210670815044e-25
6,137,6.4611766577404935e-25
6,138,6.927672370203316e-25
6,139,7.400626876758475e-25
6,140,7.787576399201564e-25
6,141,8.104897223470708e-25
6,142,8.367827543151823e-25
6,143,8.598325547258876e-25
6,144,8.816324095352782e-25
6,145,9.063598493412243e-25
6,146,9.394219844563534e-25
6,147,9.744892961016732e-25
6,148,1.008316743250871e-24
6,149,1.034376406218311e-24
6,150,1.0533787425603758e-24
6,151,1.0403848698293177e-24
6,152,1.0604417748888823e-24
6,153,1.1115431965782198e-24
6,154,1.1213214862562788e-24
6,155,1.1454938764621118e-24
6,156,1.2049585146907594e-24
6,157,1.2526834435709279e-24
6,158,1.2733770108202535e-24
6,159,1.2940042208387735e-24
6,160,1.3230172001339518e-24
6,161,1.3205497038371154e-24
6,162,1.3321950949349914e-24
6,163,1.3709813565231027e-24
6,164,1.4130900888764988e-24
6,165,1.4631669209018028e-24
6,166,1.504190358984928e-24
6,167,1.5400638582624418e-24
6,168,1.5598217755054719e-24
6,169,1.5929184397358926e-24
6,170,1.6297056694438687e-24
6,171,1.6628009418949707e-24
6,172,1.699815293430119e-24
6,173,1.7255894227993516e-24
6,174,1.7570650728809605e-24
6,175,1.8000758982805132e-24
6,176,1.8400347456859118e-24
6,177,1.8783654595988795e-24
6,178,1.9125973927752724e-24
6,179,1.9482000836643335e-24
6,180,1.979830367632301e-24
6,181,2.0116492943967993e-24
6,182,2.038241629612431e-24
6,183,2.0701589474412707e-24
6,184,2.1085666734753153e-24
6,185,2.14747339952965e-24
6,186,2.186573033723443e-24
6,187,2.2291269440887553e-24
6,188,2.2663321001716034e-24
6,189,2.2986172527139724e-24
6,190,2.3248210803857534e-24
6,191,2.348599625368445e-24
6,192,2.3748059845032473e-24
6,193,2.4017758965029228e-24
6,194,2.4393830840605767e-24
6,195,2.4753929559439326e-24
6,196,2.5041392234966556e-24
6,197,2.5404464221020192e-24
6,198,2.5718391153284084e-24
6,199,2.6017382888773206e-24
6,200,2.6261704393316957e-24
6,201,2.6576079452903365e-24
6,202,2.687041190599833e-24
6,203,2.717222865833003e-24
6,204,2.7443076388569204e-24
6,205,2.774014607040402e-24
6,206,2.7972513398863773e-24
6,207,2.828652728947105e-24
6,208,2.8435540387214437e-24
6,209,2.831459333139774e-24
6,210,2.8278559703549736e-24
6,211,2.8825586567983675e-24
6,212,2.8807664553608653e-24
6,213,2.8722310290720956e-24
6,214,2.902925766741012e-24
6,215,2.9305968856595576e-24
6,216,2.95145101135405e-24
6,217,2.9872097744208596e-24
6,218,3.031547078055651e-24
6,219,3.061074604079105e-24
6,220,3.09621196715148e-24
6,221,3.157624870727415e-24
6,222,3.2087535327601257e-24
6,223,3.2401854678254216e-24
6,224,3.2692952856204194e-24
6,225,3.2929176828274002e-24
6,226,3.297237532209326e-24
6,227,3.319094994624275e-24
6,228,3.3159452481720724e-24
6,229,2.9964165219993394e-24
6,230,2.873638712147078e-24
6,231,3.1261601971258337e-24
6,232,3.297920455052362e-24
6,233,3.112926689118828e-24
6,234,3.07775618677934e-24
6,235,3.2801744049687274e-24
6,236,3.475747999121669e-24
6,237,3.5521018970239424e-24
6,238,3.556664079657513e-24
6,239,3.621056206404279e-24
6,240,3.6290500137509925e-24
6,241,3.5586314764632136e-24
6,242,3.457154416107553e-24
6,243,3.433420196705911e-24
6,244,3.5276565462580065e-24
6,245,3.6704023585817375e-24
6,246,3.820863934829581e-24
6,247,3.932478277811723e-24
6,248,4.038519204462756e-24
6,249,4.10154515951269e-24
6,250,4.1076286515196934e-24
6,251,4.073499882263939e-24
6,252,4.059434801624701e-24
6,253,4.091012571155662e-24
6,254,4.1493042538227565e-24
6,255,4.200036462798982e-24
6,256,4.245873726958634e-24
6,257,4.299060218991299e-24
6,258,4.331198042275704e-24
6,259,4.3408162085772684e-24
6,260,4.336873839673219e-24
6,261,4.3621143987689795e-24
6,262,4.426289141732353e-24
6,263,4.511094349747254e-24
6,264,4.5828770893412214e-24
6,265,4.625176529733761e-24
6,266,4.639854088533038e-24
6,267,4.631575205126106e-24
6,268,4.6110283450286655e-24
6,269,4.602914754235711e-24
6,270,4.625505709730118e-24
6,271,4.680522957282177e-24
6,272,4.7547978708281206e-24
6,273,4.8256865368300804e-24
6,274,4.881489805259334e-24
6,275,4.917119346483465e-24
6,276,4.940454181030524e-24
6,277,4.958972483263909e-24
6,278,4.978455010364636e-24
6,279,5.0046287965501035e-24
6,280,5.038920090972314e-24
6,281,5.081494786082843e-24
6,282,5.122719894476579e-24
6,283,5.158662499695417e-24
6,284,5.192254917212613e-24
6,285,5.2216790667795335e-24
6,286,5.247509635311749e-24
6,287,5.2764715686014644e-24
6,288,5.316648709692042e-24
6,289,5.366078633182747e-24
6,290,5.417239053404725e-24
6,291,5.461926099332273e-24
6,292,5.498149480318986e-24
6,293,5.5235283190776364e-24
6,294,5.541830999801548e-24
6,295,5.5662810713166126e-24
6,296,5.6064592320693215e-24
6,297,5.657155622731247e-24
6,298,5.7095532370326775e-24
6,299,5.7581786922589364e-24
6,300,5.801790234667244e-24
6,301,5.8380523976145064e-24
6,302,5.8694917592647984e-24
6,303,5.904634675387353e-24
6,304,5.947705105541989e-24
6,305,5.9942988160589804e-24
6,306,6.040579089320473e-24
6,307,6.0861489183047965e-24
6,308,6.1304723309372685e-24
6,309,6.171203348306446e-24
6,310,6.210512733653703e-24
6,311,6.25415594029732e-24
6,312,6.3032535500136315e-24
6,313,6.356528987006456e-24
6,314,6.412146465675778e-24
6,315,6.4677519238418565e-24
6,316,6.5198480630081545e-24
6,317,6.568391024266973e-24
6,318,6.618116633564496e-24
6,319,6.671521515061666e-24
6,320,6.728048495282122e-24
6,321,6.787544773119686e-24
6,322,6.850372709346932e-24
6,323,6.914920711828918e-24
6,324,6.979094615086106e-24
6,325,7.04396116410025e-24
6,326,7.110338639169644e-24
6,327,7.1777782254944e-24
6,328,7.246756081609176e-24
6,329,7.319702797341353e-24
6,330,7.396563941640588e-24
6,331,7.475131683912377e-24
6,332,7.55473137040845e-24
6,333,7.636145486213902e-24
6,334,7.719674578964726e-24
6,335,7.80555739648199e-24
6,336,7.895304134935028e-24
6,337,7.988931464481068e-24
6,338,8.086209585439275e-24
6,339,8.186636928472231e-24
6,340,8.290821158464729e-24
6,341,8.39668715315583e-24
6,342,8.505916895480789e-24
6,343,8.617597230156592e-24
6,344,8.735588538914522e-24
6,345,8.854200679975891e-24
6,346,8.982242749677542e-24
6,347,9.106755466589584e-24
6,348,9.246397564518465e-24
6,349,9.378358267514733e-24
6,350,9.529352709833474e-24
6,351,9.676452614461447e-24
6,352,9.822246344018892e-24
6,353,9.983936782107641e-24
6,354,1.0145676798814873e-23
6,355,1.0312451227332682e-23
6,356,1.0488044576530731e-23
6,357,1.0662275074089401e-23
6,358,1.084417301757131e-23
6,359,1.1032222491351695e-23
6,360,1.1222044372070095e-23
6,361,1.1422554520128389e-23
6,362,1.1627400412669811e-23
6,363,1.183357193691832e-23
6,364,1.2048338372102214e-23
6,365,1.2264755087142599e-23
6,366,1.2483875517083236e-23
6,367,1.2713454280580941e-23
6,368,1.2945901578724915e-23
6,369,1.3181438436772693e-23
6,370,1.3425085217820443e-23
6,371,1.3670103537711107e-23
6,372,1.391793040573904e-23
6,373,1.417263499715758e-23
6,374,1.4429882219694565e-23
6,375,1.4691275044481167e-23
6,376,1.4957439042435482e-23
6,377,1.5225377633731459e-23
6,378,1.54975622236594e-23
6,379,1.5772881950204356e-23
6,380,1.605025393208147e-23
6,381,1.633225497236738e-23
6,382,1.6615609689804393e-23
6,383,1.6899910591392874e-23
6,384,1.7187903469127385e-23
6,385,1.747724602483177e-23
6,386,1.7768305744727562e-23
6,387,1.806168637069331e-23
6,388,1.835546190497198e-23
6,389,1.865021518584671e-23
6,390,1.8945255885528147e-23
6,391,1.9240206458157396e-23
6,392,1.9536085668017156e-23
6,393,1.9832162441257235e-23
6,394,2.0127913110306635e-23
6,395,2.0423128651864864e-23
6,396,2.0717328599279233e-23
6,397,2.1010080013618582e-23
6,398,2.1301842915023044e-23
6,399,2.1592299551658745e-23
6,400,2.1881017558655415e-23
6,401,2.216796752762118e-23
6,402,2.2452287350280108e-23
6,403,2.273442232199614e-23
6,404,2.3014144216394747e-23
6,405,2.329106716816375e-23
6,406,2.3564959749414615e-23
6,407,2.3835735169693956e-23
6,408,2.4102732877226798e-23
6,409,2.4367102802895016e-23
6,410,2.4627277756256084e-23
6,411,2.4884329982220587e-23
6,412,2.5136835636399963e-23
6,413,2.5385506733281026e-23
6,414,2.5630356579766316e-23
6,415,2.5871463132788205e-23
6,416,2.610923499858197e-23
6,417,2.6342492574183275e-23
6,418,2.657166419176091e-23
6,419,2.679600152925265e-23
6,420,2.701597721164202e-23
6,421,2.7232269785412446e-23
6,422,2.744380819317309e-23
6,423,2.765236186725042e-23
6,424,2.785578682285351e-23
6,425,2.8056134698765496e-23
6,426,2.825193598634241e-23
6,427,2.844398061385831e-23
6,428,2.8632657726776603e-23
6,429,2.881666107467259e-23
6,430,2.899845932389132e-23
6,431,2.917550244946985e-23
6,432,2.935103225687011e-23
6,433,2.9522496592745694e-23
6,434,2.969211686654181e-23
6,435,2.9859031532060217e-23
6,436,3.0023567158785114e-23
6,437,3.018709016006718e-23
6,438,3.034794389387077e-23
6,439,3.0509112648852714e-23
6,440,3.066796775247214e-23
6,441,3.0828140619717395e-23
6,442,3.098714061288981e-23
6,443,3.114801216693558e-23
6,444,3.130892906646433e-23
6,445,3.147202395214119e-23
6,446,3.163642699417451e-23
6,447,3.180384507320686e-23
6,448,3.197382578882767e-23
6,449,3.2148031386668757e-23
6,450,3.2325420405494133e-23
6,451,3.2508344783393645e-23
6,452,3.269451178894995e-23
6,453,3.28877777575698e-23
6,454,3.308367843445673e-23
6,455,3.328872373043263e-23
6,456,3.34946670921576e-23
6,457,3.3713045641508816e-23
6,458,3.3927958660479996e-23
6,459,3.416138990437998e-23
6,460,3.438033413719606e-23
6,461,3.4631857196812816e-23
6,462,3.4841984645413557e-23
6,463,3.5122521780851015e-23
6,464,3.5292774042897906e-23
6,465,3.5617716459541865e-23
6,466,3.568332302933063e-23
6,467,3.605781782847499e-23
6,468,3.6026368044356457e-23
6,469,3.649267660479558e-23
6,470,3.665710722543238e-23
6,471,3.717466782781571e-23
6,472,3.7470552398597543e-23
6,473,3.764789619909739e-23
6,474,3.79757777703248e-23
6,475,3.811150684584851e-23
6,476,3.8606712151321876e-23
6,477,3.89164436073327e-23
6,478,3.927124015554747e-23
6,479,3.961701751715379e-23
6,480,3.982741901992677e-23
6,481,4.0313720109549986e-23
6,482,4.0591446139489285e-23
6,483,4.1056030777453693e-23
6,484,4.141416198575371e-23
6,485,4.1720744335279195e-23
6,486,4.2174278274184296e-23
6,487,4.2440724881590426e-23
6,488,4.293438687573344e-23
6,489,4.323872717408875e-23
6,490,4.369583454210031e-23
6,491,4.408842980322966e-23
6,492,4.449192891530414e-23
6,493,4.4950336082917804e-23
6,494,4.526709376325165e-23
6,495,4.574718006623115e-23
6,496,4.6025504790892274e-23
6,497,4.6545182699379177e-23
6,498,4.684835725964525e-23
6,499,4.7380011082073614e-23
6,500,4.770842818104824e-23
6,501,4.8218381613831114e-23
6,502,4.857304909661691e-23
6,503,4.905913816538723e-23
6,504,4.9452020757283585e-23
6,505,4.990011354291023e-23
6,506,5.0320017131187476e-23
6,507,5.0737951085978476e-23
6,508,5.116952895867884e-23
6,509,5.155601180203081e-23
6,510,5.1997109855619076e-23
6,511,5.233776932199713e-23
6,512,5.280294319289649e-23
6,513,5.306937111478366e-23
6,514,5.354080802281129e-23
6,515,5.361867754405466e-23
6,516,5.40284560999079e-23
6,517,5.389016994491144e-23
6,518,5.443200695833428e-23
6,519,5.469764071411985e-23
6,520,5.553136562930029e-23
6,521,5.590382427308016e-23
6,522,5.592281951541743e-23
6,523,5.62108214504942e-23
6,524,5.64017058704181e-23
6,525,5.705742941998674e-23
6,526,5.73747799717975e-23
6,527,5.744037557054092e-23
6,528,5.780435738920956e-23
6,529,5.806939540358346e-23
6,530,5.856548228049825e-23
6,531,5.881830027959359e-23
6,532,5.888209914533922e-23
6,533,5.9291489811902e-23
6,534,5.958419893427593e-23
6,535,5.993475116828669e-23
6,536,6.017862928948754e-23
6,537,6.026047868893344e-23
6,538,6.06006668070174e-23
6,539,6.082509062344911e-23
6,540,6.105870725369767e-23
6,541,6.131026505091857e-23
6,542,6.144716022456062e-23
6,543,6.176361392981193e-23
6,544,6.194837053762183e-23
6,545,6.210553846686269e-23
6,546,6.232866359920133e-23
6,547,6.244571222882437e-23
6,548,6.269911766934647e-23
6,549,6.285962000147558e-23
6,550,6.297995343880981e-23
6,551,6.317086394017032e-23
6,552,6.327753438000316e-23
6,553,6.348115452031743e-23
6,554,6.362800841582196e-23
6,555,6.374960118656958e-23
6,556,6.393097970626306e-23
6,557,6.40418238411834e-23
6,558,6.423037511998996e-23
6,559,6.436428618824617e-23
6,560,6.448033085557733e-23
6,561,6.463578518194371e-23
6,562,6.473459122267985e-23
6,563,6.490108409070013e-23
6,564,6.503102479054988e-23
6,565,6.515492463661234e-23
6,566,6.529955472267676e-23
6,567,6.539562302870753e-23
6,568,6.554555881335539e-23
6,569,6.565513128351606e-23
6,570,6.57823920136594e-23
6,571,6.590935348281624e-23
6,572,6.600779578693515e-23
6,573,6.61449156455296e-23
6,574,6.624793264369674e-23
6,575,6.637430021844231e-23
6,576,6.649167871313034e-23
6,577,6.659255980854897e-23
6,578,6.671820714486397e-23
6,579,6.681369946999921e-23
6,580,6.69363108310973e-23
6,581,6.703764248993714e-23
6,582,6.713906350982946e-23
6,583,6.724703213961544e-23
6,584,6.733809917154057e-23
6,585,6.745553163229328e-23
6,586,6.755034892657742e-23
6,587,6.766184986034794e-23
6,588,6.776229160746493e-23
6,589,6.786070938131383e-23
6,590,6.796990965288091e-23
6,591,6.806208044142423e-23
6,592,6.817228523477148e-23
6,593,6.826197940116341e-23
6,594,6.836660242083631e-23
6,595,6.846193401523119e-23
6,596,6.856719410949616e-23
6,597,6.86764966243754e-23
6,598,6.877890310366237e-23
6,599,6.888575069747509e-23
6,600,6.897739434388687e-23
6,601,6.907845320576364e-23
6,602,6.917636591489717e-23
6,603,6.928068290059781e-23
6,604,6.93839524013195e-23
6,605,6.948004624433462e-23
6,606,6.958018650646473e-23
6,607,6.967255273705816e-23
6,608,6.977680021464243e-23
6,609,6.987196977144553e-23
6,610,6.997274198129252e-23
6,611,7.006558848075208e-23
6,612,7.0161018352624e-23
6,613,7.025586960982742e-23
6,614,7.034978940395468e-23
6,615,7.044414635973512e-23
6,616,7.053383909270488e-23
6,617,7.062637979424443e-23
6,618,7.071558229346227e-23
6,619,7.080792960670385e-23
6,620,7.089599375001339e-23
6,621,7.098430950178892e-23
6,622,7.10701860103399e-23
6,623,7.115615537149022e-23
6,624,7.124240134071783e-23
6,625,7.132652502359406e-23
6,626,7.141113724600984e-23
6,627,7.149191071017404e-23
6,628,7.157517934244146e-23
6,629,7.165460874540096e-23
6,630,7.173729328401016e-23
6,631,7.181544965146974e-23
6,632,7.189595835205926e-23
6,633,7.197265251378781e-23
6,634,7.205150518677467e-23
6,635,7.212732547724675e-23
6,636,7.22049270027535e-23
6,637,7.227956892877584e-23
6,638,7.235571109131789e-23
6,639,7.242942438312307e-23
6,640,7.250475134702262e-23
6,641,7.257763706372108e-23
6,642,7.26523433908443e-23
6,643,7.272405563700623e-23
6,644,7.279822098584349e-23
6,645,7.286884901497664e-23
6,646,7.294310537209441e-23
6,647,7.301233567743462e-23
6,648,7.308727975060202e-23
6,649,7.315427962604668e-23
6,650,7.323086646159135e-23
6,651,7.329437478723569e-23
6,652,7.33741912394001e-23
6,653,7.343168436830093e-23
6,654,7.351726242479944e-23
6,655,7.356399992294384e-23
6,656,7.365953371177235e-23
6,657,7.36854057792534e-23
6,658,7.379616084534738e-23
6,659,7.37784349394252e-23
6,660,7.390644123011734e-23
6,661,7.379316549400865e-23
6,662,7.392121562596721e-23
6,663,7.360925421645178e-23
6,664,7.369293571270773e-23
6,665,7.315253368339069e-23
6,666,7.33570493809243e-23
6,667,7.316065738373411e-23
6,668,7.386672099834012e-23
6,669,7.411308247867273e-23
6,670,7.420450682172426e-23
6,671,7.410481994736375e-23
6,672,7.373404662798557e-23
6,673,7.408484186551593e-23
6,674,7.42324238137139e-23
6,675,7.450899286240622e-23
6,676,7.45030575836422e-23
6,677,7.425453718188733e-23
6,678,7.450398998842886e-23
6,679,7.458970904215846e-23
6,680,7.484258787652656e-23
6,681,7.492156935007274e-23
6,682,7.480245862323281e-23
6,683,7.50282793522162e-23
6,684,7.508790461557421e-23
6,685,7.524697881511095e-23
6,686,7.530412504082049e-23
6,687,7.523909651062127e-23
6,688,7.544715528945949e-23
6,689,7.55202570498413e-23
6,690,7.567425506266802e-23
6,691,7.574268508415836e-23
6,692,7.569799604235491e-23
6,693,7.585748590324099e-23
6,694,7.589405099028574e-23
6,695,7.601009542722312e-23
6,696,7.607542567174759e-23
6,697,7.604688001140495e-23
6,698,7.616589430845148e-23
6,699,7.619189353692467e-23
6,700,7.628922265379511e-23
6,701,7.635782330828169e-23
6,702,7.63682451808358e-23
6,703,7.6480728865875e-23
6,704,7.651679460490119e-23
6,705,7.661940607884803e-23
6,706,7.668612679951083e-23
6,707,7.671317102906801e-23
6,708,7.680944580693149e-23
6,709,7.683857296169721e-23
6,710,7.693792904360555e-23
6,711,7.700839771124112e-23
6,712,7.705853550449719e-23
6,713,7.715219548044605e-23
6,714,7.718688958494817e-23
6,715,7.727694052262627e-23
6,716,7.733510177707902e-23
6,717,7.739393954392869e-23
6,718,7.747456707464622e-23
6,719,7.751704329192354e-23
6,720,7.760556848409656e-23
6,721,7.76580632762883e-23
6,722,7.772499311582673e-23
6,723,7.779338087565071e-23
6,724,7.783698662239364e-23
6,725,7.791731148482506e-23
6,726,7.79632414683046e-23
6,727,7.803181811826931e-23
6,728,7.808956976499454e-23
6,729,7.813643898488483e-23
6,730,7.820533140026394e-23
6,731,7.824874124296332e-23
6,732,7.831782352815054e-23
6,733,7.83690844394406e-23
6,734,7.842526966709672e-23
6,735,7.848562675682434e-23
6,736,7.853204236406852e-23
6,737,7.85968547169655e-23
6,738,7.864360932901896e-23
6,739,7.87010658976624e-23
6,740,7.87553232267066e-23
6,741,7.88018736556982e-23
6,742,7.886437794859217e-23
6,743,7.890720169192834e-23
6,744,7.897062753482388e-23
6,745,7.901863997046755e-23
6,746,7.90767999691254e-23
6,747,7.913402121982964e-23
6,748,7.918354827514722e-23
6,749,7.924365134033176e-23
6,750,7.928556856260595e-23
6,751,7.934244646920606e-23
6,752,7.938493633825655e-23
6,753,7.943630222856494e-23
6,754,7.948362318301688e-23
6,755,7.953285727338219e-23
6,756,7.959077884643738e-23
6,757,7.964855894576678e-23
6,758,7.970870531714859e-23
6,759,7.97602263568983e-23
6,760,7.980498398188025e-23
6,761,7.985357399495666e-23
6,762,7.99016490564241e-23
6,763,7.99592527691626e-23
6,764,8.001214812460374e-23
6,765,8.00608277093087e-23
6,766,8.01089426770122e-23
6,767,8.015429024076803e-23
6,768,8.02085393303008e-23
6,769,8.025932415981459e-23
6,770,8.031066306655957e-23
6,771,8.035819359188126e-23
6,772,8.040396944067471e-23
6,773,8.045424924840379e-23
6,774,8.050225835617779e-23
6,775,8.055317877113621e-23
6,776,8.060026094110502e-23
6,777,8.064821193712083e-23
6,778,8.069708965763268e-23
6,779,8.074540641688851e-23
6,780,8.079468155394012e-23
6,781,8.084134282998782e-23
6,782,8.088863022045492e-23
6,783,8.093587929361078e-23
6,784,8.098402697715292e-23
6,785,8.103206273833367e-23
6,786,8.107957370592501e-23
6,787,8.112590032877422e-23
6,788,8.117281299636609e-23
6,789,8.121939696426759e-23
6,790,8.126650352071289e-23
6,791,8.131356302327129e-23
6,792,8.13593864891055e-23
6,793,8.140617906706036e-23
6,794,8.145140321003987e-23
6,795,8.14982003375468e-23
6,796,8.15437724563746e-23
6,797,8.158977181990124e-23
6,798,8.163554877771865e-23
6,799,8.168050376684839e-23
6,800,8.172655798957025e-23
7,1,1.2258679831453253e-54
7,2,2.715327583001995e-53
7,3,4.9277772816709126e-52
7,4,7.489365370556851e-51
7,5,9.613004131908174e-50
7,6,1.0456381115164493e-48
7,7,9.656801270483675e-48
7,8,7.567111610413778e-47
7,9,5.094683498112246e-46
7,10,2.9613031213208257e-45
7,11,1.4944183521435544e-44
7,12,6.611318776543947e-44
7,13,2.590422969682026e-43
7,14,9.083671612402642e-43
7,15,2.882472760303999e-42
7,16,8.375267621928802e-42
7,17,2.251287146694654e-41
7,18,5.647756260821563e-41
7,19,1.336765234725202e-40
7,20,3.0146091314181955e-40
7,21,6.332316704972219e-40
7,22,1.308074652984105e-39
7,23,2.5359385375878892e-39
7,24,4.900886608755317e-39
7,25,8.544761664278223e-39
7,26,1.5954703293138388e-38
7,27,2.6542431703646665e-38
7,28,4.4092305459160086e-38
7,29,7.390519746355378e-38
7,30,9.710624192104092e-38
7,31,1.752891802959333e-37
7,32,2.4273116212731804e-37
7,33,3.500828735052752e-37
7,34,5.00469930902872e-37
7,35,7.018450508380178e-37
7,36,9.768071150858257e-37
7,37,1.3756031235218284e-36
7,38,1.8804452994135742e-36
7,39,2.6677056552843814e-36
7,40,3.66953760586326e-36
7,41,5.1326858856389066e-36
7,42,7.299092563877003e-36
7,43,1.0507970341839844e-35
7,44,1.4828856059940346e-35
7,45,2.056512126382874e-35
7,46,2.6587519850715735e-35
7,47,2.8032001708841106e-35
7,48,3.9079355051991973e-35
7,49,5.94076243729846e-35
7,50,8.095250832113106e-35
7,51,1.0984180961167166e-34
7,52,1.480317861996254e-34
7,53,1.965676840245095e-34
7,54,2.605768379763964e-34
7,55,3.47132402342603e-34
7,56,4.6515047248878165e-34
7,57,6.2582968407593726e-34
7,58,8.439523430197218e-34
7,59,1.1384832114694558e-33
7,60,1.5323840047677473e-33
7,61,2.0555283687047134e-33
7,62,2.7774018390139553e-33
7,63,3.751556269548144e-33
7,64,5.0351648228038634e-33
7,65,6.726223317085431e-33
7,66,8.948383176628306e-33
7,67,1.1846161734760708e-32
7,68,1.5595154738588187e-32
7,69,2.0432041419109238e-32
7,70,2.68477989678885e-32
7,71,3.5037399132404337e-32
7,72,4.547888790635538e-32
7,73,5.88929657297633e-32
7,74,7.597342166457209e-32
7,75,9.72678367968497e-32
7,76,1.248616176214276e-31
7,77,1.5852854495885525e-31
7,78,1.7915330095595288e-31
7,79,2.251081807148214e-31
7,80,3.093774793608048e-31
7,81,3.8332827664901103e-31
7,82,4.754662860009678e-31
7,83,5.866324004390536e-31
7,84,7.207124423410808e-31
7,85,8.830070917781787e-31
7,86,1.071561047050866e-30
7,87,1.2951941943342143e-30
7,88,1.5705168900658452e-30
7,89,1.8982098708770065e-30
7,90,2.2865312933592627e-30
7,91,2.7450693530503703e-30
7,92,3.2678874175071965e-30
7,93,3.872417828347065e-30
7,94,4.558147143485465e-30
7,95,5.229296525385535e-30
7,96,5.9503695910808485e-30
7,97,6.745416437467565e-30
7,98,7.90384737239099e-30
7,99,8.864358070355877e-30
7,100,9.930418827477495e-30
7,101,1.1280746110692767e-29
7,102,1.2763143680898724e-29
7,103,1.4288554636013364e-29
7,104,1.6189317420972818e-29
7,105,1.8605448962679873e-29
7,106,2.1013725512651603e-29
7,107,2.3364548035797267e-29
7,108,2.6018948165858663e-29
7,109,2.879094751743239e-29
7,110,3.1384346622008446e-29
7,111,3.473414855518529e-29
7,112,3.816552522478413e-29
7,113,4.21752556495685e-29
7,114,4.683533866253906e-29
7,115,5.189530182800018e-29
7,116,5.775742435402184e-29
7,117,6.398743747217122e-29
7,118,7.056585724359291e-29
7,119,7.700117642220965e-29
7,120,8.411193853005323e-29
7,121,9.18093402353096e-29
7,122,9.973985353759632e-29
7,123,1.0895093400579717e-28
7,124,1.1900281721624892e-28
7,125,1.3046085726066446e-28
7,126,1.4276986960880156e-28
7,127,1.555716514834569e-28
7,128,1.6874991881286246e-28
7,129,1.823044277690281e-28
7,130,1.9681293377972804e-28
7,131,2.1228889900376156e-28
7,132,2.2819528992367963e-28
7,133,2.4584497868007173e-28
7,134,2.617950881349676e-28
7,135,2.7930196876769646e-28
7,136,2.965475861817988e-28
7,137,3.200739524318182e-28
7,138,3.4006134317602787e-28
7,139,3.6201210872248073e-28
7,140,3.8815729170466834e-28
7,141,4.165561456543824e-28
7,142,4.44340395582666e-28
7,143,4.744177432022369e-28
7,144,5.077044853036627e-28
7,145,5.376278860147834e-28
7,146,5.719036584376344e-28
7,147,6.100337967116579e-28
7,148,6.474573943823496e-28
7,149,6.8667388324676535e-28
7,150,7.066987001431748e-28
7,151,7.458448036163356e-28
7,152,7.993549852987896e-28
7,153,8.290452556648172e-28
7,154,8.723272240674995e-28
7,155,9.257664721912127e-28
7,156,9.902439088287806e-28
7,157,1.0521787803267125e-27
7,158,1.116467437159792e-27
7,159,1.1869937510205455e-27
7,160,1.240284234226337e-27
7,161,1.2929860602791557e-27
7,162,1.3555762281104893e-27
7,163,1.4186808386059532e-27
7,164,1.502837582604154e-27
7,165,1.5968428102149955e-27
7,166,1.6742753547345188e-27
7,167,1.7626528998037946e-27
7,168,1.8401810151137988e-27
7,169,1.9109979309313047e-27
7,170,1.9909164241052794e-27
7,171,2.084920345448418e-27
7,172,2.2085707293939224e-27
7,173,2.3291310045236732e-27
7,174,2.4637049502183118e-27
7,175,2.5974718182332598e-27
7,176,2.7043204739243412e-27
7,177,2.8145739787281615e-27
7,178,2.91125409751753e-27
7,179,3.0371399306917116e-27
7,180,3.1824053755913843e-27
7,181,3.352765584512178e-27
7,182,3.473499474073493e-27
7,183,3.6603070270053585e-27
7,184,3.773703142080353e-27
7,185,3.950293574759937e-27
7,186,4.096856691234348e-27
7,187,4.252444659610158e-27
7,188,4.508634641467457e-27
7,189,4.7099121086622255e-27
7,190,4.939442500512225e-27
7,191,5.1777823332536565e-27
7,192,5.3653884503824284e-27
7,193,5.643788645474118e-27
7,194,5.901238219892448e-27
7,195,6.134176857368699e-27
7,196,6.402342716343475e-27
7,197,6.671603551737822e-27
7,198,6.915940329924658e-27
7,199,7.255402249214614e-27
7,200,7.60358304564455e-27
7,201,7.9819802334809e-27
7,202,8.401540154558061e-27
7,203,8.678488214715157e-27
7,204,8.827823846851547e-27
7,205,9.068666038551762e-27
7,206,8.667993494135751e-27
7,207,8.912528216243978e-27
7,208,9.706824801723671e-27
7,209,9.820877937864906e-27
7,210,1.0011410654644114e-26
7,211,1.0613711178111303e-26
7,212,1.1278722030922423e-26
7,213,1.1949527701682654e-26
7,214,1.2623413849346397e-26
7,215,1.2821668858084583e-26
7,216,1.2589665800362508e-26
7,217,1.177511144708261e-26
7,218,1.2027217651427425e-26
7,219,1.2572216957129394e-26
7,220,1.3828384023752436e-26
7,221,1.5070047457953707e-26
7,222,1.623552793270552e-26
7,223,1.7364693869160774e-26
7,224,1.8480609284179005e-26
7,225,1.9011627187288344e-26
7,226,1.9831519455823605e-26
7,227,2.0731741238819532e-26
7,228,2.2116587525239026e-26
7,229,2.3187164872254907e-26
7,230,2.4489825447000546e-26
7,231,2.529211024053644e-26
7,232,2.6192557769447764e-26
7,233,2.6723609456265337e-26
7,234,2.7590408500132044e-26
7,235,2.8699994208895104e-26
7,236,3.047627755591533e-26
7,237,3.23579927254941e-26
7,238,3.441571079011652e-26
7,239,3.640052113782787e-26
7,240,3.851392962536357e-26
7,241,4.059812588790707e-26
7,242,4.2572299634350667e-26
7,243,4.4733939652343304e-26
7,244,4.71973321609136e-26
7,245,4.9839136243353336e-26
7,246,5.239401364242561e-26
7,247,5.52765262109093e-26
7,248,5.823171124730681e-26
7,249,6.157853167393365e-26
7,250,6.520241977976751e-26
7,251,6.875148901796846e-26
7,252,7.234609130601498e-26
7,253,7.604956411583143e-26
7,254,8.017678753385999e-26
7,255,8.473332620077335e-26
7,256,8.985477396426447e-26
7,257,9.588417199706949e-26
7,258,1.0234065977016338e-25
7,259,1.0878609158970908e-25
7,260,1.1504767622507807e-25
7,261,1.2094691291769335e-25
7,262,1.2673977369290643e-25
7,263,1.326380577237488e-25
7,264,1.3820802107908422e-25
7,265,1.437127308089247e-25
7,266,1.5106657060775447e-25
7,267,1.6221976599295974e-25
7,268,1.740697938579224e-25
7,269,1.820710230867863e-25
7,270,1.8979107619097153e-25
7,271,2.0218727402265322e-25
7,272,2.1713067306604283e-25
7,273,2.2826512039281985e-25
7,274,2.39109084526585e-25
7,275,2.555163150428114e-25
7,276,2.7486303276787627e-25
7,277,2.9215303987457406e-25
7,278,3.09820474676699e-25
7,279,3.3144506015457697e-25
7,280,3.5729867045265846e-25
7,281,3.8159444827930603e-25
7,282,4.0442763589180555e-25
7,283,4.3223840210863485e-25
7,284,4.651294161758081e-25
7,285,5.023521112962518e-25
7,286,5.4064240459149655e-25
7,287,5.781291868521219e-25
7,288,6.201308109284129e-25
7,289,6.661691307926983e-25
7,290,7.208234179767857e-25
7,291,7.790673491859158e-25
7,292,8.401590580757348e-25
7,293,9.05554219637833e-25
7,294,9.724664951477764e-25
7,295,1.0451603360090116e-24
7,296,1.1196447057887469e-24
7,297,1.1986604960429512e-24
7,298,1.2838342250618278e-24
7,299,1.3874339358582762e-24
7,300,1.5164779876594047e-24
7,301,1.6598089709098857e-24
7,302,1.799381767894191e-24
7,303,1.9371520995196016e-24
7,304,2.0853136622051624e-24
7,305,2.248988115080922e-24
7,306,2.4506010171753497e-24
7,307,2.6799688117933233e-24
7,308,2.9233919763776993e-24
7,309,3.1718399372126507e-24
7,310,3.482092073816878e-24
7,311,3.8240157971759504e-24
7,312,4.1618396603679025e-24
7,313,4.494841709992068e-24
7,314,4.857123877912632e-24
7,315,5.263978828771808e-24
7,316,5.62888259775372e-24
7,317,5.950612459734453e-24
7,318,6.565805566939563e-24
7,319,7.44745962235989e-24
7,320,8.144843772335072e-24
7,321,8.550122748227782e-24
7,322,9.18155128233611e-24
7,323,1.0182443063003463e-23
7,324,1.1266172951240209e-23
7,325,1.2383464278088765e-23
7,326,1.360718283413648e-23
7,327,1.4646864206308373e-23
7,328,1.5780523031340705e-23
7,329,1.7594672730592896e-23
7,330,1.9446708139487024e-23
7,331,2.1280282480801607e-23
7,332,2.3594620865726578e-23
7,333,2.5937207488718822e-23
7,334,2.8078413046843113e-23
7,335,3.063271855368832e-23
7,336,3.340696034402402e-23
7,337,3.5390277516112305e-23
7,338,3.686255776876741e-23
7,339,3.856703924576064e-23
7,340,4.052220460070935e-23
7,341,4.760505238672364e-23
7,342,5.360428745819634e-23
7,343,5.503129251998586e-23
7,344,5.698533545037278e-23
7,345,6.235632889044705e-23
7,346,7.118815219971116e-23
7,347,7.818452829839621e-23
7,348,8.135995620044341e-23
7,349,8.737032025593167e-23
7,350,9.77488659934661e-23
7,351,1.0724216630872937e-22
7,352,1.146189107600091e-22
7,353,1.2133208067730408e-22
7,354,1.3121292271092843e-22
7,355,1.4553578830758128e-22
7,356,1.5737003946096344e-22
7,357,1.6690136042134666e-22
7,358,1.7660971293395677e-22
7,359,1.8626713578598794e-22
7,360,2.0022096683013984e-22
7,361,2.1362418799355494e-22
7,362,2.269796122597866e-22
7,363,2.37611794827241e-22
7,364,2.441810102086884e-22
7,365,2.5373486023123453e-22
7,366,2.626367993385545e-22
7,367,2.737493822386595e-22
7,368,2.8402160667439697e-22
7,369,2.948187360187958e-22
7,370,3.0219107643080386e-22
7,371,3.0889721732286693e-22
7,372,3.1540164460345034e-22
7,373,3.1919648335734457e-22
7,374,3.2605659704474095e-22
7,375,3.2959184705216674e-22
7,376,3.3669138057346745e-22
7,377,3.411405883978392e-22
7,378,3.4852936766833407e-22
7,379,3.5341228802650817e-22
7,380,3.610102127930949e-22
7,381,3.661831819887171e-22
7,382,3.7224489511174925e-22
7,383,3.7697890035301527e-22
7,384,3.8311095022213054e-22
7,385,3.772937931081526e-22
7,386,8.69634770184752e-23
7,387,2.1586794751855527e-22
7,388,1.4789412289138309e-22
7,389,1.685508776482364e-22
7,390,1.9113232471559092e-22
7,391,1.7277237292249032e-22
7,392,1.791729829993388e-22
7,393,2.0516397179365713e-22
7,394,1.9939960513882138e-22
7,395,1.9826688835408275e-22
7,396,2.5020960300475767e-22
7,397,2.462874369096018e-22
7,398,2.2332005348574135e-22
7,399,2.7765826321180015e-22
7,400,2.643481195048223e-22
7,401,2.7379840549250876e-22
7,402,3.0184957011226287e-22
7,403,3.2748380411387233e-22
7,404,3.142914936466153e-22
7,405,3.250409012214188e-22
7,406,3.5238873780627636e-22
7,407,3.357786572412218e-22
7,408,3.470042317602668e-22
7,409,3.7700168041283774e-22
7,410,3.5854825605545084e-22
7,411,3.6441221295328205e-22
7,412,3.6746170774938377e-22
7,413,3.631417066679586e-22
7,414,3.5312593427005235e-22
7,415,3.5603733688207127e-22
7,416,3.645337311283766e-22
7,417,3.603489125380751e-22
7,418,3.6732636426133654e-22
7,419,3.6717822313271334e-22
7,420,3.6049958582845335e-22
7,421,3.5417087685744854e-22
7,422,3.537873983335796e-22
7,423,3.5779971513518765e-22
7,424,3.545381369324363e-22
7,425,3.604752967234312e-22
7,426,3.6222058914009062e-22
7,427,3.589926455483795e-22
7,428,3.624499115844098e-22
7,429,3.6549306292651967e-22
7,430,3.6389535724067644e-22
7,431,3.6398549109058103e-22
7,432,3.64626406029843e-22
7,433,3.6053725687073883e-22
7,434,3.4876150657448136e-22
7,435,3.458213560980893e-22
7,436,3.4817361644441804e-22
7,437,3.453383185416108e-22
7,438,3.406408374560186e-22
7,439,3.3509887542998653e-22
7,440,3.422671509480786e-22
7,441,3.4184378940823542e-22
7,442,3.3742753381404766e-22
7,443,3.3841328049166053e-22
7,444,3.361199050059594e-22
7,445,3.3317394334825427e-22
7,446,3.2943967326424304e-22
7,447,3.3141283993035027e-22
7,448,3.324420055703274e-22
7,449,3.306289943127777e-22
7,450,3.316010648396456e-22
7,451,3.3309064917806744e-22
7,452,3.344916096551764e-22
7,453,3.350600009536617e-22
7,454,3.3719312901355065e-22
7,455,3.39736834131608e-22
7,456,3.3971589640931617e-22
7,457,3.394506764771351e-22
7,458,3.3912361861553997e-22
7,459,3.386874567761859e-22
7,460,3.3719446140136824e-22
7,461,3.356235868924411e-22
7,462,3.346193107665831e-22
7,463,3.3321248674352545e-22
7,464,3.3256021775496607e-22
7,465,3.3231944481890492e-22
7,466,3.3292994186370676e-22
7,467,3.3348460436329577e-22
7,468,3.3408286097947995e-22
7,469,3.3528927050315163e-22
7,470,3.358145947688668e-22
7,471,3.357165397706174e-22
7,472,3.355376031475627e-22
7,473,3.356996842755595e-22
7,474,3.3615714584933145e-22
7,475,3.3651029235652805e-22
7,476,3.366067702200752e-22
7,477,3.3597133794255196e-22
7,478,3.3490215386947287e-22
7,479,3.3361324008298007e-22
7,480,3.3242366057242296e-22
7,481,3.3144275981044683e-22
7,482,3.306249188564115e-22
7,483,3.3006200179395275e-22
7,484,3.2948018313153345e-22
7,485,3.2892033031077263e-22
7,486,3.2851802372081542e-22
7,487,3.284497080454812e-22
7,488,3.2871103238839845e-22
7,489,3.2911421695945277e-22
7,490,3.295677929741923e-22
7,491,3.2990857875293326e-22
7,492,3.3008194556865093e-22
7,493,3.3004554718998057e-22
7,494,3.297851104739959e-22
7,495,3.293156683051405e-22
7,496,3.287657485904267e-22
7,497,3.2823468053327226e-22
7,498,3.276827231102846e-22
7,499,3.271255035993606e-22
7,500,3.2676343659311566e-22
7,501,3.266295063095893e-22
7,502,3.266771764888645e-22
7,503,3.267431903013297e-22
7,504,3.2673175516133727e-22
7,505,3.266533308628474e-22
7,506,3.265878907679505e-22
7,507,3.265752080598248e-22
7,508,3.265405090037949e-22
7,509,3.2645028094847556e-22
7,510,3.263103434127813e-22
7,511,3.2615707075592566e-22
7,512,3.2601079193621545e-22
7,513,3.2584987167376914e-22
7,514,3.256933108854608e-22
7,515,3.2557863561761406e-22
7,516,3.2548044580623915e-22
7,517,3.253741670938457e-22
7,518,3.2518143229327105e-22
7,519,3.249278096796325e-22
7,520,3.2465749120393177e-22
7,521,3.245692348219836e-22
7,522,3.2466556679787933e-22
7,523,3.247181027006912e-22
7,524,3.24508198392019e-22
7,525,3.2416563071312646e-22
7,526,3.2399911601052437e-22
7,527,3.2401671381160034e-22
7,528,3.239933902031763e-22
7,529,3.238444907365123e-22
7,530,3.2372323951269374e-22
7,531,3.2374905708991517e-22
7,532,3.237558551314931e-22
7,533,3.236209197394954e-22
7,534,3.23455996485813e-22
7,535,3.233628882061454e-22
7,536,3.232929977586198e-22
7,537,3.2312685756640754e-22
7,538,3.229103680898583e-22
7,539,3.227542379477709e-22
7,540,3.2261662338440406e-22
7,541,3.224424799182004e-22
7,542,3.222595516036882e-22
7,543,3.221179169905163e-22
7,544,3.2201109732646595e-22
7,545,3.21873936640822e-22
7,546,3.21718905277998e-22
7,547,3.2160302524462615e-22
7,548,3.215089677524217e-22
7,549,3.213890433232751e-22
7,550,3.2124010525155006e-22
7,551,3.210949259015088e-22
7,552,3.209698329269716e-22
7,553,3.208428272131346e-22
7,554,3.2070640309026445e-22
7,555,3.205856547847899e-22
7,556,3.2047226547052504e-22
7,557,3.2035359564240765e-22
7,558,3.2022304041198363e-22
7,559,3.2008566744718317e-22
7,560,3.199588480600462e-22
7,561,3.198317449831002e-22
7,562,3.1970044152749176e-22
7,563,3.1957093190327072e-22
7,564,3.1944657806706916e-22
7,565,3.1933208560489076e-22
7,566,3.1921783916100533e-22
7,567,3.19104836323247e-22
7,568,3.1899889834272497e-22
7,569,3.1889814984641712e-22
7,570,3.188005637342553e-22
7,571,3.1870258823573286e-22
7,572,3.1860548220958757e-22
7,573,3.185165880540741e-22
7,574,3.184299967464181e-22
7,575,3.1834346204642063e-22
7,576,3.182537069927049e-22
7,577,3.1815904705598073e-22
7,578,3.18064772907291e-22
7,579,3.1796976335819484e-22
7,580,3.178755595637378e-22
7,581,3.1778808106705513e-22
7,582,3.1770386799022076e-22
7,583,3.176234371143529e-22
7,584,3.175338347410695e-22
7,585,3.1744970237963085e-22
7,586,3.1736862335168544e-22
7,587,3.173053537307387e-22
7,588,3.172290392265563e-22
7,589,3.171647102667557e-22
7,590,3.170724566197448e-22
7,591,3.170218890695938e-22
7,592,3.169165016323515e-22
7,593,3.168789889219793e-22
7,594,3.167103560802436e-22
7,595,3.166706400107629e-22
7,596,3.1634074249988976e-22
7,597,3.1625755157017593e-22
7,598,3.157184940184546e-22
7,599,3.158850143943068e-22
7,600,3.158156678596507e-22
7,601,3.161779365294104e-22
7,602,3.1601890870660788e-22
7,603,3.1558962164323915e-22
7,604,3.156963851223476e-22
7,605,3.1572077855932072e-22
7,606,3.1583219815600623e-22
7,607,3.1574213642719965e-22
7,608,3.1561640100762317e-22
7,609,3.1585347338810245e-22
7,610,3.1586587880223544e-22
7,611,3.156675455049948e-22
7,612,3.156932757547792e-22
7,613,3.156858252526829e-22
7,614,3.1563722155964336e-22
7,615,3.1560592812940823e-22
7,616,3.154393648401478e-22
7,617,3.154880938564166e-22
7,618,3.1539390806841437e-22
7,619,3.1515774788789714e-22
7,620,3.15141622874254e-22
7,621,3.1501341789636367e-22
7,622,3.14906623336249e-22
7,623,3.149202610936454e-22
7,624,3.1491435423827345e-22
7,625,3.150364170219945e-22
7,626,3.1503616368611287e-22
7,627,3.1492660034362915e-22
7,628,3.1489972966167527e-22
7,629,3.1486076388417782e-22
7,630,3.1485433053576427e-22
7,631,3.1495813499734364e-22
7,632,3.1497945673918604e-22
7,633,3.1496340078579943e-22
7,634,3.1492495700750083e-22
7,635,3.148354347511913e-22
7,636,3.1486440581227503e-22
7,637,3.148595180865867e-22
7,638,3.1482087868315725e-22
7,639,3.1480587818749836e-22
7,640,3.1474570890504645e-22
7,641,3.147140527287855e-22
7,642,3.1471050448157413e-22
7,643,3.146786690033822e-22
7,644,3.1467032638057294e-22
7,645,3.14653339319837e-22
7,646,3.1461070993048605e-22
7,647,3.1463722056377215e-22
7,648,3.1462743293561825e-22
7,649,3.1462992942705615e-22
7,650,3.1462960017481744e-22
7,651,3.1459165295746147e-22
7,652,3.145951159535216e-22
7,653,3.145803826261463e-22
7,654,3.1457418017827825e-22
7,655,3.1457752648637606e-22
7,656,3.1456538408332167e-22
7,657,3.14552876401743e-22
7,658,3.1455065267859546e-22
7,659,3.145306499162088e-22
7,660,3.145340875639504e-22
7,661,3.145257207995024e-22
7,662,3.1451530518642294e-22
7,663,3.1451965152597935e-22
7,664,3.1451079858915953e-22
7,665,3.1451556849269215e-22
7,666,3.145185556022451e-22
7,667,3.145141887309382e-22
7,668,3.1451974399088065e-22
7,669,3.145194613435599e-22
7,670,3.145178494794379e-22
7,671,3.145305228789421e-22
7,672,3.1452625472695843e-22
7,673,3.145420171310166e-22
7,674,3.145420342719409e-22
7,675,3.145488283133569e-22
7,676,3.1455296142768096e-22
7,677,3.145579736786547e-22
7,678,3.145615833733667e-22
7,679,3.1457503617788506e-22
7,680,3.1457435096630557e-22
7,681,3.1459479174850473e-22
7,682,3.1459197948881717e-22
7,683,3.146133817173098e-22
7,684,3.146103523107058e-22
7,685,3.146341067029503e-22
7,686,3.1462675587382474e-22
7,687,3.14659770563739e-22
7,688,3.146384461738046e-22
7,689,3.1468290022839565e-22
7,690,3.1463635899313166e-22
7,691,3.146881752927515e-22
7,692,3.1460337693312985e-22
7,693,3.146600709265707e-22
7,694,3.145291347766182e-22
7,695,3.146087465627423e-22
7,696,3.1447566148099103e-22
7,697,3.1462649767032784e-22
7,698,3.1457849723177e-22
7,699,3.147394496504446e-22
7,700,3.147357199137479e-22
7,701,3.1475447914810193e-22
7,702,3.147746678741816e-22
7,703,3.147087905465939e-22
7,704,3.1481317830291175e-22
7,705,3.147660676030688e-22
7,706,3.1486664985021243e-22
7,707,3.1481473241445007e-22
7,708,3.147943469895037e-22
7,709,3.1478862224323133e-22
7,710,3.1476405350886146e-22
7,711,3.149030157975208e-22
7,712,3.1492512519479513e-22
7,713,3.1504354297412486e-22
7,714,3.150038965368522e-22
7,715,3.150193741634472e-22
7,716,3.150197132621023e-22
7,717,3.1507422120765524e-22
7,718,3.15184837193002e-22
7,719,3.1527456957229306e-22
7,720,3.153470835761209e-22
7,721,3.15381952010468e-22
7,722,3.1536982803660107e-22
7,723,3.154123150103418e-22
7,724,3.15407815861246e-22
7,725,3.1549893573585076e-22
7,726,3.1550216277682123e-22
7,727,3.1556841913949977e-22
7,728,3.1554960206719624e-22
7,729,3.155802244388214e-22
7,730,3.155799611053543e-22
7,731,3.156202217404078e-22
7,732,3.1563809125013183e-22
7,733,3.15674473376571e-22
7,734,3.156430317757672e-22
7,735,3.156401881990282e-22
7,736,3.1549821624359038e-22
7,737,3.1542039654714034e-22
7,738,3.150683505118898e-22
7,739,3.1476646566877993e-22
7,740,3.139320363462216e-22
7,741,3.130026436263538e-22
7,742,3.111715349343857e-22
7,743,3.0899637561163174e-22
7,744,3.059797677264153e-22
7,745,3.030768548340742e-22
7,746,3.0137756898476023e-22
7,747,3.0180634504717076e-22
7,748,3.0465722592860853e-22
7,749,3.0833261911361745e-22
7,750,3.102611981545743e-22
7,751,3.101811148923084e-22
7,752,3.0886849252883393e-22
7,753,3.080040468859838e-22
7,754,3.088846284377397e-22
7,755,3.11169876990927e-22
7,756,3.1404136128204403e-22
7,757,3.154268855663905e-22
7,758,3.155776224427812e-22
7,759,3.146700700311106e-22
7,760,3.139316499391673e-22
7,761,3.1422547952583197e-22
7,762,3.1492221901178745e-22
7,763,3.158260769920809e-22
7,764,3.1573494892837097e-22
7,765,3.151301322589593e-22
7,766,3.1435942673683554e-22
7,767,3.139054658001459e-22
7,768,3.141746896499459e-22
7,769,3.147352642805303e-22
7,770,3.1556196944527542e-22
7,771,3.159127253344359e-22
7,772,3.1603239958856143e-22
7,773,3.158567116074935e-22
7,774,3.1578849615638787e-22
7,775,3.1605827897799647e-22
7,776,3.163241981938599e-22
7,777,3.1681516956863135e-22
7,778,3.169113758070384e-22
7,779,3.1698945714734782e-22
7,780,3.1687847149455255e-22
7,781,3.1673641991419646e-22
7,782,3.167899940470624e-22
7,783,3.167879553848782e-22
7,784,3.1705642030535468e-22
7,785,3.1716022034259567e-22
7,786,3.173487555285722e-22
7,787,3.1737458523151343e-22
7,788,3.1738506687916897e-22
7,789,3.174480426165343e-22
7,790,3.1745990226821956e-22
7,791,3.1765241276806694e-22
7,792,3.1769843925266585e-22
7,793,3.178794960470426e-22
7,794,3.178972859134164e-22
7,795,3.1794849108660023e-22
7,796,3.179635554540241e-22
7,797,3.1794042330870377e-22
7,798,3.1801659075335274e-22
7,799,3.180105974663305e-22
7,800,3.181314781028059e-22
8,1,6.602546269005629e-63
8,2,2.1006834365515917e-61
8,3,5.444272024655906e-60
8,4,1.1720247381249527e-58
8,5,2.112919689215107e-57
8,6,3.208403046801884e-56
8,7,4.123461281535831e-55
8,8,4.49918489543339e-54
8,9,4.190835601642123e-53
8,10,3.3430822106715935e-52
8,11,2.2925252634975097e-51
8,12,1.3231541789109912e-50
8,13,6.77807280231022e-50
8,14,3.0934317958193087e-49
8,15,1.2436294366723627e-48
8,16,4.4810747154360416e-48
8,17,1.468697171088958e-47
8,18,4.399643860215634e-47
8,19,1.184483142508872e-46
8,20,3.120854788307444e-46
8,21,6.710583030792894e-46
8,22,1.7542883586014013e-45
8,23,3.5389803317340494e-45
8,24,7.505675366700152e-45
8,25,1.3143593673192484e-44
8,26,2.898683455238996e-44
8,27,5.148911337628854e-44
8,28,8.519374992991408e-44
8,29,1.5218364397185071e-43
8,30,2.4360011717188e-43
8,31,4.621481108023395e-43
8,32,6.926664660688681e-43
8,33,6.265614034060744e-43
8,34,1.0226515629524845e-42
8,35,1.5873998640548882e-42
8,36,2.4148969131810842e-42
8,37,3.518153938579339e-42
8,38,4.999052783960446e-42
8,39,7.108116122812508e-42
8,40,1.0089440575788613e-41
8,41,1.4357423012837774e-41
8,42,2.0531728888830728e-41
8,43,2.948076956387334e-41
8,44,4.24701883567788e-41
8,45,6.116450350367856e-41
8,46,8.776642782601437e-41
8,47,1.2541713826160706e-40
8,48,1.785041432289213e-40
8,49,2.538687980982719e-40
8,50,3.626889438375187e-40
8,51,5.188422483359986e-40
8,52,7.422089866098436e-40
8,53,1.0588969168136551e-39
8,54,1.5017146004862373e-39
8,55,2.119923066490907e-39
8,56,2.9895487370864186e-39
8,57,4.223749055909766e-39
8,58,5.94543087315257e-39
8,59,8.329910402173984e-39
8,60,1.1749970798558297e-38
8,61,1.6718124603111828e-38
8,62,2.3728237559025337e-38
8,63,3.3560525013338787e-38
8,64,4.738312529117669e-38
8,65,6.677920711448368e-38
8,66,9.361538045032719e-38
8,67,1.2976819697832694e-37
8,68,1.7886902848685945e-37
8,69,2.470086426374605e-37
8,70,3.3854042400176788e-37
8,71,4.605717876320573e-37
8,72,6.246556296705131e-37
8,73,8.418010601787578e-37
8,74,1.1237796321932348e-36
8,75,1.4885276413447126e-36
8,76,1.957175063837071e-36
8,77,2.5493131209890454e-36
8,78,3.2857499803693306e-36
8,79,4.200714105016227e-36
8,80,5.3338430106356894e-36
8,81,6.723619135629783e-36
8,82,8.424458710503939e-36
8,83,1.0510841926491074e-35
8,84,1.3058728188808215e-35
8,85,1.6159262785404174e-35
8,86,1.992487771415176e-35
8,87,2.4496907476309327e-35
8,88,2.997179731883045e-35
8,89,3.638587155697228e-35
8,90,4.379354991772048e-35
8,91,5.224178349351456e-35
8,92,6.188506877690554e-35
8,93,7.300879798686542e-35
8,94,8.593424974915594e-35
8,95,1.0102599229905525e-34
8,96,1.188499579898598e-34
8,97,1.3997592950130585e-34
8,98,1.645706426744407e-34
8,99,1.9276989360274383e-34
8,100,2.246170267765076e-34
8,101,2.6021116787791134e-34
8,102,2.9966574179234646e-34
8,103,3.4324916406013554e-34
8,104,3.918839513140431e-34
8,105,4.469571288563512e-34
8,106,5.090981175179358e-34
8,107,5.787367966856423e-34
8,108,6.5638454284404314e-34
8,109,7.420740924112078e-34
8,110,8.354862619392115e-34
8,111,9.369324280101903e-34
8,112,1.0478109324266344e-33
8,113,1.1691310970195673e-33
8,114,1.3020266933922485e-33
8,115,1.4491599732964018e-33
8,116,1.6120167911543718e-33
8,117,1.7904680787599083e-33
8,118,1.9864362220456722e-33
8,119,2.2016133037795778e-33
8,120,2.4365327642764883e-33
8,121,2.694310137250743e-33
8,122,2.97677138148188e-33
8,123,3.2837360905373144e-33
8,124,3.6180638691727556e-33
8,125,3.981833962588605e-33
8,126,4.373445140876199e-33
8,127,4.778878576362388e-33
8,128,5.311631679044478e-33
8,129,5.848321926274792e-33
8,130,6.374346701288869e-33
8,131,6.983583313299603e-33
8,132,7.529154698082237e-33
8,133,8.288061769724645e-33
8,134,8.945486533908004e-33
8,135,9.737365101210089e-33
8,136,1.051369607785142e-32
8,137,1.1398667119332019e-32
8,138,1.247057317589394e-32
8,139,1.3637637882894746e-32
8,140,1.4664952224208685e-32
8,141,1.5869219834645528e-32
8,142,1.712330370801996e-32
8,143,1.823669329373473e-32
8,144,1.965070885177478e-32
8,145,2.114971873829106e-32
8,146,2.2752121550179604e-32
8,147,2.451639370395647e-32
8,148,2.622279579767736e-32
8,149,2.804599456996655e-32
8,150,3.005726793918468e-32
8,151,3.252540665998236e-32
8,152,3.4649688088587766e-32
8,153,3.6853182061028596e-32
8,154,3.878271691542597e-32
8,155,4.09139409584496e-32
8,156,4.406582172098592e-32
8,157,4.623526549326859e-32
8,158,4.8220094600407106e-32
8,159,4.9288192325152523e-32
8,160,4.4259270172338506e-32
8,161,4.6476797211730595e-32
8,162,4.751555535662932e-32
8,163,4.0495716859517234e-32
8,164,4.59352235399782e-32
8,165,4.574899988899511e-32
8,166,4.7794997707172117e-32
8,167,2.1426887054932351e-32
8,168,5.918854600727936e-32
8,169,3.5535495902386146e-32
8,170,3.5111979872896484e-32
8,171,4.873624176359938e-32
8,172,4.789922619138859e-32
8,173,5.139564845570925e-32
8,174,5.943741317768534e-32
8,175,6.674793906004401e-32
8,176,7.396240506610341e-32
8,177,8.06202564360044e-32
8,178,8.036210484814035e-32
8,179,9.002867231261385e-32
8,180,8.918407449182025e-32
8,181,8.592133085256027e-32
8,182,8.663685122478143e-32
8,183,8.894571416026071e-32
8,184,9.056224404412795e-32
8,185,9.29555635937569e-32
8,186,9.611334048410303e-32
8,187,1.0039630354514024e-31
8,188,1.0710657495669035e-31
8,189,1.1426392837189722e-31
8,190,1.2243030027736629e-31
8,191,1.3128287928889338e-31
8,192,1.3896141454827658e-31
8,193,1.4611983224197687e-31
8,194,1.5252226109486964e-31
8,195,1.5831857770496799e-31
8,196,1.6412913139769692e-31
8,197,1.6944994562844867e-31
8,198,1.759986397321631e-31
8,199,1.8459384638977997e-31
8,200,1.9426840122985207e-31
8,201,2.049397683633169e-31
8,202,2.1605542271364567e-31
8,203,2.276592214601329e-31
8,204,2.396823644997474e-31
8,205,2.5053566380367415e-31
8,206,2.602439183219714e-31
8,207,2.6916468270109513e-31
8,208,2.772788248259919e-31
8,209,2.850989364490636e-31
8,210,2.925380611793898e-31
8,211,2.99834383121428e-31
8,212,3.071341605271141e-31
8,213,3.1444008862122067e-31
8,214,3.2193216229949647e-31
8,215,3.2992698573641977e-31
8,216,3.383489402663733e-31
8,217,3.4800711181799366e-31
8,218,3.5852248093127452e-31
8,219,3.6925778899136525e-31
8,220,3.801306903933041e-31
8,221,3.9162515288676587e-31
8,222,4.035124208861519e-31
8,223,4.157893929943023e-31
8,224,4.287365416911569e-31
8,225,4.426765684270929e-31
8,226,4.57075837271333e-31
8,227,4.718718189381462e-31
8,228,4.8722827712390505e-31
8,229,5.026395151173395e-31
8,230,5.150722062044967e-31
8,231,5.350498327514896e-31
8,232,5.501387253712838e-31
8,233,5.413042710790427e-31
8,234,5.513691996839305e-31
8,235,5.685702822510814e-31
8,236,6.026366539308e-31
8,237,6.19062647731364e-31
8,238,6.489176723448676e-31
8,239,6.852513958102229e-31
8,240,7.002105348496946e-31
8,241,7.191056112186283e-31
8,242,7.06417804982929e-31
8,243,7.071289418686818e-31
8,244,7.244019305849321e-31
8,245,7.676807864553865e-31
8,246,8.184615071179931e-31
8,247,8.521831849101141e-31
8,248,8.765934434930972e-31
8,249,9.013467685405687e-31
8,250,9.248941260565376e-31
8,251,9.404971548309535e-31
8,252,9.72871037554081e-31
8,253,1.0262771260399779e-30
8,254,1.0879313762051528e-30
8,255,1.13016717611364e-30
8,256,1.1580533452201274e-30
8,257,1.2045665769239498e-30
8,258,1.2055676696381302e-30
8,259,1.2618973669323519e-30
8,260,1.293984469068221e-30
8,261,1.3627429368952626e-30
8,262,1.3994502148540374e-30
8,263,1.4782852653075442e-30
8,264,1.5168115220891183e-30
8,265,1.570878428928438e-30
8,266,1.5945342068107035e-30
8,267,1.658189151878848e-30
8,268,1.7227695413356334e-30
8,269,1.809710531377585e-30
8,270,1.8722484063720555e-30
8,271,1.9537661862839456e-30
8,272,2.0201303999118833e-30
8,273,2.0662622061116055e-30
8,274,2.144935797436686e-30
8,275,2.2410217848942236e-30
8,276,2.3216690835414704e-30
8,277,2.461039257602214e-30
8,278,2.5577820715720828e-30
8,279,2.6686374963091207e-30
8,280,2.782700013637368e-30
8,281,2.8917007425354535e-30
8,282,3.0031806526602002e-30
8,283,3.1177777574923067e-30
8,284,3.267017788625023e-30
8,285,3.4180632232327004e-30
8,286,3.5754272743393834e-30
8,287,3.7202218922803636e-30
8,288,3.825411278618801e-30
8,289,4.027565625115744e-30
8,290,4.217164418958859e-30
8,291,4.376300927080572e-30
8,292,4.6713754664534776e-30
8,293,4.925382045263667e-30
8,294,5.163654430071998e-30
8,295,5.399522970075364e-30
8,296,5.650506062527463e-30
8,297,5.930729991506267e-30
8,298,6.252566929909937e-30
8,299,6.596049451012273e-30
8,300,6.912659980449993e-30
8,301,7.199085781306254e-30
8,302,7.436824792904453e-30
8,303,6.99102555096232e-30
8,304,7.922030166933661e-30
8,305,1.873791693466033e-32
8,306,2.0499212240456643e-42
8,307,1.2442250880562296e-36
8,308,5.236436125268839e-37
8,309,1.171050445098028e-35
8,310,2.206549854638209e-40
8,311,1.1480608941703729e-41
8,312,6.812581576167542e-41
8,313,1.2056658793995773e-39
8,314,2.2818502739211702e-38
8,315,2.564187600320703e-37
8,316,8.21088282770555e-37
8,317,2.1798511538325342e-36
8,318,4.174161723872748e-36
8,319,7.777867295620928e-36
8,320,1.4948355111583597e-35
8,321,3.2310076196634736e-35
8,322,6.805007961828135e-35
8,323,1.2259485696713885e-34
8,324,1.8160697394413755e-34
8,325,1.7361870108075333e-34
8,326,1.0342270259838984e-34
8,327,4.720469569944374e-34
8,328,7.909444994597951e-34
8,329,1.1213909381555246e-33
8,330,1.3068307899860364e-33
8,331,1.4553431104393619e-33
8,332,1.57507812856809e-33
8,333,1.6765735059165708e-33
8,334,5.999934288527386e-34
8,335,5.200062032456017e-34
8,336,6.5392124363048305e-34
8,337,1.0979322351231898e-33
8,338,2.1658521604741437e-33
8,339,4.568401477633788e-33
8,340,6.925154355104846e-33
8,341,9.879766697458967e-33
8,342,1.765576148668323e-32
8,343,2.507549209914153e-32
8,344,3.2810454067631146e-32
8,345,4.2419019982854513e-32
8,346,5.56655786586379e-32
8,347,7.03506280123195e-32
8,348,8.30541714061418e-32
8,349,9.454622248754668e-32
8,350,1.089121559523663e-31
8,351,1.2673466336647683e-31
8,352,1.419948528878762e-31
8,353,1.5122572412972523e-31
8,354,1.597086640008565e-31
8,355,1.7136228203221017e-31
8,356,1.8288661307927389e-31
8,357,1.908314472784274e-31
8,358,1.9712722782525282e-31
8,359,2.036424171094742e-31
8,360,2.087071610538529e-31
8,361,2.1275362724855717e-31
8,362,2.1952792151170525e-31
8,363,2.3004420551468797e-31
8,364,2.408304777041377e-31
8,365,2.5048113311776903e-31
8,366,2.623280674087584e-31
8,367,2.781828942166559e-31
8,368,2.9565611587324734e-31
8,369,3.1238635346953285e-31
8,370,3.2881692628083227e-31
8,371,3.455221301596517e-31
8,372,3.611112842562168e-31
8,373,3.7470281301744805e-31
8,374,3.869862457682786e-31
8,375,3.982537681654614e-31
8,376,4.080108611848284e-31
8,377,4.164074718981625e-31
8,378,4.245301940774757e-31
8,379,4.326998576391554e-31
8,380,4.400924299729716e-31
8,381,4.464087595457569e-31
8,382,4.521319182709608e-31
8,383,4.573019142496572e-31
8,384,4.612688195192997e-31
8,385,4.639489676157254e-31
8,386,4.661985142684227e-31
8,387,4.684889021360314e-31
8,388,4.70565955517411e-31
8,389,4.724246544174125e-31
8,390,4.746029204399493e-31
8,391,4.774493269971524e-31
8,392,4.808350387407159e-31
8,393,4.84655950827799e-31
8,394,4.888967268873077e-31
8,395,4.936651676894976e-31
8,396,4.98442207616903e-31
8,397,5.0330630144891745e-31
8,398,5.084423649444449e-31
8,399,5.134040419385628e-31
8,400,5.181878310544729e-31
8,401,5.231983353357448e-31
8,402,5.284699806205825e-31
8,403,5.337956499164038e-31
8,404,5.391656229843338e-31
8,405,5.446446194019317e-31
8,406,5.500865628624012e-31
8,407,5.55322883010023e-31
8,408,5.603340213335204e-31
8,409,5.6501436781964395e-31
8,410,5.691733363142572e-31
8,411,5.727219293079012e-31
8,412,5.758307157806997e-31
8,413,5.787864999826625e-31
8,414,5.817412768424198e-31
8,415,5.848190962105828e-31
8,416,5.882208034364817e-31
8,417,5.9200782537356696e-31
8,418,5.960496238679644e-31
8,419,6.002793748865915e-31
8,420,6.046994410323595e-31
8,421,6.092038360479339e-31
8,422,6.1368990957851505e-31
8,423,6.181853998384046e-31
8,424,6.227188075078982e-31
8,425,6.272960805655627e-31
8,426,6.320218023127267e-31
8,427,6.3699492797099055e-31
8,428,6.421577226208002e-31
8,429,6.473982740128801e-31
8,430,6.526494852382915e-31
8,431,6.578366975599057e-31
8,432,6.628868710613828e-31
8,433,6.677903305911713e-31
8,434,6.725606483931868e-31
8,435,6.772018717328391e-31
8,436,6.817535565922626e-31
8,437,6.862897150904653e-31
8,438,6.908727060327566e-31
8,439,6.955421943835704e-31
8,440,7.0031527397528795e-31
8,441,7.051731412843597e-31
8,442,7.100752220811217e-31
8,443,7.149932461454749e-31
8,444,7.199241928801717e-31
8,445,7.2488065480237055e-31
8,446,7.29872697750488e-31
8,447,7.348992363465112e-31
8,448,7.399573322264264e-31
8,449,7.45051221132331e-31
8,450,7.501931546735237e-31
8,451,7.554030609003218e-31
8,452,7.6069652956478814e-31
8,453,7.660683715608854e-31
8,454,7.714973069453164e-31
8,455,7.769623676256353e-31
8,456,7.824502242301259e-31
8,457,7.879593397016365e-31
8,458,7.93500762330344e-31
8,459,7.990841849988097e-31
8,460,8.047082865445753e-31
8,461,8.10369749813116e-31
8,462,8.160701729191978e-31
8,463,8.21813182132132e-31
8,464,8.27602870485977e-31
8,465,8.334397869268472e-31
8,466,8.39313967295865e-31
8,467,8.452087027104603e-31
8,468,8.511125876762405e-31
8,469,8.570255575295124e-31
8,470,8.629578980223897e-31
8,471,8.689256639116246e-31
8,472,8.749420933440616e-31
8,473,8.810122929259292e-31
8,474,8.871365427955167e-31
8,475,8.933153716727853e-31
8,476,8.99550925271281e-31
8,477,9.058465276149285e-31
8,478,9.122047955601292e-31
8,479,9.186246793835473e-31
8,480,9.251014140920636e-31
8,481,9.316300766187449e-31
8,482,9.38208444717865e-31
8,483,9.448367559111074e-31
8,484,9.515155886093962e-31
8,485,9.582438358866548e-31
8,486,9.650186285216952e-31
8,487,9.718374113272676e-31
8,488,9.787000743710485e-31
8,489,9.856092083581262e-31
8,490,9.925687342330653e-31
8,491,9.995820680886653e-31
8,492,1.0066509455537291e-30
8,493,1.0137759470083137e-30
8,494,1.0209585778757468e-30
8,495,1.0282028053795783e-30
8,496,1.0355143872752855e-30
8,497,1.04289883079367e-30
8,498,1.0503597697144892e-30
8,499,1.0578983923905408e-30
8,500,1.0655138132865518e-30
8,501,1.0732041173454125e-30
8,502,1.080967444052409e-30
8,503,1.0888025783975873e-30
8,504,1.096709083820024e-30
8,505,1.1046872294812337e-30
8,506,1.1127379415883917e-30
8,507,1.1208627469236178e-30
8,508,1.1290633137632284e-30
8,509,1.1373406427060557e-30
8,510,1.1456946590311379e-30
8,511,1.1541244960961874e-30
8,512,1.1626290246057121e-30
8,513,1.1712074035188102e-30
8,514,1.1798596504143406e-30
8,515,1.1885869363935169e-30
8,516,1.1973914022092638e-30
8,517,1.2062757124376143e-30
8,518,1.215242603373631e-30
8,519,1.2242944891775306e-30
8,520,1.2334331401975082e-30
8,521,1.242659545402618e-30
8,522,1.251974114456821e-30
8,523,1.2613771105804958e-30
8,524,1.2708689403639833e-30
8,525,1.2804501746726656e-30
8,526,1.2901215266361606e-30
8,527,1.2998839009438112e-30
8,528,1.3097384370961524e-30
8,529,1.3196865277797414e-30
8,530,1.3297297748356486e-30
8,531,1.3398697467260082e-30
8,532,1.3501075840788348e-30
8,533,1.3604437912446663e-30
8,534,1.3708784725441404e-30
8,535,1.3814118578359203e-30
8,536,1.3920447228444875e-30
8,537,1.4027784710939134e-30
8,538,1.413614909548222e-30
8,539,1.424555874986067e-30
8,540,1.4356029337478904e-30
8,541,1.4467573437278756e-30
8,542,1.4580202184176289e-30
8,543,1.4693926334951365e-30
8,544,1.4808755719654562e-30
8,545,1.4924698737807629e-30
8,546,1.504176347604249e-30
8,547,1.5159959905686412e-30
8,548,1.527930153544489e-30
8,549,1.5399805314720318e-30
8,550,1.5521489449706918e-30
8,551,1.5644370216649282e-30
8,552,1.5768460234697925e-30
8,553,1.58937697416851e-30
8,554,1.60203094635701e-30
8,555,1.6148092348403013e-30
8,556,1.6277133104435545e-30
8,557,1.6407446489210032e-30
8,558,1.6539045857922562e-30
8,559,1.6671943139125046e-30
8,560,1.680615037509161e-30
8,561,1.6941681444053225e-30
8,562,1.7078552253254463e-30
8,563,1.721677935833864e-30
8,564,1.735637855887943e-30
8,565,1.749736462605788e-30
8,566,1.7639751984631665e-30
8,567,1.7783555597915536e-30
8,568,1.792879137214846e-30
8,569,1.807547571796469e-30
8,570,1.822362472319557e-30
8,571,1.837325394088411e-30
8,572,1.8524379036620727e-30
8,573,1.8677016451922117e-30
8,574,1.883118337204074e-30
8,575,1.8986897140196148e-30
8,576,1.9144174607856217e-30
8,577,1.9303031843733217e-30
8,578,1.946348448378953e-30
8,579,1.962554850263359e-30
8,580,1.9789240693772847e-30
8,581,1.9954578509313065e-30
8,582,2.0121579664096277e-30
8,583,2.0290261965971075e-30
8,584,2.0460643405220607e-30
8,585,2.063274238136173e-30
8,586,2.0806577902347363e-30
8,587,2.098216948544646e-30
8,588,2.1159536736960438e-30
8,589,2.1338699003696987e-30
8,590,2.1519675394174995e-30
8,591,2.1702485059208687e-30
8,592,2.1887147539083042e-30
8,593,2.2073683047885164e-30
8,594,2.226211248938532e-30
8,595,2.245245712042342e-30
8,596,2.264473811834251e-30
8,597,2.2838976341622253e-30
8,598,2.3035192326070777e-30
8,599,2.3233406477341967e-30
8,600,2.3433639389445323e-30
8,601,2.3635912073279712e-30
8,602,2.38402459447384e-30
8,603,2.4046662707688485e-30
8,604,2.4255184302987433e-30
8,605,2.4465832905813046e-30
8,606,2.467863092168946e-30
8,607,2.4893600971710786e-30
8,608,2.511076581984783e-30
8,609,2.5330148270485083e-30
8,610,2.5551771185437363e-30
8,611,2.5775657643169354e-30
8,612,2.6001831067278496e-30
8,613,2.6230315218276874e-30
8,614,2.6461134088026373e-30
8,615,2.6694311769037845e-30
8,616,2.6929872395578623e-30
8,617,2.7167840230912078e-30
8,618,2.740823980236399e-30
8,619,2.7651095913744067e-30
8,620,2.7896433534588562e-30
8,621,2.8144277687473503e-30
8,622,2.839465341409384e-30
8,623,2.8647585849665934e-30
8,624,2.8903100368723263e-30
8,625,2.9161222670490696e-30
8,626,2.942197872836062e-30
8,627,2.9685394686584683e-30
8,628,2.9951496800529953e-30
8,629,3.0220311436793455e-30
8,630,3.0491865119448746e-30
8,631,3.0766184581167684e-30
8,632,3.1043296751797146e-30
8,633,3.132322869596829e-30
8,634,3.160600757468185e-30
8,635,3.18916606522885e-30
8,636,3.2180215327929365e-30
8,637,3.247169918117033e-30
8,638,3.276613999717246e-30
8,639,3.306356573587432e-30
8,640,3.336400447445201e-30
8,641,3.3667484366861444e-30
8,642,3.3974033626637454e-30
8,643,3.428368054129856e-30
8,644,3.459645351684254e-30
8,645,3.491238110741775e-30
8,646,3.523149200730825e-30
8,647,3.555381502914629e-30
8,648,3.5879379082785294e-30
8,649,3.620821315996179e-30
8,650,3.6540346335464266e-30
8,651,3.687580776912514e-30
8,652,3.721462668553512e-30
8,653,3.7556832351073946e-30
8,654,3.790245407070574e-30
8,655,3.82515211972416e-30
8,656,3.860406314389865e-30
8,657,3.896010938597885e-30
8,658,3.931968943450301e-30
8,659,3.968283279602335e-30
8,660,4.004956895279289e-30
8,661,4.041992736494694e-30
8,662,4.07939374809256e-30
8,663,4.117162874609167e-30
8,664,4.155303059363569e-30
8,665,4.1938172421053796e-30
8,666,4.232708357429763e-30
8,667,4.271979334375962e-30
8,668,4.311633096132921e-30
8,669,4.351672559468615e-30
8,670,4.39210063319294e-30
8,671,4.432920215749294e-30
8,672,4.4741341931022886e-30
8,673,4.5157454377911055e-30
8,674,4.557756808145433e-30
8,675,4.6001711476047486e-30
8,676,4.6429912837754706e-30
8,677,4.686220026583243e-30
8,678,4.729860166285718e-30
8,679,4.773914472082715e-30
8,680,4.81838569092659e-30
8,681,4.8632765464583185e-30
8,682,4.908589737806316e-30
8,683,4.954327937539757e-30
8,684,5.0004937891748694e-30
8,685,5.047089905377422e-30
8,686,5.0941188668241276e-30
8,687,5.1415832216292906e-30
8,688,5.189485484652535e-30
8,689,5.237828135748464e-30
8,690,5.2866136170124154e-30
8,691,5.3358443300666126e-30
8,692,5.3855226338863956e-30
8,693,5.435650843284577e-30
8,694,5.48623122788383e-30
8,695,5.537266010517617e-30
8,696,5.5887573651199595e-30
8,697,5.6407074145344926e-30
8,698,5.693118228389898e-30
8,699,5.745991821328402e-30
8,700,5.799330151363268e-30
8,701,5.853135117913826e-30
8,702,5.907408559487382e-30
8,703,5.962152251358475e-30
8,704,6.0173679033074e-30
8,705,6.073057157653647e-30
8,706,6.1292215877386414e-30
8,707,6.185862696081923e-30
8,708,6.242981912424519e-30
8,709,6.3005805915547726e-30
8,710,6.358660010879044e-30
8,711,6.41722136812306e-30
8,712,6.47626577936596e-30
8,713,6.535794276971271e-30
8,714,6.595807807614354e-30
8,715,6.656307230109773e-30
8,716,6.717293313158775e-30
8,717,6.778766733223418e-30
8,718,6.840728072562189e-30
8,719,6.903177817285358e-30
8,720,6.966116355323703e-30
8,721,7.029543974333257e-30
8,722,7.093460859552969e-30
8,723,7.157867091659069e-30
8,724,7.222762644930728e-30
8,725,7.288147385309235e-30
8,726,7.354021068617741e-30
8,727,7.420383338699774e-30
8,728,7.487233725542807e-30
8,729,7.554571643584872e-30
8,730,7.622396389912912e-30
8,731,7.69070714261111e-30
8,732,7.759502958987532e-30
8,733,7.828782773910098e-30
8,734,7.898545398148448e-30
8,735,7.96878951688512e-30
8,736,8.039513688395223e-30
8,737,8.110716342650369e-30
8,738,8.182395780110488e-30
8,739,8.254550170315862e-30
8,740,8.32717755061456e-30
8,741,8.400275824975854e-30
8,742,8.473842762910365e-30
8,743,8.547875998574091e-30
8,744,8.622373029944796e-30
8,745,8.697331217972407e-30
8,746,8.77274778582742e-30
8,747,8.848619818250371e-30
8,748,8.924944260942231e-30
8,749,9.001717920158474e-30
8,750,9.078937462292247e-30
8,751,9.156599413666655e-30
8,752,9.23470016022572e-30
8,753,9.313235947520722e-30
8,754,9.39220288075734e-30
8,755,9.471596924988621e-30
8,756,9.551413905337469e-30
8,757,9.631649507427899e-30
8,758,9.712299277729004e-30
8,759,9.793358624122656e-30
8,760,9.874822816608774e-30
8,761,9.956686988178009e-30
8,762,1.0038946135693698e-29
8,763,1.0121595121075393e-29
8,764,1.0204628672314445e-29
8,765,1.028804138486333e-29
8,766,1.0371827722923115e-29
8,767,1.0455982021085389e-29
8,768,1.0540498485957247e-29
8,769,1.0625371197865133e-29
8,770,1.0710594112744691e-29
8,771,1.0796161064134828e-29
8,772,1.0882065765275097e-29
8,773,1.0968301811361586e-29
8,774,1.1054862681957706e-29
8,775,1.1141741743450488e-29
8,776,1.1228932251667957e-29
8,777,1.131642735445428e-29
8,778,1.1404220094553302e-29
8,779,1.1492303412481224e-29
8,780,1.1580670149666411e-29
8,781,1.1669313051471861e-29
8,782,1.1758224770527704e-29
8,783,1.1847397869973678e-29
8,784,1.193682482697774e-29
8,785,1.2026498036163857e-29
8,786,1.2116409813379044e-29
8,787,1.2206552399173822e-29
8,788,1.2296917962853277e-29
8,789,1.2387498606095942e-29
8,790,1.2478286367054918e-29
8,791,1.2569273224276488e-29
8,792,1.26604511009044e-29
8,793,1.2751811868799026e-29
8,794,1.2843347352766065e-29
8,795,1.293504933483593e-29
8,796,1.3026909558573406e-29
8,797,1.3118919733445912e-29
8,798,1.3211071539331726e-29
8,799,1.3303356630990375e-29
8,800,1.3395766642430647e-29
9,1,3.3943879944940637e-71
9,2,1.4145928296563933e-69
9,3,4.6526498772823655e-68
9,4,1.225016321831912e-66
9,5,2.6078495346983344e-65
9,6,4.5200291291475986e-64
9,7,6.441679819306038e-63
9,8,7.632060324080986e-62
9,9,7.611408759310006e-61
9,10,6.474776002662606e-60
9,11,4.755147215253527e-59
9,12,3.051175123766908e-58
9,13,1.7322568045935958e-57
9,14,8.815356911122763e-57
9,15,4.073342117050041e-56
9,16,1.7305258622360212e-55
9,17,6.839526441842182e-55
9,18,2.5417445753287655e-54
9,19,8.963455437883771e-54
9,20,3.021253432463166e-53
9,21,9.784811482855203e-53
9,22,3.056134222244949e-52
9,23,9.226123575544841e-52
9,24,2.693494243305164e-51
9,25,7.594851701173565e-51
9,26,2.0617674087234505e-50
9,27,5.362876853413938e-50
9,28,1.32835889733028e-49
9,29,3.1120744718739123e-49
9,30,6.86817406859018e-49
9,31,1.4208437489483843e-48
9,32,2.750961980079132e-48
9,33,5.0270460521825e-48
9,34,8.796233118303146e-48
9,35,1.4851573009260202e-47
9,36,2.5104163997477327e-47
9,37,4.170403225192064e-47
9,38,6.974908903255925e-47
9,39,8.551795585520016e-48
9,40,1.8798297714136657e-46
9,41,3.005000401985644e-46
9,42,4.74327448620986e-46
9,43,7.357225666726722e-46
9,44,1.1185599707985009e-45
9,45,1.6678046145317236e-45
9,46,2.4539364437170082e-45
9,47,3.5851227875274686e-45
9,48,5.2187724451859095e-45
9,49,7.589450729402147e-45
9,50,1.1028067609591625e-44
9,51,1.5962143029957255e-44
9,52,2.290600098055065e-44
9,53,3.2477750816995497e-44
9,54,4.542102151988697e-44
9,55,6.261432599440129e-44
9,56,8.511425738785717e-44
9,57,1.1208755307161913e-43
9,58,1.5241083243963118e-43
9,59,2.0023349569850827e-43
9,60,2.6364613290745687e-43
9,61,3.506209771599864e-43
9,62,4.684192773223312e-43
9,63,6.238252361415058e-43
9,64,8.233575278433344e-43
9,65,1.0741618326615991e-42
9,66,1.3854108096368912e-42
9,67,1.769089971393582e-42
9,68,2.2436065709726966e-42
9,69,2.8382674940321974e-42
9,70,3.590148263844378e-42
9,71,4.5388309701936194e-42
9,72,5.7336492896410557e-42
9,73,7.231102386219417e-42
9,74,9.075365870097775e-42
9,75,1.1313519562250801e-41
9,76,1.4005490523614915e-41
9,77,1.7224025641844477e-41
9,78,2.1089190637586167e-41
9,79,2.5748266220051627e-41
9,80,3.146352214611468e-41
9,81,3.8431925723089597e-41
9,82,4.70732819728196e-41
9,83,5.772388699180536e-41
9,84,7.087244884542928e-41
9,85,8.716318354836762e-41
9,86,1.0695419870060396e-40
9,87,1.3049804985519556e-40
9,88,1.5816687299853003e-40
9,89,1.9046469237197156e-40
9,90,2.2830500251274218e-40
9,91,2.735200845941628e-40
9,92,3.281684788233e-40
9,93,3.936952657021815e-40
9,94,4.714930102197846e-40
9,95,5.6283696262036315e-40
9,96,6.694239708065024e-40
9,97,7.940085408954426e-40
9,98,9.390859902436239e-40
9,99,1.1067230277320178e-39
9,100,1.3007780503863008e-39
9,101,1.5256339702193045e-39
9,102,1.7871249808251327e-39
9,103,2.0915752227027162e-39
9,104,2.442638265739955e-39
9,105,2.8437192448553597e-39
9,106,3.299601062434864e-39
9,107,3.820330847167778e-39
9,108,4.417789480955647e-39
9,109,5.096531389356421e-39
9,110,5.86223653976736e-39
9,111,6.720374382060312e-39
9,112,7.696572469505006e-39
9,113,8.837817002919291e-39
9,114,1.0077298245018148e-38
9,115,1.1454191417011889e-38
9,116,1.3013819030510319e-38
9,117,1.4804318445095302e-38
9,118,1.6781389037491976e-38
9,119,1.9005804201981172e-38
9,120,2.1594092871329035e-38
9,121,2.4500778532782607e-38
9,122,2.777297563411207e-38
9,123,3.140629833533801e-38
9,124,3.5405976493697875e-38
9,125,3.9821115080837607e-38
9,126,4.463488509995563e-38
9,127,4.993000668002878e-38
9,128,5.581612410377672e-38
9,129,6.232651711172973e-38
9,130,6.962976431875549e-38
9,131,7.775993093123828e-38
9,132,8.681860023655577e-38
9,133,9.688530180231479e-38
9,134,1.0821208055854876e-37
9,135,1.2070553304808869e-37
9,136,1.3447211130265956e-37
9,137,1.4926158810931326e-37
9,138,1.6531731846462553e-37
9,139,1.8295349647073478e-37
9,140,2.025562936143123e-37
9,141,2.2453343714257347e-37
9,142,2.4884430524632395e-37
9,143,2.7588011882593025e-37
9,144,3.052386237602112e-37
9,145,3.379856470081684e-37
9,146,3.736183903415916e-37
9,147,4.131332088954518e-37
9,148,4.560521545213211e-37
9,149,5.027871387984155e-37
9,150,5.5523471740222974e-37
9,151,6.123420638436676e-37
9,152,6.731323935525209e-37
9,153,7.425876194334561e-37
9,154,8.147007737228913e-37
9,155,8.94625734120755e-37
9,156,9.811365579163845e-37
9,157,1.077207507461201e-36
9,158,1.1847768589484503e-36
9,159,1.2996682660022771e-36
9,160,1.4290641037473326e-36
9,161,1.5634869823076498e-36
9,162,1.712166136543175e-36
9,163,1.8661703183761337e-36
9,164,2.014972257145619e-36
9,165,2.203879198216334e-36
9,166,2.423704111865237e-36
9,167,2.606267836789439e-36
9,168,2.826693871654627e-36
9,169,3.0784575472953684e-36
9,170,3.401394537074087e-36
9,171,3.649965416253328e-36
9,172,3.932355693669735e-36
9,173,4.344213458879758e-36
9,174,4.702312413820187e-36
9,175,5.0451732083476885e-36
9,176,5.567656599180024e-36
9,177,6.00351052796061e-36
9,178,6.406955801881281e-36
9,179,6.991929914560263e-36
9,180,7.541649511799411e-36
9,181,8.034002746070779e-36
9,182,8.721009078214479e-36
9,183,9.454237686576357e-36
9,184,1.0195613631430367e-35
9,185,1.102224771334666e-35
9,186,1.1829343988685978e-35
9,187,1.2815741368206138e-35
9,188,1.3831048435318963e-35
9,189,1.4855766272424857e-35
9,190,1.5962643873995645e-35
9,191,1.6955018646901085e-35
9,192,1.7226050630359714e-35
9,193,1.892769406984061e-35
9,194,2.0007960153555054e-35
9,195,2.2186349026389373e-35
9,196,2.2792355785088564e-35
9,197,2.4997192622062256e-35
9,198,2.613547894787136e-35
9,199,2.8544344645437945e-35
9,200,3.001687980164875e-35
9,201,3.213974542267857e-35
9,202,3.453972613066238e-35
9,203,3.704999304580144e-35
9,204,3.96518747224614e-35
9,205,4.2168422610795133e-35
9,206,4.515265103901807e-35
9,207,4.783002712629545e-35
9,208,5.057549998267069e-35
9,209,5.272290056067528e-35
9,210,5.660381336341971e-35
9,211,5.956607796521678e-35
9,212,6.501108076517444e-35
9,213,6.796843706141906e-35
9,214,7.165778783524255e-35
9,215,7.523698253693419e-35
9,216,7.945195433598469e-35
9,217,8.512485996607296e-35
9,218,8.974176299810235e-35
9,219,9.546718587742505e-35
9,220,1.0096414327916466e-34
9,221,1.0741733146605478e-34
9,222,1.1437243627618465e-34
9,223,1.2123789894187354e-34
9,224,1.2887857405485555e-34
9,225,1.3607659928466527e-34
9,226,1.4344986139789983e-34
9,227,1.5159446054138251e-34
9,228,1.594875117328631e-34
9,229,1.670003065685098e-34
9,230,1.7009933055302648e-34
9,231,1.7921414573590633e-34
9,232,1.9214059990892858e-34
9,233,2.0822635639850123e-34
9,234,2.1568393656863027e-34
9,235,2.2036930221181906e-34
9,236,2.3856119922682412e-34
9,237,2.5367391305723564e-34
9,238,2.609207019885297e-34
9,239,2.7488313018470455e-34
9,240,2.9251408579081593e-34
9,241,3.1017586546171956e-34
9,242,3.236073259043673e-34
9,243,3.361128979645298e-34
9,244,3.503999339957318e-34
9,245,3.7529627499477657e-34
9,246,3.9039317993388545e-34
9,247,4.0846736241509754e-34
9,248,4.281697616068775e-34
9,249,4.532733643873034e-34
9,250,4.743462170614698e-34
9,251,4.843691187463149e-34
9,252,5.1500353863106155e-34
9,253,5.416256322512229e-34
9,254,5.691920898864686e-34
9,255,5.9683334527833955e-34
9,256,6.239417929146613e-34
9,257,6.651040299270459e-34
9,258,6.98890341623572e-34
9,259,7.303043048107372e-34
9,260,7.617930729879584e-34
9,261,7.925368023756475e-34
9,262,8.322523146587588e-34
9,263,8.665347264517682e-34
9,264,8.950849592383664e-34
9,265,9.192666743954699e-34
9,266,9.189068588395493e-34
9,267,8.643676127499881e-34
9,268,9.880846437574486e-34
9,269,1.0983869361388937e-33
9,270,1.110906182072471e-33
9,271,1.139209304963248e-33
9,272,1.1615163276882049e-33
9,273,1.2407468090010514e-33
9,274,1.2764736543591685e-33
9,275,1.3232599911094052e-33
9,276,1.4084290922199521e-33
9,277,1.4466291153848851e-33
9,278,1.518317096126673e-33
9,279,1.5670482244855783e-33
9,280,1.6127045907967504e-33
9,281,1.7370731760800973e-33
9,282,1.863979344434496e-33
9,283,2.001100264452625e-33
9,284,2.078699340408027e-33
9,285,2.0987839405144787e-33
9,286,2.142015838850845e-33
9,287,2.175025502116861e-33
9,288,2.2746669084176452e-33
9,289,2.402363247655136e-33
9,290,2.5153002944237505e-33
9,291,2.6366179961703795e-33
9,292,2.7120197242714565e-33
9,293,2.783486700738506e-33
9,294,2.835413183378587e-33
9,295,2.920540243731862e-33
9,296,3.0454243558578424e-33
9,297,3.182992744328027e-33
9,298,3.333365048314824e-33
9,299,3.4496017723928664e-33
9,300,3.557822174921828e-33
9,301,3.6275292884966724e-33
9,302,3.7465598307342426e-33
9,303,3.847867080146255e-33
9,304,4.002251073257857e-33
9,305,4.126245800120629e-33
9,306,4.287943387388976e-33
9,307,4.4145067988737414e-33
9,308,4.570725889418914e-33
9,309,4.7098680448794844e-33
9,310,4.869876155667509e-33
9,311,5.003472022507691e-33
9,312,5.158541654569113e-33
9,313,5.2844983011824605e-33
9,314,5.4514314122510924e-33
9,315,5.59376725637543e-33
9,316,5.790362152453999e-33
9,317,5.895491011470426e-33
9,318,6.0396319274509736e-33
9,319,6.034300597821656e-33
9,320,6.199166749859479e-33
9,321,6.399706713802677e-33
9,322,6.895932084829632e-33
9,323,7.216514140459586e-33
9,324,7.302185109540435e-33
9,325,7.405876721792344e-33
9,326,7.570384823449809e-33
9,327,8.037860002779295e-33
9,328,8.338751455907744e-33
9,329,8.432347039295155e-33
9,330,8.610987580913995e-33
9,331,8.844392492284908e-33
9,332,9.275401598554611e-33
9,333,9.552818923874281e-33
9,334,9.698540279932835e-33
9,335,1.0019381747162583e-32
9,336,1.0352158065489523e-32
9,337,1.078596014975525e-32
9,338,1.109000304765788e-32
9,339,1.1292986536479714e-32
9,340,1.1671110225428449e-32
9,341,1.2026614473123652e-32
9,342,1.247915628688046e-32
9,343,1.284546720945822e-32
9,344,1.312781594195476e-32
9,345,1.3538269671865986e-32
9,346,1.3896922439342655e-32
9,347,1.4388550876707214e-32
9,348,1.480950546455618e-32
9,349,1.5203089851573098e-32
9,350,1.5658227175127495e-32
9,351,1.6039067021027651e-32
9,352,1.6570388895498042e-32
9,353,1.7017525304400796e-32
9,354,1.7554148027447486e-32
9,355,1.805463813220814e-32
9,356,1.8542126609371142e-32
9,357,1.909689924731338e-32
9,358,1.9574374657293315e-32
9,359,2.0191462747674108e-32
9,360,2.069520656405305e-32
9,361,2.1352428138558468e-32
9,362,2.1901604759574128e-32
9,363,2.259174953520561e-32
9,364,2.3200974689272e-32
9,365,2.391096071002856e-32
9,366,2.4559047288722564e-32
9,367,2.528302927897561e-32
9,368,2.5984074250721427e-32
9,369,2.6755085909011174e-32
9,370,2.750339845994019e-32
9,371,2.83076824656147e-32
9,372,2.9074176958597373e-32
9,373,2.992803272314468e-32
9,374,3.070608844141299e-32
9,375,3.1627072370475024e-32
9,376,3.227981874983079e-32
9,377,3.3085532529657944e-32
9,378,3.290678281648542e-32
9,379,3.24620082819279e-32
9,380,3.011971730865665e-32
9,381,2.95044826583178e-32
9,382,3.344903602750589e-32
9,383,3.876419783293501e-32
9,384,3.750463823687572e-32
9,385,3.521652793256883e-32
9,386,3.922334485152089e-32
9,387,4.253408440616728e-32
9,388,4.051055266720523e-32
9,389,4.1723607015596686e-32
9,390,4.5361466679372204e-32
9,391,4.459084688759737e-32
9,392,4.440716588933778e-32
9,393,4.789200585587882e-32
9,394,4.9264782809049876e-32
9,395,4.933647558006605e-32
9,396,5.206559077585415e-32
9,397,5.417200336770364e-32
9,398,5.42374528945153e-32
9,399,5.617289511910417e-32
9,400,5.920633517085853e-32
9,401,5.997149247793728e-32
9,402,6.11373926069551e-32
9,403,6.423238447952976e-32
9,404,6.535405672698059e-32
9,405,6.583135812937141e-32
9,406,6.877100065740245e-32
9,407,7.076390432286321e-32
9,408,7.152040786944763e-32
9,409,7.39507439608672e-32
9,410,7.615961897060756e-32
9,411,7.756277084934103e-32
9,412,7.937445023825282e-32
9,413,8.136177366402702e-32
9,414,8.395964404126711e-32
9,415,8.586924500565709e-32
9,416,8.732411765892002e-32
9,417,9.017702211530392e-32
9,418,9.237043093564914e-32
9,419,9.405261338501828e-32
9,420,9.646190880894135e-32
9,421,9.858197744149651e-32
9,422,1.013282827686623e-31
9,423,1.035584692550402e-31
9,424,1.0515734605390395e-31
9,425,1.07696674053428e-31
9,426,1.0980145106745189e-31
9,427,1.1228244193788225e-31
9,428,1.145617219716618e-31
9,429,1.1628118279985095e-31
9,430,1.188111450535213e-31
9,431,1.2083494807092478e-31
9,432,1.2340286304374514e-31
9,433,1.257137899152441e-31
9,434,1.2765658811657666e-31
9,435,1.3002963736626782e-31
9,436,1.3179930801530058e-31
9,437,1.3433578080545296e-31
9,438,1.3635241642546862e-31
9,439,1.3874930384486503e-31
9,440,1.4090474599470317e-31
9,441,1.4288024670697175e-31
9,442,1.4510773671536014e-31
9,443,1.4689374162385237e-31
9,444,1.4925401434952362e-31
9,445,1.5088751150482124e-31
9,446,1.5319245944270271e-31
9,447,1.5461641833398023e-31
9,448,1.568715383654451e-31
9,449,1.5798765120660048e-31
9,450,1.5994944724383467e-31
9,451,1.6000208826197302e-31
9,452,1.612292974239756e-31
9,453,1.6037512778628698e-31
9,454,1.6085307629329584e-31
9,455,1.5509233292922469e-31
9,456,1.5488855169858029e-31
9,457,1.538569689156341e-31
9,458,1.6184961270815365e-31
9,459,1.6942680100829498e-31
9,460,1.731740011511551e-31
9,461,1.7046402234449198e-31
9,462,1.6547472438933154e-31
9,463,1.6942975561464263e-31
9,464,1.7352522127429581e-31
9,465,1.7799386902595134e-31
9,466,1.7671321717913608e-31
9,467,1.7258407501357327e-31
9,468,1.7663655822942624e-31
9,469,1.795560400885137e-31
9,470,1.8245638354143336e-31
9,471,1.8206391998360286e-31
9,472,1.7927880678018405e-31
9,473,1.829254331714972e-31
9,474,1.852452808992048e-31
9,475,1.8769420643520194e-31
9,476,1.8827216665863053e-31
9,477,1.8647893910240796e-31
9,478,1.892987453521093e-31
9,479,1.9034858979821607e-31
9,480,1.9223106419437872e-31
9,481,1.9306897690814532e-31
9,482,1.9207295843344577e-31
9,483,1.9464698042161767e-31
9,484,1.952624507296387e-31
9,485,1.973626442761918e-31
9,486,1.983073047281989e-31
9,487,1.978384782742996e-31
9,488,1.9942374084011465e-31
9,489,1.9933177750567757e-31
9,490,2.014890969472768e-31
9,491,2.019462973493467e-31
9,492,2.024047250525794e-31
9,493,2.0331287969870996e-31
9,494,2.02949412555582e-31
9,495,2.047426983661819e-31
9,496,2.046213656171393e-31
9,497,2.0603857561388333e-31
9,498,2.0626236212547173e-31
9,499,2.0668641736284123e-31
9,500,2.0755236918541837e-31
9,501,2.072351951589699e-31
9,502,2.0834501001422575e-31
9,503,2.078080496141538e-31
9,504,2.089743221099376e-31
9,505,2.087819213206879e-31
9,506,2.0965316257376003e-31
9,507,2.096838796390467e-31
9,508,2.1004677889661953e-31
9,509,2.103104607174821e-31
9,510,2.103693477770184e-31
9,511,2.10868673323327e-31
9,512,2.1063770265690364e-31
9,513,2.1120969805336103e-31
9,514,2.1066592383946543e-31
9,515,2.1135552805622577e-31
9,516,2.1051523530358107e-31
9,517,2.1134477517914906e-31
9,518,2.0992590034086134e-31
9,519,2.10857889651669e-31
9,520,2.084923856709597e-31
9,521,2.0963117166938546e-31
9,522,2.059922560274532e-31
9,523,2.0744769826895676e-31
9,524,2.029758752051809e-31
9,525,2.0571701084206932e-31
9,526,2.029140648188009e-31
9,527,2.077748010243461e-31
9,528,2.0739464243175473e-31
9,529,2.1024402049817225e-31
9,530,2.099133653246435e-31
9,531,2.0797511363892573e-31
9,532,2.082210231071909e-31
9,533,2.0495563476762355e-31
9,534,2.072174373458895e-31
9,535,2.0559433166103853e-31
9,536,2.084747032917121e-31
9,537,2.080933104676424e-31
9,538,2.086733097200456e-31
9,539,2.087620547400347e-31
9,540,2.0719159164319114e-31
9,541,2.0831142580531827e-31
9,542,2.066410904188197e-31
9,543,2.0870863239134455e-31
9,544,2.077929832388963e-31
9,545,2.0946540596152455e-31
9,546,2.090994986297829e-31
9,547,2.093766792628469e-31
9,548,2.0951646595281714e-31
9,549,2.087360617884258e-31
9,550,2.0954188524866066e-31
9,551,2.085158241072123e-31
9,552,2.0982038530280733e-31
9,553,2.0893529419138365e-31
9,554,2.102444087168569e-31
9,555,2.09535224137469e-31
9,556,2.1045654390516226e-31
9,557,2.099708641625932e-31
9,558,2.1043227368736954e-31
9,559,2.1025827647903776e-31
9,560,2.1034043161014017e-31
9,561,2.104491956626674e-31
9,562,2.1021858232172578e-31
9,563,2.105711524660848e-31
9,564,2.100951328989035e-31
9,565,2.1066756063959173e-31
9,566,2.0989813915260326e-31
9,567,2.1062970054067016e-31
9,568,2.0945548470491187e-31
9,569,2.103661153188945e-31
9,570,2.0865470207836998e-31
9,571,2.0978851938629582e-31
9,572,2.0724380298934865e-31
9,573,2.085327862623218e-31
9,574,2.0469233703889376e-31
9,575,2.059921787440906e-31
9,576,2.0087773803920798e-31
9,577,2.027405561966807e-31
9,578,1.983863156819842e-31
9,579,2.026281362985916e-31
9,580,2.0140932372301914e-31
9,581,2.063653485323771e-31
9,582,2.0616573161124147e-31
9,583,2.0635147194867e-31
9,584,2.0590982654243735e-31
9,585,2.0273061545385017e-31
9,586,2.0393909207003923e-31
9,587,2.014076479387801e-31
9,588,2.0422137312906246e-31
9,589,2.0339725087564865e-31
9,590,2.053386401377456e-31
9,591,2.053996431765684e-31
9,592,2.045671709137666e-31
9,593,2.050227361458447e-31
9,594,2.0309393013459386e-31
9,595,2.0496429014604083e-31
9,596,2.0391605932378896e-31
9,597,2.0590675391740165e-31
9,598,2.053985185693214e-31
9,599,2.0623038031893214e-31
9,600,2.0630092993353563e-31
9,601,2.058528870092425e-31
9,602,2.064587832996621e-31
9,603,2.054554017410379e-31
9,604,2.0669878230640985e-31
9,605,2.056670221665186e-31
9,606,2.069366243536508e-31
9,607,2.060280192000249e-31
9,608,2.070513683015766e-31
9,609,2.066265433912153e-31
9,610,2.0712989532572777e-31
9,611,2.0701156646749596e-31
9,612,2.068990660670973e-31
9,613,2.0714392390804437e-31
9,614,2.0671255220819398e-31
9,615,2.0725977458180033e-31
9,616,2.0652207644453377e-31
9,617,2.071678039278237e-31
9,618,2.0618722748275613e-31
9,619,2.069737424165715e-31
9,620,2.0587118715081373e-31
9,621,2.068296354575588e-31
9,622,2.05535074921011e-31
9,623,2.065813173903622e-31
9,624,2.049455169220471e-31
9,625,2.0607521469267305e-31
9,626,2.0403097374126845e-31
9,627,2.0531890570140463e-31
9,628,2.0273709998392792e-31
9,629,2.0417106634742944e-31
9,630,2.0090427662175996e-31
9,631,2.0255333410484193e-31
9,632,1.9886336131062207e-31
9,633,2.0106800851405943e-31
9,634,1.9779539235319202e-31
9,635,2.0087693196969018e-31
9,636,1.988719570909778e-31
9,637,2.021746299949821e-31
9,638,2.0128424239244883e-31
9,639,2.030991563841559e-31
9,640,2.027209004321152e-31
9,641,2.0227510946689077e-31
9,642,2.024392973418252e-31
9,643,2.005567964123137e-31
9,644,2.0153805181296982e-31
9,645,1.9939873798814286e-31
9,646,2.0116270283027055e-31
9,647,1.994808961230753e-31
9,648,2.0157442154539515e-31
9,649,2.005247176417547e-31
9,650,2.022760851517299e-31
9,651,2.0176847365245218e-31
9,652,2.027066857979407e-31
9,653,2.0262911494284806e-31
9,654,2.0268218350624364e-31
9,655,2.0297329839333145e-31
9,656,2.0234180008880765e-31
9,657,2.02982875155323e-31
9,658,2.019061694309379e-31
9,659,2.0286276200233752e-31
9,660,2.0146633635500296e-31
9,661,2.0266186254978363e-31
9,662,2.0095416051824765e-31
9,663,2.0231964084071795e-31
9,664,2.002703000271303e-31
9,665,2.0178104813005785e-31
9,666,1.9938078290559064e-31
9,667,2.010522329412371e-31
9,668,1.9837918389894216e-31
9,669,2.002712971053211e-31
9,670,1.975620951584979e-31
9,671,1.9974644958133773e-31
9,672,1.973609295995936e-31
9,673,1.997741492107995e-31
9,674,1.9798760443977255e-31
9,675,2.0025976721935952e-31
9,676,1.990912529640498e-31
9,677,2.0067950622698967e-31
9,678,2.000251682847141e-31
9,679,2.0064652762514647e-31
9,680,2.0047119578668602e-31
9,681,2.0023748895666168e-31
9,682,2.00539829419535e-31
9,683,1.997029476306653e-31
9,684,2.004377205933469e-31
9,685,1.9916799069867033e-31
9,686,2.0025231580803335e-31
9,687,1.985886741464385e-31
9,688,1.9993398495445527e-31
9,689,1.978244282329113e-31
9,690,1.9936031150135295e-31
9,691,1.9675417634117972e-31
9,692,1.984668699650103e-31
9,693,1.9546697084005328e-31
9,694,1.974630658608505e-31
9,695,1.9447798236725554e-31
9,696,1.969526048135619e-31
9,697,1.945846244566544e-31
9,698,1.974524087052589e-31
9,699,1.9599629579290546e-31
9,700,1.984961175549775e-31
9,701,1.977313524233168e-31
9,702,1.989566773581019e-31
9,703,1.9866751530554815e-31
9,704,1.9846188028283903e-31
9,705,1.9870169216202353e-31
9,706,1.975256650764255e-31
9,707,1.98346468734653e-31
9,708,1.9669627977167645e-31
9,709,1.980234376656886e-31
9,710,1.962268472075179e-31
9,711,1.9792187622302394e-31
9,712,1.9617104816423828e-31
9,713,1.980697892998961e-31
9,714,1.96466749394437e-31
9,715,1.9838231484077632e-31
9,716,1.9696217153593785e-31
9,717,1.987155128274221e-31
9,718,1.974832534015215e-31
9,719,1.989639930318508e-31
9,720,1.9792915534145545e-31
9,721,1.9911838106710876e-31
9,722,1.9828413218106538e-31
9,723,1.992214632680951e-31
9,724,1.9855562920875585e-31
9,725,1.9930576815648106e-31
9,726,1.987462076650513e-31
9,727,1.9939072443683234e-31
9,728,1.988654585941178e-31
9,729,1.994919348687443e-31
9,730,1.9890747682160246e-31
9,731,1.995886422108587e-31
9,732,1.987918476519667e-31
9,733,1.995765569341937e-31
9,734,1.9830326558790223e-31
9,735,1.9919156909765154e-31
9,736,1.9694370610262087e-31
9,737,1.977518007926811e-31
9,738,1.9358843646852372e-31
9,739,1.93723854724313e-31
9,740,1.8660983978487192e-31
9,741,1.858596361146041e-31
9,742,1.78102167058446e-31
9,743,1.8076830033666477e-31
9,744,1.803720671538851e-31
9,745,1.8994840475972496e-31
9,746,1.9290609088510443e-31
9,747,1.9372338945161905e-31
9,748,1.9107940520522325e-31
9,749,1.8417244896694396e-31
9,750,1.855910928333642e-31
9,751,1.8511398518556944e-31
9,752,1.9091551979427686e-31
9,753,1.917938416235856e-31
9,754,1.9004751530875125e-31
9,755,1.8924797921965867e-31
9,756,1.8593363146138256e-31
9,757,1.8930462692758e-31
9,758,1.9010500200189301e-31
9,759,1.930439439527333e-31
9,760,1.9355007416229293e-31
9,761,1.9192076673281937e-31
9,762,1.929362660646318e-31
9,763,1.9156425706228234e-31
9,764,1.9435553789036534e-31
9,765,1.9455612760338936e-31
9,766,1.9573938632516153e-31
9,767,1.9615842242656075e-31
9,768,1.9500066497565276e-31
9,769,1.9617632118684997e-31
9,770,1.9512856686047469e-31
9,771,1.970112223846209e-31
9,772,1.968507076379854e-31
9,773,1.9764889850754467e-31
9,774,1.9777590640549856e-31
9,775,1.9700716426191563e-31
9,776,1.9770177015707795e-31
9,777,1.9670845633797356e-31
9,778,1.979626557458153e-31
9,779,1.9741541318396025e-31
9,780,1.9828022901844045e-31
9,781,1.981605587826176e-31
9,782,1.9817389311604234e-31
9,783,1.984728377006453e-31
9,784,1.9790043077167154e-31
9,785,1.985031502906572e-31
9,786,1.9777959632577526e-31
9,787,1.9850289504295226e-31
9,788,1.979368650286899e-31
9,789,1.9852777318302684e-31
9,790,1.982044972556736e-31
9,791,1.985099461595002e-31
9,792,1.9846656785433516e-31
9,793,1.984698675120725e-31
9,794,1.9864094150572116e-31
9,795,1.98333803596198e-31
9,796,1.9865614031715722e-31
9,797,1.9816018660904527e-31
9,798,1.986319766903684e-31
9,799,1.9805602450274133e-31
9,800,1.985901869552499e-31
10,1,2.988015791740623e-82
10,2,2.187691134383119e-80
10,3,1.2516411600498798e-78
10,4,5.734662397818059e-77
10,5,2.1249535184312334e-75
10,6,6.425673636532789e-74
10,7,1.5998566455181502e-72
10,8,3.308711251152943e-71
10,9,5.733534541776369e-70
10,10,8.395103157484875e-69
10,11,1.04776115176544e-67
10,12,1.1257154148897686e-66
10,13,1.053106283089137e-65
10,14,8.661183792967995e-65
10,15,6.319573248714561e-64
10,16,4.126737504432465e-63
10,17,2.4310444515489234e-62
10,18,1.3012161730643221e-61
10,19,6.368563289511346e-61
10,20,2.865585317745794e-60
10,21,1.1903045502838696e-59
10,22,4.577551415687085e-59
10,23,1.631926819648186e-58
10,24,5.3895849422712714e-58
10,25,1.6440353959844397e-57
10,26,4.609244093468781e-57
10,27,1.1804331068415197e-56
10,28,2.747584567285648e-56
10,29,5.8270113087818395e-56
10,30,1.1321126986931432e-55
10,31,2.034882952917879e-55
10,32,3.446581461170514e-55
10,33,5.625706931611761e-55
10,34,9.038012210505949e-55
10,35,1.4347168870911633e-54
10,36,2.3534936477955945e-54
10,37,3.9149494245512706e-54
10,38,6.643439804576387e-54
10,39,1.1417329363608656e-53
10,40,3.7816617758196086e-54
10,41,3.3030734745612915e-53
10,42,5.421978587753975e-53
10,43,8.679392528518227e-53
10,44,1.3562445251554676e-52
10,45,2.074052264601767e-52
10,46,3.1093301761287747e-52
10,47,4.591724922947657e-52
10,48,6.718633574809887e-52
10,49,9.770725427470573e-52
10,50,1.4126267771702717e-51
10,51,2.028607010542562e-51
10,52,2.8917393429856795e-51
10,53,4.0915479515039147e-51
10,54,5.740946138863442e-51
10,55,7.87752716647203e-51
10,56,1.0973444707646489e-50
10,57,1.4972128322619536e-50
10,58,2.0245436253850197e-50
10,59,2.7310385937037935e-50
10,60,3.683967049850287e-50
10,61,4.966398489089015e-50
10,62,6.675655896693843e-50
10,63,8.924270219427706e-50
10,64,1.185202596486432e-49
10,65,1.5644354526874751e-49
10,66,2.054122117353068e-49
10,67,2.682653501762228e-49
10,68,3.482761448822483e-49
10,69,4.4923573767719746e-49
10,70,5.7525486417212375e-49
10,71,7.327016742784527e-49
10,72,9.276309416261029e-49
10,73,1.1579692927435433e-48
10,74,1.403264287801469e-48
10,75,1.6659270922043443e-48
10,76,2.01604580286439e-48
10,77,2.498049785713641e-48
10,78,3.129803475129006e-48
10,79,3.8991501390867114e-48
10,80,4.797054314513074e-48
10,81,5.849320394183474e-48
10,82,7.121606112682276e-48
10,83,8.722630829649599e-48
10,84,1.0774371129433649e-47
10,85,1.3294297983227142e-47
10,86,1.619419194102743e-47
10,87,1.9723204606841562e-47
10,88,2.429773563208839e-47
10,89,2.9798847021567743e-47
10,90,3.6237530037151885e-47
10,91,4.3786047012926023e-47
10,92,5.274528484123996e-47
10,93,6.176293308715481e-47
10,94,7.22866925499368e-47
10,95,8.159743028927173e-47
10,96,9.289613516876167e-47
10,97,1.0856015428661177e-46
10,98,1.304317591011838e-46
10,99,1.5802429092584208e-46
10,100,1.9001286782209866e-46
10,101,2.2448946270724165e-46
10,102,2.605525915281362e-46
10,103,3.004683147527621e-46
10,104,3.4743745582010154e-46
10,105,4.0625012614485896e-46
10,106,4.759054192336381e-46
10,107,5.53876173442898e-46
10,108,6.378851103603154e-46
10,109,7.303848612132766e-46
10,110,8.347775626296344e-46
10,111,9.579388826915164e-46
10,112,1.1052289026169255e-45
10,113,1.2782474089855746e-45
10,114,1.474447452570273e-45
10,115,1.6819135521594772e-45
10,116,1.925047226479393e-45
10,117,2.1876147008278986e-45
10,118,2.447791839210408e-45
10,119,2.7599778701844877e-45
10,120,3.1414121456777887e-45
10,121,3.591244679973191e-45
10,122,4.099138721210527e-45
10,123,4.643170728345021e-45
10,124,5.2074579634975554e-45
10,125,5.797285720177094e-45
10,126,6.598905953574848e-45
10,127,7.502868896604264e-45
10,128,8.491558896809287e-45
10,129,9.554861050157559e-45
10,130,1.0703323371022462e-44
10,131,1.2002180071546766e-44
10,132,1.3453513931127265e-44
10,133,1.5034380296499938e-44
10,134,1.6686583874982952e-44
10,135,1.826180471352533e-44
10,136,2.0168230534609515e-44
10,137,2.164838394772843e-44
10,138,2.3547293747061656e-44
10,139,2.6171602286934583e-44
10,140,2.940152877794581e-44
10,141,3.3465420856134895e-44
10,142,3.7250190946096505e-44
10,143,4.0451997529530127e-44
10,144,4.4790711849773664e-44
10,145,4.98758447255666e-44
10,146,5.590211300787364e-44
10,147,6.357723847407713e-44
10,148,7.104201285665287e-44
10,149,7.808535627854326e-44
10,150,8.534918195430688e-44
10,151,9.174210575397088e-44
10,152,9.863225270833283e-44
10,153,1.0703436054056612e-43
10,154,1.1567070419426721e-43
10,155,1.1152680814692395e-43
10,156,1.2035560557981108e-43
10,157,1.0207339133621985e-43
10,158,8.600538930851255e-44
10,159,7.7984678212176e-44
10,160,7.903645107558599e-44
10,161,8.465480920561926e-44
10,162,9.401117038705765e-44
10,163,1.0831256598629584e-43
10,164,1.2440518766169536e-43
10,165,1.4016677502754324e-43
10,166,1.5842445920232424e-43
10,167,1.7782370366308104e-43
10,168,1.9697534671588805e-43
10,169,2.1953533378658294e-43
10,170,2.4652074335607943e-43
10,171,2.784222797848456e-43
10,172,3.1690120910247708e-43
10,173,3.587544821796285e-43
10,174,4.020689330983295e-43
10,175,4.480728235684105e-43
10,176,4.953471739111778e-43
10,177,5.435875697999063e-43
10,178,5.924322158630769e-43
10,179,6.4009114103016726e-43
10,180,6.880198950247893e-43
10,181,7.366640888682387e-43
10,182,7.840664783506423e-43
10,183,8.328708436794601e-43
10,184,8.856595398018187e-43
10,185,9.4170697035839e-43
10,186,1.0004597805727143e-42
10,187,1.060415708827987e-42
10,188,1.1232523471285491e-42
10,189,1.1920054695561657e-42
10,190,1.2668644964780573e-42
10,191,1.3489206463327495e-42
10,192,1.4398922610666187e-42
10,193,1.5415945728580397e-42
10,194,1.6529014980345092e-42
10,195,1.771459393692599e-42
10,196,1.8961001615759443e-42
10,197,2.0240677487287786e-42
10,198,2.1555156734588938e-42
10,199,2.2891174153215674e-42
10,200,2.4237802026237233e-42
10,201,2.562432294176545e-42
10,202,2.705741233175534e-42
10,203,2.8542578170106296e-42
10,204,3.006155520779874e-42
10,205,3.1579875383997566e-42
10,206,3.308919940350745e-42
10,207,3.459791575424361e-42
10,208,3.611551623390351e-42
10,209,3.764315837992544e-42
10,210,3.9208378749832595e-42
10,211,4.084231668502265e-42
10,212,4.2582788684464216e-42
10,213,4.443269402725213e-42
10,214,4.638068069912951e-42
10,215,4.84474127935612e-42
10,216,5.067540702017518e-42
10,217,5.3083500505262624e-42
10,218,5.563503501859212e-42
10,219,5.829530659022126e-42
10,220,6.105018468191858e-42
10,221,6.390184396259636e-42
10,222,6.682810710822568e-42
10,223,6.978962319683092e-42
10,224,7.277156027672253e-42
10,225,7.578773388636107e-42
10,226,7.884490743308463e-42
10,227,8.195315697982836e-42
10,228,8.5123915231938e-42
10,229,8.837551675167783e-42
10,230,9.17247989153035e-42
10,231,9.51935632101566e-42
10,232,9.88207912228558e-42
10,233,1.0262856679654354e-41
10,234,1.0659338703846634e-41
10,235,1.1068557480441889e-41
10,236,1.149007472136517e-41
10,237,1.192380767811523e-41
10,238,1.236702011366066e-41
10,239,1.2818160275945742e-41
10,240,1.327987352095937e-41
10,241,1.3755762735377285e-41
10,242,1.424720086955172e-41
10,243,1.4757047224730357e-41
10,244,1.5289309407076868e-41
10,245,1.5845446588793166e-41
10,246,1.6424789847414504e-41
10,247,1.702780044870887e-41
10,248,1.7653417444232607e-41
10,249,1.8296028478461572e-41
10,250,1.8950976542841122e-41
10,251,1.961693339594607e-41
10,252,2.0292399195263425e-41
10,253,2.0977024388171862e-41
10,254,2.167478883797387e-41
10,255,2.2390056754153272e-41
10,256,2.312494338838603e-41
10,257,2.388425292012465e-41
10,258,2.4673513428828954e-41
10,259,2.549329871110548e-41
10,260,2.6343855015119745e-41
10,261,2.722800069578678e-41
10,262,2.8146109189501283e-41
10,263,2.90969711769618e-41
10,264,3.007980437246112e-41
10,265,3.109097862502063e-41
10,266,3.2127329253752484e-41
10,267,3.3188560100907484e-41
10,268,3.427144007028365e-41
10,269,3.537423612760767e-41
10,270,3.6500912762734044e-41
10,271,3.7655006270081755e-41
10,272,3.883977914063303e-41
10,273,4.0060115470670504e-41
10,274,4.131880804504086e-41
10,275,4.2616783728211515e-41
10,276,4.3956642869939386e-41
10,277,4.5335420930796504e-41
10,278,4.675324436305922e-41
10,279,4.820723879360842e-41
10,280,4.969583488064273e-41
10,281,5.122027768296344e-41
10,282,5.278168503770477e-41
10,283,5.438041381904988e-41
10,284,5.602189459350933e-41
10,285,5.770383470012729e-41
10,286,5.942953833138854e-41
10,287,6.120766320314451e-41
10,288,6.303502378437374e-41
10,289,6.491597840330401e-41
10,290,6.683931508181072e-41
10,291,6.877522587537119e-41
10,292,7.077554554604569e-41
10,293,7.243767102551874e-41
10,294,7.450843076361375e-41
10,295,7.580513928973929e-41
10,296,7.699388581413405e-41
10,297,7.827718914763844e-41
10,298,7.988273445261648e-41
10,299,8.182953977925506e-41
10,300,8.41237703872374e-41
10,301,8.659497241071129e-41
10,302,8.92369537137843e-41
10,303,9.194942417046183e-41
10,304,9.482835465216172e-41
10,305,9.776071428020002e-41
10,306,1.0096438118531782e-40
10,307,1.0418493668172956e-40
10,308,1.0772301439950471e-40
10,309,1.1076070285917358e-40
10,310,1.139315238202294e-40
10,311,1.155569769427196e-40
10,312,1.187376973064582e-40
10,313,1.2245401574450954e-40
10,314,1.2759621689701134e-40
10,315,1.299183609914778e-40
10,316,1.3109166170992136e-40
10,317,1.3598901119680718e-40
10,318,1.3991115388599621e-40
10,319,1.416982807062622e-40
10,320,1.4555242208802113e-40
10,321,1.497286708267557e-40
10,322,1.5269020907550237e-40
10,323,1.5589121252610773e-40
10,324,1.595983361782674e-40
10,325,1.6355256258555174e-40
10,326,1.6677989903538652e-40
10,327,1.7022691141128805e-40
10,328,1.7517766093271403e-40
10,329,1.7932396945748572e-40
10,330,1.8336254629334866e-40
10,331,1.8184757027738636e-40
10,332,1.87247613080448e-40
10,333,1.926650287283189e-40
10,334,2.0004816058253726e-40
10,335,2.064590445514168e-40
10,336,2.1185834229721268e-40
10,337,2.182774622532716e-40
10,338,2.2449004802606514e-40
10,339,2.307490422773805e-40
10,340,2.3682697080844133e-40
10,341,2.4202274987688623e-40
10,342,2.4804638839387447e-40
10,343,2.5366992892061955e-40
10,344,2.593366579854465e-40
10,345,2.667452919614962e-40
10,346,2.7356145028641837e-40
10,347,2.7998533727495555e-40
10,348,2.8659111531610506e-40
10,349,2.93133969726066e-40
10,350,3.009988024551728e-40
10,351,3.082390689390338e-40
10,352,3.1515606616351706e-40
10,353,3.2259362480698804e-40
10,354,3.2973206255577928e-40
10,355,3.3797386035026223e-40
10,356,3.4578403542815336e-40
10,357,3.533657717877754e-40
10,358,3.6129270709138274e-40
10,359,3.6868021523784714e-40
10,360,3.767349460398333e-40
10,361,3.838851007287276e-40
10,362,3.908594925323345e-40
10,363,3.97874471137762e-40
10,364,4.05023548439681e-40
10,365,4.136032809961088e-40
10,366,4.2239005291536495e-40
10,367,4.32689237467579e-40
10,368,4.428114010580608e-40
10,369,4.535674016897934e-40
10,370,4.636857768326543e-40
10,371,4.737742894168556e-40
10,372,4.835719153687128e-40
10,373,4.933859050873224e-40
10,374,5.0361866435316785e-40
10,375,5.140071776229977e-40
10,376,5.251516039498933e-40
10,377,5.35880513677025e-40
10,378,5.473882098561792e-40
10,379,5.575858291067591e-40
10,380,5.688082730446584e-40
10,381,5.7688879374182545e-40
10,382,5.86682837487014e-40
10,383,5.903460413684783e-40
10,384,5.990841750439092e-40
10,385,6.040401736412031e-40
10,386,6.257461174388821e-40
10,387,6.449550527047066e-40
10,388,6.595691489228397e-40
10,389,6.671100182676101e-40
10,390,6.718966846338831e-40
10,391,6.920071524042299e-40
10,392,7.071539020340182e-40
10,393,7.150558543916194e-40
10,394,7.2482573624122756e-40
10,395,7.359370926693328e-40
10,396,7.554507644461894e-40
10,397,7.684128995691546e-40
10,398,7.760066801132617e-40
10,399,7.921925169935409e-40
10,400,8.0651839533992e-40
10,401,8.176965559842223e-40
10,402,8.290982169246126e-40
10,403,8.348066346130515e-40
10,404,8.478085430492105e-40
10,405,8.581488826821884e-40
10,406,8.674482092244114e-40
10,407,8.82536363391454e-40
10,408,8.977709095863336e-40
10,409,9.165812746823971e-40
10,410,9.32129559342619e-40
10,411,9.440115715377502e-40
10,412,9.59609337736487e-40
10,413,9.72900697075885e-40
10,414,9.876401312490791e-40
10,415,9.924136506724655e-40
10,416,1.0048046265894101e-39
10,417,9.954980285673129e-40
10,418,9.809231083456704e-40
10,419,9.717497571508477e-40
10,420,9.724849981645265e-40
10,421,9.825766497074773e-40
10,422,1.0055453035282785e-39
10,423,1.0338828775146743e-39
10,424,1.0644786439322989e-39
10,425,1.0929600811998026e-39
10,426,1.1159011667768e-39
10,427,1.077912284015091e-39
10,428,1.0966539481859558e-39
10,429,1.1134647222243841e-39
10,430,1.1243980842404685e-39
10,431,1.1323740300886515e-39
10,432,1.1311601178849444e-39
10,433,1.1548113982280062e-39
10,434,1.1743532812423683e-39
10,435,1.195935670509948e-39
10,436,1.2185888333242458e-39
10,437,1.2406910211414082e-39
10,438,1.2646651093789888e-39
10,439,1.1385692078293437e-39
10,440,1.1567543571540036e-39
10,441,1.1911126060877711e-39
10,442,1.2319769727056368e-39
10,443,1.2777850500708701e-39
10,444,1.327616055935569e-39
10,445,1.3797498876079569e-39
10,446,1.4323716829226967e-39
10,447,1.480980562837648e-39
10,448,1.526898669792324e-39
10,449,1.567678621418607e-39
10,450,1.6025594499810072e-39
10,451,1.6282602737680297e-39
10,452,1.6455062089210527e-39
10,453,1.6560652709338684e-39
10,454,1.6620362755477016e-39
10,455,1.6659260598041174e-39
10,456,1.667299135885353e-39
10,457,1.6695250175568892e-39
10,458,1.6730174332465557e-39
10,459,1.680974395027589e-39
10,460,1.6911317158217484e-39
10,461,1.70432608315285e-39
10,462,1.7174663049893284e-39
10,463,1.7322026025959414e-39
10,464,1.746240396569604e-39
10,465,1.7619101971220295e-39
10,466,1.7769618945752273e-39
10,467,1.7946338995792608e-39
10,468,1.812454978336936e-39
10,469,1.8342195136315867e-39
10,470,1.855739664172995e-39
10,471,1.881846805541829e-39
10,472,1.9057814912946054e-39
10,473,1.9349791872785196e-39
10,474,1.9583842543981886e-39
10,475,1.9877116514101246e-39
10,476,2.00467856421841e-39
10,477,2.0302284515268996e-39
10,478,2.0375092116842e-39
10,479,2.0640255677456942e-39
10,480,2.0752545152170614e-39
10,481,2.1192287262847192e-39
10,482,2.1486953348371028e-39
10,483,2.1854424996291152e-39
10,484,2.2031561144898325e-39
10,485,2.2054362904710397e-39
10,486,2.220564717728248e-39
10,487,2.227896586062789e-39
10,488,2.2580603052013556e-39
10,489,2.275593885101772e-39
10,490,2.289847735550691e-39
10,491,2.3034404584299303e-39
10,492,2.3100172887742458e-39
10,493,2.3371783759280616e-39
10,494,2.3580311820480313e-39
10,495,2.3855048565610722e-39
10,496,2.4074376493929314e-39
10,497,2.423135289834151e-39
10,498,2.4493133616379985e-39
10,499,2.468945745848681e-39
10,500,2.4991010683230884e-39
10,501,2.5219772726015738e-39
10,502,2.542171867111197e-39
10,503,2.5647455313805507e-39
10,504,2.5809707322225477e-39
10,505,2.6069391852925956e-39
10,506,2.626512544434597e-39
10,507,2.6495350239444783e-39
10,508,2.669832471397286e-39
10,509,2.6863402264643344e-39
10,510,2.708539717514661e-39
10,511,2.7252684851980325e-39
10,512,2.7489040624802292e-39
10,513,2.7681637812191302e-39
10,514,2.7883282274017213e-39
10,515,2.808587681229817e-39
10,516,2.8257332583400175e-39
10,517,2.8483159588182746e-39
10,518,2.8666213269661653e-39
10,519,2.8898695663618728e-39
10,520,2.9097626584939774e-39
10,521,2.9303347611313706e-39
10,522,2.9512939231774485e-39
10,523,2.970067154057831e-39
10,524,2.992331674759117e-39
10,525,3.010791782528059e-39
10,526,3.0328803478154284e-39
10,527,3.051665034123222e-39
10,528,3.072403464624522e-39
10,529,3.0924224088344035e-39
10,530,3.1119202586322254e-39
10,531,3.1329907191799235e-39
10,532,3.151753787509008e-39
10,533,3.173425729197166e-39
10,534,3.192227075957045e-39
10,535,3.2138110077998667e-39
10,536,3.232836106774695e-39
10,537,3.253286646713397e-39
10,538,3.2726353892137425e-39
10,539,3.292020641272162e-39
10,540,3.311938799299883e-39
10,541,3.330642929930362e-39
10,542,3.3508794432801715e-39
10,543,3.3690497074540056e-39
10,544,3.389409141748604e-39
10,545,3.4074987671185554e-39
10,546,3.4278491416380426e-39
10,547,3.4461557936681754e-39
10,548,3.466373482697059e-39
10,549,3.485062444930739e-39
10,550,3.505233127484597e-39
10,551,3.524295098495956e-39
10,552,3.544184106246772e-39
10,553,3.563333750979262e-39
10,554,3.582758368809876e-39
10,555,3.601956063249627e-39
10,556,3.621089456626786e-39
10,557,3.6403654674174524e-39
10,558,3.6592581574324165e-39
10,559,3.678649985388423e-39
10,560,3.6973784667418655e-39
10,561,3.717022332529228e-39
10,562,3.73558425963618e-39
10,563,3.755403727071022e-39
10,564,3.773601205394088e-39
10,565,3.793635968003754e-39
10,566,3.811346554544974e-39
10,567,3.8318465633592674e-39
10,568,3.848723846929026e-39
10,569,3.869846625235753e-39
10,570,3.885134854591844e-39
10,571,3.9071436551346445e-39
10,572,3.9193786596618876e-39
10,573,3.94238270807622e-39
10,574,3.948043309268687e-39
10,575,3.970969529751609e-39
10,576,3.962346129731889e-39
10,577,3.9820280381917335e-39
10,578,3.949004617813889e-39
10,579,3.970643531325459e-39
10,580,3.932986538366634e-39
10,581,4.001736894972063e-39
10,582,4.023209678469858e-39
10,583,4.114933465246641e-39
10,584,4.138726874804098e-39
10,585,4.126658182511588e-39
10,586,4.132920539484547e-39
10,587,4.1101785596051315e-39
10,588,4.174579769477623e-39
10,589,4.2051062047355096e-39
10,590,4.235535015654055e-39
10,591,4.251680398985466e-39
10,592,4.23739715296368e-39
10,593,4.279282147404572e-39
10,594,4.29985314377159e-39
10,595,4.338673124823347e-39
10,596,4.359348813008639e-39
10,597,4.356460922864287e-39
10,598,4.381790259099928e-39
10,599,4.3934809553145145e-39
10,600,4.43035946917337e-39
10,601,4.448820534725433e-39
10,602,4.459440089657873e-39
10,603,4.479037996362879e-39
10,604,4.486388958859651e-39
10,605,4.521068465951734e-39
10,606,4.53698337224411e-39
10,607,4.557798760961622e-39
10,608,4.577054893113059e-39
10,609,4.5838947493860495e-39
10,610,4.613845859634945e-39
10,611,4.6275165511292646e-39
10,612,4.65377047063256e-39
10,613,4.67330325955576e-39
10,614,4.6853089476770224e-39
10,615,4.7113265449957844e-39
10,616,4.723785633716401e-39
10,617,4.75120165229137e-39
10,618,4.769002661263391e-39
10,619,4.7863029998778336e-39
10,620,4.80767056062212e-39
10,621,4.820022594171978e-39
10,622,4.8440274957062084e-39
10,623,4.8590464954223324e-39
10,624,4.880058842726432e-39
10,625,4.8976636958408e-39
10,626,4.914134921271311e-39
10,627,4.934730156887222e-39
10,628,4.949608586032976e-39
10,629,4.972006912507824e-39
10,630,4.987104334690974e-39
10,631,5.00795092928835e-39
10,632,5.0253240741512904e-39
10,633,5.042355205090843e-39
10,634,5.062387352854404e-39
10,635,5.0767110500621166e-39
10,636,5.098108829119852e-39
10,637,5.113284879792132e-39
10,638,5.133558738005851e-39
10,639,5.150832720025041e-39
10,640,5.168126379105164e-39
10,641,5.1871831120549166e-39
10,642,5.2026014526570983e-39
10,643,5.2226747434908125e-39
10,644,5.2380379436310244e-39
10,645,5.257566074794179e-39
10,646,5.273791500132042e-39
10,647,5.291832362905828e-39
10,648,5.3090953190122175e-39
10,649,5.325795752576574e-39
10,650,5.3438532467185033e-39
10,651,5.359796877612463e-39
10,652,5.3784368515932473e-39
10,653,5.394150830969468e-39
10,654,5.4129604407255736e-39
10,655,5.428775769231041e-39
10,656,5.447066270683992e-39
10,657,5.463378137790554e-39
10,658,5.480690588706052e-39
10,659,5.497699599382678e-39
10,660,5.514027873444515e-39
10,661,5.531606676535448e-39
10,662,5.5473961020170666e-39
10,663,5.565233633098956e-39
10,664,5.580780641576002e-39
10,665,5.5984904950497575e-39
10,666,5.613938543787734e-39
10,667,5.631475759369256e-39
10,668,5.64696486400019e-39
10,669,5.664274616940736e-39
10,670,5.6797522183268656e-39
10,671,5.696780163079225e-39
10,672,5.7123251902736436e-39
10,673,5.729148195226525e-39
10,674,5.744748628921159e-39
10,675,5.761314030967515e-39
10,676,5.776901980746983e-39
10,677,5.793275964256396e-39
10,678,5.808869954152128e-39
10,679,5.825067104515634e-39
10,680,5.840534248562053e-39
10,681,5.8565510686185414e-39
10,682,5.8718654648295114e-39
10,683,5.887852517582005e-39
10,684,5.902966499626096e-39
10,685,5.918959237761947e-39
10,686,5.933739803672712e-39
10,687,5.949843501315332e-39
10,688,5.964226775722426e-39
10,689,5.980591547826983e-39
10,690,5.99434083495624e-39
10,691,6.011147483882964e-39
10,692,6.023866710973724e-39
10,693,6.041524886396287e-39
10,694,6.052419518985805e-39
10,695,6.071461137300119e-39
10,696,6.078731706818999e-39
10,697,6.099681985016501e-39
10,698,6.099191170813998e-39
10,699,6.121504182943992e-39
10,700,6.1029467415739e-39
10,701,6.121552076679503e-39
10,702,6.062867042569642e-39
10,703,6.068446951465469e-39
10,704,5.956820699457244e-39
10,705,5.982293341152385e-39
10,706,5.91642668432513e-39
10,707,6.067340850460517e-39
10,708,6.133307061979398e-39
10,709,6.242628814193808e-39
10,710,6.240415324875503e-39
10,711,6.146484711180986e-39
10,712,6.153432140787039e-39
10,713,6.140827955107857e-39
10,714,6.2589587997295e-39
10,715,6.303566495774825e-39
10,716,6.286985091911675e-39
10,717,6.290635525508314e-39
10,718,6.268668606545991e-39
10,719,6.348895338953347e-39
10,720,6.371745683935071e-39
10,721,6.3779293256774e-39
10,722,6.386488826608465e-39
10,723,6.361371923230391e-39
10,724,6.406875264174375e-39
10,725,6.41749496601787e-39
10,726,6.439926622920124e-39
10,727,6.460748074648075e-39
10,728,6.449181521847618e-39
10,729,6.481992778427294e-39
10,730,6.495150019382729e-39
10,731,6.525269588176181e-39
10,732,6.540574804794934e-39
10,733,6.535312242726477e-39
10,734,6.555657061274116e-39
10,735,6.562142570333831e-39
10,736,6.592888352707442e-39
10,737,6.605586247718469e-39
10,738,6.613091765697095e-39
10,739,6.631889006697884e-39
10,740,6.635318141542988e-39
10,741,6.662458459641538e-39
10,742,6.671459500241144e-39
10,743,6.686703130066275e-39
10,744,6.703031257212487e-39
10,745,6.706327059801679e-39
10,746,6.72840924084088e-39
10,747,6.733886606558927e-39
10,748,6.752142142118153e-39
10,749,6.765569442367719e-39
10,750,6.773374273179477e-39
10,751,6.79164552667158e-39
10,752,6.79697272702533e-39
10,753,6.81654059165618e-39
10,754,6.826571207795143e-39
10,755,6.839367111794244e-39
10,756,6.853721263441252e-39
10,757,6.859212063626282e-39
10,758,6.876487012798813e-39
10,759,6.883847137423917e-39
10,760,6.898774960800733e-39
10,761,6.910815258907814e-39
10,762,6.920054577149109e-39
10,763,6.93412139708279e-39
10,764,6.941765843609116e-39
10,765,6.955166459862076e-39
10,766,6.964001871249107e-39
10,767,6.97551705725587e-39
10,768,6.985959021011779e-39
10,769,6.995625274554361e-39
10,770,7.006707335226747e-39
10,771,7.015489653711364e-39
10,772,7.026895589524697e-39
10,773,7.035844846896426e-39
10,774,7.047071156747862e-39
10,775,7.05621017755293e-39
10,776,7.067047294653406e-39
10,777,7.076721779471478e-39
10,778,7.086411590043972e-39
10,779,7.096263581748191e-39
10,780,7.104770735915275e-39
10,781,7.115093555720965e-39
10,782,7.123181096492424e-39
10,783,7.133870161662636e-39
10,784,7.141813091555149e-39
10,785,7.15213420031063e-39
10,786,7.160477857842489e-39
10,787,7.169451464430983e-39
10,788,7.178662934951265e-39
10,789,7.186543843623353e-39
10,790,7.196402858439564e-39
10,791,7.203800909840161e-39
10,792,7.21341571766225e-39
10,793,7.221003868530936e-39
10,794,7.230299795800676e-39
10,795,7.23833310851412e-39
10,796,7.246985962691549e-39
10,797,7.255106562330733e-39
10,798,7.263351506260833e-39
10,799,7.271444980375896e-39
10,800,7.279637736124425e-39
