bayesopt_iteration,inference_iteration,expected_lhood
0,1,2.5232002851515738e-92
0,2,1.907562008066812e-86
0,3,6.638301012227809e-79
0,4,5.443661171561308e-78
0,5,3.509256776074385e-80
0,6,1.8494459486415696e-78
0,7,3.3075270386147756e-77
0,8,6.793985118258226e-76
0,9,2.4519420465401054e-74
0,10,8.624597108317339e-73
0,11,5.323684767696824e-72
0,12,5.473639817502309e-71
0,13,2.037661910902636e-70
0,14,9.332329773627316e-70
0,15,4.30079095252462e-69
0,16,1.8382732063625636e-68
0,17,6.763763778602324e-68
0,18,1.994373129124236e-67
0,19,4.068238057252326e-67
0,20,9.367844847811801e-67
0,21,2.3483463394772271e-66
0,22,5.424240773945886e-66
0,23,1.188566487430733e-65
0,24,2.4255835474992945e-65
0,25,4.851456656590818e-65
0,26,1.0141093549555527e-64
0,27,2.10807865359432e-64
0,28,4.4128392270551934e-64
0,29,9.379781336641177e-64
0,30,1.9162351419867096e-63
0,31,3.8488195579176795e-63
0,32,7.780271477242695e-63
0,33,1.5265097682507139e-62
0,34,2.9361151948806974e-62
0,35,5.530424063094258e-62
0,36,1.0376991748156776e-61
0,37,1.85215017671495e-61
0,38,3.2520923564009736e-61
0,39,5.5073700677658444e-61
0,40,9.18065717924455e-61
0,41,1.4874753578144352e-60
0,42,2.4075221401562584e-60
0,43,3.7398344279685966e-60
0,44,5.888937575884485e-60
0,45,8.785234902584286e-60
0,46,1.3095131673533746e-59
0,47,1.9823917658886723e-59
0,48,2.9906165026771384e-59
0,49,4.406636733420512e-59
0,50,6.254025644587348e-59
0,51,9.36843618806898e-59
0,52,1.3906116086022634e-58
0,53,1.9965515267674736e-58
0,54,2.921691936216423e-58
0,55,4.209313770291677e-58
0,56,5.692698693757822e-58
0,57,8.109625127203153e-58
0,58,1.0945821347049772e-57
0,59,1.486298309356978e-57
0,60,1.9489501344410462e-57
0,61,2.5461047402962215e-57
0,62,3.415017448598403e-57
0,63,4.404747824334383e-57
0,64,5.612111453250526e-57
0,65,7.01124788049774e-57
0,66,8.646123308105009e-57
0,67,1.0714367939455185e-56
0,68,1.3449025156975317e-56
0,69,1.6091627258618511e-56
0,70,1.9532334735381328e-56
0,71,2.2843152832841994e-56
0,72,2.772425170553167e-56
0,73,3.1977813646351876e-56
0,74,3.695712103024537e-56
0,75,4.165591661510248e-56
0,76,4.965314088925097e-56
0,77,5.741047611037786e-56
0,78,6.403513921994912e-56
0,79,7.21161774482106e-56
0,80,8.215511839782501e-56
0,81,9.24698688875133e-56
0,82,1.1000042817396464e-55
0,83,1.2023579178644295e-55
0,84,1.4142008303714947e-55
0,85,1.538368962935625e-55
0,86,1.804091263289794e-55
0,87,2.0442042949348524e-55
0,88,2.241212427837091e-55
0,89,2.5812307796391957e-55
0,90,2.9106643042102658e-55
0,91,3.3056143058686144e-55
0,92,3.7296948176898956e-55
0,93,4.229204571950952e-55
0,94,4.8722278950552616e-55
0,95,5.395316011013968e-55
0,96,6.209289405480877e-55
0,97,7.130460263876876e-55
0,98,8.08403311968603e-55
0,99,9.363481259816427e-55
0,100,1.0650634373621675e-54
0,101,1.2190128424878618e-54
0,102,1.3832675214569398e-54
0,103,1.586079602124885e-54
0,104,1.8308023266170924e-54
0,105,2.1202072095228428e-54
0,106,2.4268337624924034e-54
0,107,2.7833777296736744e-54
0,108,3.2445698418142376e-54
0,109,3.764518881225957e-54
0,110,4.38253002122869e-54
0,111,4.9746870874058576e-54
0,112,5.739106621111378e-54
0,113,6.65471945291822e-54
0,114,7.940356513305554e-54
0,115,9.236176037417333e-54
0,116,1.0847327233700603e-53
0,117,1.2620842430883354e-53
0,118,1.48727828912299e-53
0,119,1.7439420981976789e-53
0,120,2.05738338780939e-53
0,121,2.4244120193459557e-53
0,122,2.913930545532452e-53
0,123,3.481171153455374e-53
0,124,4.187598954747046e-53
0,125,4.969358763540089e-53
0,126,5.53537613644311e-53
0,127,6.10196814782889e-53
0,128,7.309214593175363e-53
0,129,8.490997301478366e-53
0,130,9.967635432758144e-53
0,131,1.2473248291624908e-52
0,132,1.4684196558521572e-52
0,133,1.9435052072494495e-52
0,134,1.828566042026256e-52
0,135,2.5731616665550694e-52
0,136,3.987569289805096e-52
0,137,4.8815573934140284e-52
0,138,6.3326876257284565e-52
0,139,8.483240556347426e-52
0,140,1.1052204072131452e-51
0,141,1.4672901339505784e-51
0,142,1.9698160688855275e-51
0,143,2.9081955736573196e-51
0,144,3.7053262492305837e-51
0,145,4.830365288450059e-51
0,146,7.541541187229522e-51
0,147,2.5452562749938067e-52
0,148,3.951922169976673e-51
0,149,2.618092974275038e-51
0,150,5.735289842198735e-51
0,151,2.9842811313998426e-51
0,152,6.288703107774408e-51
0,153,1.7718989980931138e-50
0,154,2.9280525733445886e-50
0,155,4.726480609595759e-50
0,156,7.45483373859907e-50
0,157,1.390477473174855e-49
0,158,1.8556265944840165e-49
0,159,3.706297959328844e-49
0,160,2.42613728423775e-50
0,161,6.016451575251358e-51
0,162,3.7984714181700994e-51
0,163,2.4128828396450765e-50
0,164,1.2377641439301123e-49
0,165,1.3039378413272538e-48
0,166,1.6416111147981604e-48
0,167,6.528806225189052e-48
0,168,9.096637992769902e-48
0,169,1.8232172302971335e-48
0,170,1.227701639375399e-47
0,171,2.118061288862859e-47
0,172,4.53250518413801e-47
0,173,1.0076331803627386e-46
0,174,2.337849634302417e-46
0,175,1.236944908262893e-46
0,176,3.577966283878612e-46
0,177,8.189717429098297e-46
0,178,2.455190690785179e-45
0,179,1.2847014041002142e-45
0,180,6.118455764588408e-47
0,181,7.425432474460196e-47
0,182,3.1996156576577794e-46
0,183,2.1247771581501318e-45
0,184,4.276715758870987e-46
0,185,4.0504701381039765e-46
0,186,6.948801380264892e-45
0,187,9.002744566005232e-46
0,188,3.51184195910696e-45
0,189,1.5900057190182404e-43
0,190,1.6935885089390414e-42
0,191,2.5704370443939296e-46
0,192,2.1342800423405926e-42
0,193,4.281582004230792e-45
0,194,4.594981363670494e-44
0,195,1.3943796186446555e-43
0,196,7.463696122554374e-44
0,197,1.376067300393283e-42
0,198,9.300747612618872e-44
0,199,4.112171414947296e-43
0,200,8.046349287026173e-43
0,201,1.55406009963102e-57
0,202,9.70532683048536e-58
0,203,1.1103957778181629e-54
0,204,1.6755280209262084e-50
0,205,6.117487978116465e-49
0,206,1.9034232621225672e-51
0,207,6.705709467204731e-53
0,208,6.74365405838744e-53
0,209,2.7046709011496255e-55
0,210,1.8738377011658463e-53
0,211,8.227497654055606e-51
0,212,2.765209227882841e-50
0,213,1.909472004464936e-49
0,214,2.6559345207260183e-49
0,215,5.642905569395763e-50
0,216,2.6043347584042605e-50
0,217,2.4521077353405718e-51
0,218,1.7212430939470974e-51
0,219,1.2886627841342416e-52
0,220,6.503602928185325e-51
0,221,1.4643894839604654e-49
0,222,3.35786714553186e-48
0,223,4.401172199889839e-47
0,224,2.753593147170874e-46
0,225,9.566655698006341e-46
0,226,3.806990466826857e-45
0,227,7.797814308975236e-47
0,228,2.584698679500359e-46
0,229,1.4690595347614338e-45
0,230,3.2677810920791205e-46
0,231,8.219693711581765e-45
0,232,3.4173564711728416e-43
0,233,4.271784332679694e-43
0,234,9.83715310288107e-43
0,235,9.559484728202689e-43
0,236,1.3154244391453908e-42
0,237,4.545643751404581e-43
0,238,4.788131883534772e-42
0,239,1.0476697485475248e-41
0,240,2.0303087812619197e-41
0,241,3.84198947114444e-41
0,242,1.0546655403382583e-40
0,243,2.4834356288386683e-40
0,244,5.901296234521774e-40
0,245,1.7445689448272715e-39
0,246,5.930897120764511e-39
0,247,2.38075870770068e-38
0,248,9.100666553843972e-38
0,249,3.0500701507130873e-37
0,250,7.996896402030229e-37
0,251,1.8477721498622104e-36
0,252,3.397344911548368e-36
0,253,6.093269280704542e-36
0,254,7.87885711663492e-36
0,255,1.4430101405516246e-35
0,256,2.795055335849986e-35
0,257,6.450979761348884e-35
0,258,1.5838081617544892e-34
0,259,3.125653773291424e-34
0,260,5.714773383735566e-34
0,261,9.997854813111592e-34
0,262,1.6851999326998923e-33
0,263,2.7979978488283916e-33
0,264,3.878251173959096e-33
0,265,7.080915462677849e-33
0,266,9.132805894561188e-33
0,267,1.1928774867318975e-32
0,268,1.445649518333075e-32
0,269,4.821500138663874e-34
0,270,4.691396465908094e-34
0,271,9.178615684896995e-34
0,272,2.316727182533653e-33
0,273,6.227771287491917e-33
0,274,1.6062668914762646e-32
0,275,4.2819922630493263e-32
0,276,6.840013307390859e-32
0,277,8.760911578982311e-32
0,278,1.3156148909067391e-31
0,279,2.190007712585948e-31
0,280,3.3720329746923817e-31
0,281,5.093501667716199e-31
0,282,6.686947792256137e-31
0,283,8.899762353451572e-31
0,284,1.167112309154125e-30
0,285,1.4607295867321249e-30
0,286,1.696341890208628e-30
0,287,1.9099165674605537e-30
0,288,2.1696193726700546e-30
0,289,2.5486121460331824e-30
0,290,3.0803121555951444e-30
0,291,3.345181936462839e-30
0,292,4.053577790296431e-30
0,293,2.9241532959033677e-30
0,294,2.4635887143344988e-30
0,295,1.5799845033377268e-30
0,296,1.7961246080996795e-30
0,297,2.1464523957246047e-30
0,298,2.800731861986106e-30
0,299,3.913745782578865e-30
0,300,5.724613174911492e-30
0,301,8.563392708110619e-30
0,302,1.2258107644840355e-29
0,303,1.735392393804695e-29
0,304,2.29775938052495e-29
0,305,2.934720326228197e-29
0,306,3.66609280391021e-29
0,307,4.537721706568893e-29
0,308,5.500101745659665e-29
0,309,6.911236340570812e-29
0,310,8.713165834111424e-29
0,311,1.0965352498459714e-28
0,312,1.3664821104900848e-28
0,313,1.6839782272745242e-28
0,314,2.0461947165220798e-28
0,315,2.4450794746512957e-28
0,316,2.88721058252393e-28
0,317,3.3899664278706515e-28
0,318,3.9622852246213763e-28
0,319,4.626202741781529e-28
0,320,5.391536890230658e-28
0,321,6.254254647764507e-28
0,322,7.226035060398967e-28
0,323,8.327206165204783e-28
0,324,9.563843792424171e-28
0,325,1.095505264946505e-27
0,326,1.2510050478311829e-27
0,327,1.422502613593181e-27
0,328,1.6116436343318933e-27
0,329,1.8221564158262056e-27
0,330,2.052091181018525e-27
0,331,2.294730262460433e-27
0,332,2.552407392828506e-27
0,333,2.828434441681532e-27
0,334,3.124791346999672e-27
0,335,3.449447819968202e-27
0,336,3.803101207179083e-27
0,337,4.192442265699284e-27
0,338,4.628719997087442e-27
0,339,5.10538239495684e-27
0,340,5.626120166237943e-27
0,341,6.197313380956938e-27
0,342,6.80903536368305e-27
0,343,7.462744565565589e-27
0,344,8.163038268535793e-27
0,345,8.911462612753748e-27
0,346,9.722725675477197e-27
0,347,1.0610813017356108e-26
0,348,1.1588894087503861e-26
0,349,1.2657601946619093e-26
0,350,1.381566574619361e-26
0,351,1.507677245275381e-26
0,352,1.6443853879366187e-26
0,353,1.791703752589539e-26
0,354,1.9506053885660208e-26
0,355,2.1234132491886615e-26
0,356,2.3131883233854292e-26
0,357,2.5220747165630584e-26
0,358,2.751115782548751e-26
0,359,3.002514273616941e-26
0,360,3.279211882049769e-26
0,361,3.5817699298711366e-26
0,362,3.9094097070757127e-26
0,363,4.2619242547917404e-26
0,364,4.640915279824176e-26
0,365,5.0474094341537355e-26
0,366,5.484605278310071e-26
0,367,5.951929383218366e-26
0,368,6.452958857044151e-26
0,369,6.98555975180658e-26
0,370,7.55786990998923e-26
0,371,8.168324365350461e-26
0,372,8.820051097350346e-26
0,373,9.508341698964994e-26
0,374,1.0248303844799569e-25
0,375,1.1039010139068824e-25
0,376,1.187914416313391e-25
0,377,1.2791071114389198e-25
0,378,1.3769413302933453e-25
0,379,1.4812293157426665e-25
0,380,1.5927069767130895e-25
0,381,1.711351579865411e-25
0,382,1.8376176207731104e-25
0,383,1.9706085136930933e-25
0,384,2.111390892708921e-25
0,385,2.2626758268714303e-25
0,386,2.4259505892344383e-25
0,387,2.6004321876308195e-25
0,388,2.7812408728056067e-25
0,389,2.9698086255293763e-25
0,390,3.1737290696202257e-25
0,391,3.3907784561514403e-25
0,392,3.617653859047075e-25
0,393,3.859418740618807e-25
0,394,4.1158484551012307e-25
0,395,4.382272722863971e-25
0,396,4.660973105347924e-25
0,397,4.961354466979798e-25
0,398,5.282723828783081e-25
0,399,5.615245054120546e-25
0,400,5.964526173730366e-25
0,401,6.338219942231775e-25
0,402,6.73031683693475e-25
0,403,7.138435731796012e-25
0,404,7.5656103332933775e-25
0,405,8.014125020791463e-25
0,406,8.483119408299118e-25
0,407,8.9728625389463e-25
0,408,9.491506766423504e-25
0,409,1.004042588565577e-24
0,410,1.0609756353459127e-24
0,411,1.1195364074720134e-24
0,412,1.1807304813622503e-24
0,413,1.2456241361280491e-24
0,414,1.3131507551390327e-24
0,415,1.382757734069981e-24
0,416,1.4553173372009589e-24
0,417,1.5305981481984126e-24
0,418,1.6086238056553791e-24
0,419,1.6897895472758448e-24
0,420,1.7745031513324596e-24
0,421,1.8627821600580917e-24
0,422,1.954553972036725e-24
0,423,2.0499470976256102e-24
0,424,2.1473178864862516e-24
0,425,2.246437281664424e-24
0,426,2.35047737695456e-24
0,427,2.4614153836150803e-24
0,428,2.5761992728304866e-24
0,429,2.692602773855993e-24
0,430,2.81242588237279e-24
0,431,2.9357408764385977e-24
0,432,3.062347163455635e-24
0,433,3.1923603638541577e-24
0,434,3.3304534924917885e-24
0,435,3.477438998084654e-24
0,436,3.620770232310362e-24
0,437,3.763205941614203e-24
0,438,3.9194361221257555e-24
0,439,4.0804366423073616e-24
0,440,4.237919372120325e-24
0,441,4.404798668843996e-24
0,442,4.5778447961718876e-24
0,443,4.749578015936095e-24
0,444,4.930096254767249e-24
0,445,5.1152395733161916e-24
0,446,5.299988762593882e-24
0,447,5.4933481537820796e-24
0,448,5.691691841559323e-24
0,449,5.890528212589094e-24
0,450,6.097510928587927e-24
0,451,6.310043730953913e-24
0,452,6.525052103874689e-24
0,453,6.74686520212242e-24
0,454,6.972175662491161e-24
0,455,7.198912099857856e-24
0,456,7.429941054243526e-24
0,457,7.665370038959585e-24
0,458,7.904608580930938e-24
0,459,8.149921598917138e-24
0,460,8.401467755122573e-24
0,461,8.655131448231626e-24
0,462,8.905663275034877e-24
0,463,9.158976804409904e-24
0,464,9.417767774862465e-24
0,465,9.678316996916492e-24
0,466,9.959223075861142e-24
0,467,1.0257535179994441e-23
0,468,1.0528337008960522e-23
0,469,1.0797236486670143e-23
0,470,1.1097754883267009e-23
0,471,1.1390808614473438e-23
0,472,1.168190758950971e-23
0,473,1.199505408185801e-23
0,474,1.2294357732970254e-23
0,475,1.2601825497534e-23
0,476,1.2924688952739948e-23
0,477,1.3227037644906937e-23
0,478,1.35454378166583e-23
0,479,1.3883796444561232e-23
0,480,1.4198917215311704e-23
0,481,1.4513170049977208e-23
0,482,1.4836654548166246e-23
0,483,1.5181225081909842e-23
0,484,1.5536643706471573e-23
0,485,1.5869401836909467e-23
0,486,1.619741977748947e-23
0,487,1.6547098316213017e-23
0,488,1.6893972474472356e-23
0,489,1.7243432798294377e-23
0,490,1.7592821751825858e-23
0,491,1.7932951727857535e-23
0,492,1.8294896490629788e-23
0,493,1.8680472023157876e-23
0,494,1.9034680997372906e-23
0,495,1.940588034436897e-23
0,496,1.9794911439536302e-23
0,497,2.0149436314350054e-23
0,498,2.052127594534619e-23
0,499,2.0899390595561444e-23
0,500,2.1257328559134817e-23
0,501,2.163411904617996e-23
0,502,2.1994070037422574e-23
0,503,2.235195132741539e-23
0,504,2.2728213436198275e-23
0,505,2.3070793629009326e-23
0,506,2.3444289808068655e-23
0,507,2.3881737373423046e-23
0,508,2.4311215773607244e-23
0,509,2.468366679421397e-23
0,510,2.5029331374470186e-23
0,511,2.5407434681208333e-23
0,512,2.5789216198851118e-23
0,513,2.619305628851156e-23
0,514,2.662485294215929e-23
0,515,2.700257539513078e-23
0,516,2.738354013004789e-23
0,517,2.7798672244996626e-23
0,518,2.818651541490375e-23
0,519,2.859820690709126e-23
0,520,2.901147746733121e-23
0,521,2.9382514666139826e-23
0,522,2.977754709945169e-23
0,523,3.018210980309237e-23
0,524,3.057516765249848e-23
0,525,3.0985515125320926e-23
0,526,3.1387232006355407e-23
0,527,3.17715272712936e-23
0,528,3.2162884713711437e-23
0,529,3.2550717741578974e-23
0,530,3.2926328377898894e-23
0,531,3.3313478912161237e-23
0,532,3.3718516675771283e-23
0,533,3.4120768596975765e-23
0,534,3.4507868025997224e-23
0,535,3.489344471609079e-23
0,536,3.5287893340677635e-23
0,537,3.568715171602831e-23
0,538,3.6086126649214235e-23
0,539,3.64732048719761e-23
0,540,3.685409787380636e-23
0,541,3.724261067249389e-23
0,542,3.762071663877589e-23
0,543,3.797363247569115e-23
0,544,3.8331840560942796e-23
0,545,3.875063968269844e-23
0,546,3.917274762677964e-23
0,547,3.949791323746211e-23
0,548,3.9845357539386374e-23
0,549,4.0271024056161755e-23
0,550,4.063190676025279e-23
0,551,4.0979655023732877e-23
0,552,4.137290620108482e-23
0,553,4.1715815813215036e-23
0,554,4.210343191013734e-23
0,555,4.2535903316867435e-23
0,556,4.2868787446122344e-23
0,557,4.3198869868814134e-23
0,558,4.358393795833037e-23
0,559,4.3976276720192287e-23
0,560,4.4365688868781854e-23
0,561,4.470877616874717e-23
0,562,4.5048954686717756e-23
0,563,4.5414006987289433e-23
0,564,4.5764762959656574e-23
0,565,4.614005113950055e-23
0,566,4.6511278370973237e-23
0,567,4.6846141779260663e-23
0,568,4.7192958182846935e-23
0,569,4.753927953553612e-23
0,570,4.788776147175403e-23
0,571,4.8264135729927583e-23
0,572,4.8634805829699987e-23
0,573,4.898268851056889e-23
0,574,4.931482549693316e-23
0,575,4.963803149415755e-23
0,576,4.996093698498798e-23
0,577,5.0282974975804336e-23
0,578,5.0618226644714684e-23
0,579,5.0967902267319554e-23
0,580,5.1305627710475423e-23
0,581,5.1618397516590496e-23
0,582,5.190058144735373e-23
0,583,5.216970114165013e-23
0,584,5.249023335614668e-23
0,585,5.2879022422795986e-23
0,586,5.325892799622223e-23
0,587,5.357736609572505e-23
0,588,5.387132271536314e-23
0,589,5.418988309353857e-23
0,590,5.451106331921025e-23
0,591,5.47899103665015e-23
0,592,5.505654388949854e-23
0,593,5.536971300351756e-23
0,594,5.570726324055605e-23
0,595,5.601784452293157e-23
0,596,5.632433387048377e-23
0,597,5.666110707096435e-23
0,598,5.699202573664955e-23
0,599,5.72822909931834e-23
0,600,5.756022021298016e-23
0,601,5.784424808847668e-23
0,602,5.81207002430784e-23
0,603,5.841221208355308e-23
0,604,5.873406194140707e-23
0,605,5.904656616762465e-23
0,606,5.932433973597985e-23
0,607,5.960065320760557e-23
0,608,5.988338468823714e-23
0,609,6.016778411919759e-23
0,610,6.045275268122747e-23
0,611,6.074724133927302e-23
0,612,6.103423127135825e-23
0,613,6.129876851254726e-23
0,614,6.154093197905722e-23
0,615,6.178504362052046e-23
0,616,6.203638935895096e-23
0,617,6.231944632185712e-23
0,618,6.261854858974314e-23
0,619,6.293644083769114e-23
0,620,6.321962367626914e-23
0,621,6.344101816744351e-23
0,622,6.365398071244663e-23
0,623,6.39028973903436e-23
0,624,6.415756647738452e-23
0,625,6.443742737972233e-23
0,626,6.477140861263985e-23
0,627,6.505039102535301e-23
0,628,6.527800820798315e-23
0,629,6.558297814826813e-23
0,630,6.581505127437021e-23
0,631,6.603689718318686e-23
0,632,6.636972948768047e-23
0,633,6.661903156873539e-23
0,634,6.681281111974776e-23
0,635,6.711276051189865e-23
0,636,6.732212524529552e-23
0,637,6.750409782801531e-23
0,638,6.777332693977592e-23
0,639,6.799813309869077e-23
0,640,6.824721633407846e-23
0,641,6.849075922853639e-23
0,642,6.870076801983173e-23
0,643,6.897661289485336e-23
0,644,6.92744877375115e-23
0,645,6.953469575269631e-23
0,646,6.9739879366956e-23
0,647,6.988802075762461e-23
0,648,7.006208374157908e-23
0,649,7.026049199875798e-23
0,650,7.041947676728619e-23
0,651,7.056604776631541e-23
0,652,7.07044504164419e-23
0,653,7.099879234653813e-23
0,654,7.144052207912396e-23
0,655,7.165147877466061e-23
0,656,7.173028545564105e-23
0,657,7.199175978478042e-23
0,658,7.226028107341458e-23
0,659,7.247013927072168e-23
0,660,7.271871124522076e-23
0,661,7.284299760838646e-23
0,662,7.301216201252267e-23
0,663,7.334248378582612e-23
0,664,7.353182469143309e-23
0,665,7.362021421918904e-23
0,666,7.37305693782689e-23
0,667,7.382842016770014e-23
0,668,7.403941757782599e-23
0,669,7.432725497228917e-23
0,670,7.461675652367091e-23
0,671,7.486730213585544e-23
0,672,7.50247882627299e-23
0,673,7.521607129279472e-23
0,674,7.543675792050678e-23
0,675,7.561479272090878e-23
0,676,7.586122108423093e-23
0,677,7.61277376817431e-23
0,678,7.628418509509338e-23
0,679,7.641633413535976e-23
0,680,7.663550446117317e-23
0,681,7.690475354152807e-23
0,682,7.708936084547628e-23
0,683,7.724328983748303e-23
0,684,7.745857487884003e-23
0,685,7.764510343320238e-23
0,686,7.77691395744783e-23
0,687,7.795947571623095e-23
0,688,7.820659153670036e-23
0,689,7.842869498247984e-23
0,690,7.858538507018601e-23
0,691,7.873484908665098e-23
0,692,7.886577500054784e-23
0,693,7.898862655389557e-23
0,694,7.914037633535106e-23
0,695,7.939764334978848e-23
0,696,7.967790968222034e-23
0,697,7.988878072728451e-23
0,698,7.999190363548024e-23
0,699,8.00673417427618e-23
0,700,8.021505093381098e-23
0,701,8.041734806461695e-23
0,702,8.060836454726338e-23
0,703,8.072254029771401e-23
0,704,8.084522116256136e-23
0,705,8.102427587162222e-23
0,706,8.118549227046122e-23
0,707,8.128676393769703e-23
0,708,8.147102880112368e-23
0,709,8.176562972053283e-23
0,710,8.19876631395593e-23
0,711,8.207350242679448e-23
0,712,8.21606469836604e-23
0,713,8.235050277078973e-23
0,714,8.250690549561755e-23
0,715,8.257212284440223e-23
0,716,8.264779269772811e-23
0,717,8.280177315328438e-23
0,718,8.29812005469227e-23
0,719,8.312552556987114e-23
0,720,8.323474527361196e-23
0,721,8.335565681335154e-23
0,722,8.355478723985817e-23
0,723,8.381664939582103e-23
0,724,8.40025771890787e-23
0,725,8.403034551909003e-23
0,726,8.40720967842314e-23
0,727,8.425977017512988e-23
0,728,8.450688662664039e-23
0,729,8.467309009159397e-23
0,730,8.478016456966588e-23
0,731,8.491556481946827e-23
0,732,8.508440010576158e-23
0,733,8.525326784236772e-23
0,734,8.539135000355131e-23
0,735,8.549249379879321e-23
0,736,8.55775536387553e-23
0,737,8.574418240592838e-23
0,738,8.594746128486657e-23
0,739,8.603580587780331e-23
0,740,8.604837064521685e-23
0,741,8.619213819196641e-23
0,742,8.637134453808952e-23
0,743,8.642748320953575e-23
0,744,8.647706374239332e-23
0,745,8.668288251153118e-23
0,746,8.688133139259784e-23
0,747,8.697365542881118e-23
0,748,8.711824334572204e-23
0,749,8.731797222189775e-23
0,750,8.7405031815602e-23
0,751,8.74325101302452e-23
0,752,8.751253201852815e-23
0,753,8.75997561725823e-23
0,754,8.762688704454918e-23
0,755,8.768348918489864e-23
0,756,8.781358542680606e-23
0,757,8.800937522711676e-23
0,758,8.816034509025359e-23
0,759,8.824639489393648e-23
0,760,8.82566820410577e-23
0,761,8.837376007323447e-23
0,762,8.85618633354212e-23
0,763,8.873173889838767e-23
0,764,8.876468039715655e-23
0,765,8.889062107705478e-23
0,766,8.914343003010009e-23
0,767,8.929601442366886e-23
0,768,8.936074671151928e-23
0,769,8.947585487689742e-23
0,770,8.967374082680866e-23
0,771,8.978261118022122e-23
0,772,8.982492366269991e-23
0,773,8.994903757506652e-23
0,774,9.01856011539757e-23
0,775,9.039174200927744e-23
0,776,9.05149408325949e-23
0,777,9.063617521439884e-23
0,778,9.07590750132568e-23
0,779,9.086201659034169e-23
0,780,9.095540247730646e-23
0,781,9.110383955568944e-23
0,782,9.121627527646271e-23
0,783,9.12913289955732e-23
0,784,9.142275910909877e-23
0,785,9.159037127423111e-23
0,786,9.171206976659807e-23
0,787,9.17754457514925e-23
0,788,9.18841900514431e-23
0,789,9.204073302074624e-23
0,790,9.219409867461326e-23
0,791,9.229931675932741e-23
0,792,9.236025075927442e-23
0,793,9.240370018125012e-23
0,794,9.250665989019554e-23
0,795,9.26680014981052e-23
0,796,9.282313752284636e-23
0,797,9.291391062777755e-23
0,798,9.296268274292958e-23
0,799,9.3026362874921e-23
0,800,9.311767585108862e-23
1,1,6.379958572537961e-97
1,2,6.027102755740962e-91
1,3,3.0101165905424774e-83
1,4,2.06718627380285e-81
1,5,7.800713111789035e-79
1,6,2.147163644894653e-76
1,7,2.780745122238815e-75
1,8,1.910300352011128e-74
1,9,1.3671472341740925e-73
1,10,9.115382472014396e-73
1,11,2.7445704300592597e-72
1,12,1.201208722641684e-71
1,13,5.274294078514049e-71
1,14,1.8662521167189846e-70
1,15,4.9213000763911185e-70
1,16,9.522104805418484e-70
1,17,1.6158474797678753e-69
1,18,3.0649283830166106e-69
1,19,6.668011831421071e-69
1,20,1.4426380171616188e-68
1,21,3.067592262793156e-68
1,22,6.827886998910805e-68
1,23,1.6022616687545367e-67
1,24,3.843086031070768e-67
1,25,9.252960587141681e-67
1,26,2.1996470156465577e-66
1,27,5.192470201297945e-66
1,28,1.22096051177219e-65
1,29,2.7502474945957627e-65
1,30,5.752578554293239e-65
1,31,1.1823496298168134e-64
1,32,2.470579979546342e-64
1,33,4.922854815174566e-64
1,34,9.28032937449817e-64
1,35,1.677767605083789e-63
1,36,3.041401435244645e-63
1,37,5.335255725460601e-63
1,38,9.147362904369553e-63
1,39,1.581536247920952e-62
1,40,2.7112289081960765e-62
1,41,4.477572717036776e-62
1,42,7.755213148797472e-62
1,43,1.305641235292346e-61
1,44,2.1958718687029706e-61
1,45,3.641222116232944e-61
1,46,5.917147377545697e-61
1,47,9.583254964330544e-61
1,48,1.5149718582962405e-60
1,49,2.4713027082389561e-60
1,50,3.8470629653715214e-60
1,51,5.877842623406762e-60
1,52,9.369564550585287e-60
1,53,1.4158639961619278e-59
1,54,2.1789858086725593e-59
1,55,3.289148003584267e-59
1,56,4.696209653395634e-59
1,57,7.242374652677783e-59
1,58,1.0280951279045212e-58
1,59,1.4658740181107793e-58
1,60,2.016596812563013e-58
1,61,2.8258881378047938e-58
1,62,3.799159037709963e-58
1,63,4.979007474870444e-58
1,64,6.529219886869967e-58
1,65,8.465258552239023e-58
1,66,1.0477476502093024e-57
1,67,1.3322036788805254e-57
1,68,1.6743626663514652e-57
1,69,2.0964304612143762e-57
1,70,2.5263095614114492e-57
1,71,3.069874814563718e-57
1,72,3.784020838972111e-57
1,73,4.5252093148474394e-57
1,74,5.430219629458966e-57
1,75,6.150681339291109e-57
1,76,7.422352875485473e-57
1,77,8.918562419730659e-57
1,78,1.033512385803511e-56
1,79,1.2220323744180545e-56
1,80,1.4255432347086513e-56
1,81,1.581919135636582e-56
1,82,1.821452443685382e-56
1,83,2.1860120683670627e-56
1,84,2.440494251493783e-56
1,85,2.848603418790887e-56
1,86,3.307946313085656e-56
1,87,3.863936370623623e-56
1,88,4.338134662820132e-56
1,89,5.110090962847343e-56
1,90,6.043565028006785e-56
1,91,6.838186137997422e-56
1,92,8.005220093354947e-56
1,93,9.059552762706082e-56
1,94,1.0702367898399722e-55
1,95,1.3069277962142274e-55
1,96,1.4975893477400772e-55
1,97,1.753556372552152e-55
1,98,2.0294349646862242e-55
1,99,2.4432418529419067e-55
1,100,2.946130607657642e-55
1,101,3.459880235077142e-55
1,102,3.937121961958775e-55
1,103,4.760685961505178e-55
1,104,5.379515960300242e-55
1,105,6.657901912663031e-55
1,106,7.288011272873004e-55
1,107,8.344060680376379e-55
1,108,9.45405417447197e-55
1,109,1.0993573677469641e-54
1,110,1.3490828568756688e-54
1,111,1.511644949046302e-54
1,112,1.8411704329211726e-54
1,113,2.1323200265259953e-54
1,114,2.4663199492812779e-54
1,115,2.753984631505828e-54
1,116,3.330877733123144e-54
1,117,4.274371665367169e-54
1,118,4.445955205872147e-54
1,119,4.682722476936375e-54
1,120,4.933581252207218e-54
1,121,6.732881320245114e-54
1,122,8.277556634926673e-54
1,123,9.872714956616274e-54
1,124,1.258006703431625e-53
1,125,1.2336038356193235e-53
1,126,9.031951984515806e-54
1,127,7.671857363270201e-54
1,128,1.8440740396245102e-53
1,129,1.8792162118677376e-53
1,130,2.1916253430691743e-53
1,131,3.015003281681967e-53
1,132,3.4379733702460014e-53
1,133,4.944005477835645e-53
1,134,4.0061960316577815e-53
1,135,4.876061392333257e-53
1,136,6.581096064847024e-53
1,137,9.176296588086709e-53
1,138,1.2854723740851633e-52
1,139,3.702223411527313e-53
1,140,6.361166008950673e-53
1,141,2.2472918634312304e-52
1,142,1.0086434579022694e-52
1,143,3.455423126286834e-52
1,144,3.6963099197845764e-52
1,145,6.696786435286571e-52
1,146,1.1544525493432304e-52
1,147,2.7114194333930696e-53
1,148,5.547926030008954e-52
1,149,5.905095818250466e-52
1,150,9.257551180637723e-52
1,151,1.1366036444836578e-51
1,152,4.213798000858396e-53
1,153,4.051477158963105e-52
1,154,1.7305111891739223e-51
1,155,2.0209267491472344e-51
1,156,5.08053026499191e-52
1,157,2.1975199208707656e-51
1,158,5.736190988542025e-52
1,159,5.953327921548177e-52
1,160,1.9262425734930523e-51
1,161,2.31928643661462e-50
1,162,6.85522632634768e-51
1,163,3.439938959994078e-52
1,164,2.1019713061546967e-51
1,165,5.281407440264665e-52
1,166,8.273299323962113e-51
1,167,5.212158506164165e-52
1,168,9.45663066279977e-52
1,169,2.4764789961179583e-51
1,170,5.619384564422901e-51
1,171,1.6227725317563603e-50
1,172,3.7736362076551468e-50
1,173,4.389515533377007e-50
1,174,1.3773825964371075e-49
1,175,1.4693847707344638e-49
1,176,3.559487898483907e-49
1,177,1.047449900704148e-48
1,178,3.255626785001143e-48
1,179,1.1451731673759575e-47
1,180,3.7845634807726375e-47
1,181,1.1942063046944498e-46
1,182,3.576334258000956e-46
1,183,1.4934765103140187e-45
1,184,5.5539369822867653e-45
1,185,1.4762228224538884e-44
1,186,3.7888376222640945e-45
1,187,5.63269655906957e-45
1,188,2.726739009859092e-44
1,189,5.133820592578765e-44
1,190,2.3414139354808295e-43
1,191,1.5316688564446602e-44
1,192,2.45921564359822e-43
1,193,2.3158043791581847e-42
1,194,2.021761056389246e-42
1,195,1.9554904958030765e-42
1,196,6.586033638886042e-44
1,197,4.880946179816783e-43
1,198,2.0378129345433705e-46
1,199,1.6048537773586587e-45
1,200,1.5030801700159656e-60
1,201,1.713150043633045e-56
1,202,2.9040586745505328e-52
1,203,8.202436493472584e-49
1,204,4.900299200679398e-46
1,205,6.498747984709363e-45
1,206,5.734887904029547e-46
1,207,1.1300041035452791e-47
1,208,1.5299606834781987e-47
1,209,4.357023955945251e-47
1,210,1.0114859396955768e-46
1,211,1.814207780998879e-46
1,212,5.278626778965538e-47
1,213,2.6574884811381993e-46
1,214,1.097429368776183e-45
1,215,2.0946558345298672e-45
1,216,3.0520224743371587e-46
1,217,4.537655775687019e-44
1,218,1.7958343614176732e-44
1,219,9.447176089872093e-44
1,220,2.0472666280052033e-43
1,221,4.3126033114129485e-43
1,222,8.51330771155078e-44
1,223,1.5936268657124467e-42
1,224,5.428734143731514e-42
1,225,1.9310458968846835e-41
1,226,5.208570635586581e-41
1,227,1.608493729487098e-40
1,228,4.053232465494862e-40
1,229,9.135608938371206e-40
1,230,2.1741455949648513e-39
1,231,4.5145768969175494e-39
1,232,2.9258263967771384e-39
1,233,3.541401836121261e-38
1,234,5.183979123473522e-38
1,235,4.866005559111423e-38
1,236,5.008312200256363e-39
1,237,5.5436688095981e-39
1,238,5.689629438372253e-39
1,239,6.8661484038769175e-40
1,240,8.364043219549235e-40
1,241,1.3943033164461967e-39
1,242,3.1123743497960717e-39
1,243,4.460316997421208e-39
1,244,8.212980461132235e-38
1,245,3.4912229356960822e-37
1,246,1.7647819382191917e-37
1,247,8.437581353057045e-38
1,248,5.492103357771752e-38
1,249,3.01160316281804e-38
1,250,2.780854851546576e-38
1,251,3.7726904244958973e-38
1,252,4.071200093010979e-38
1,253,5.025070118509481e-38
1,254,6.760262985042743e-38
1,255,6.981212149712517e-38
1,256,8.448282722957618e-38
1,257,9.579265580260098e-38
1,258,7.316181605018962e-38
1,259,5.080915061429831e-39
1,260,2.619232351612009e-38
1,261,1.3017706592270882e-37
1,262,4.585703116840005e-37
1,263,1.1665271074481292e-36
1,264,1.8893949713510844e-36
1,265,2.5988533644036084e-36
1,266,3.5488583461956854e-36
1,267,4.20585153176143e-36
1,268,6.382564013874234e-36
1,269,9.713662693761278e-36
1,270,1.533981814547317e-35
1,271,2.1046330956498328e-35
1,272,4.963686136349063e-38
1,273,1.0918159744487465e-37
1,274,3.1369761704729762e-37
1,275,9.004230378466615e-37
1,276,1.8840044234342304e-36
1,277,3.16322506681825e-36
1,278,4.979445712067056e-36
1,279,8.43029807868276e-36
1,280,1.1225263895684817e-35
1,281,3.4081702035716073e-35
1,282,6.922532047397893e-35
1,283,9.87770540534485e-35
1,284,1.0008454862862947e-34
1,285,5.946166611864759e-41
1,286,2.5173545010420856e-34
1,287,1.0427225994259616e-34
1,288,3.9004481916823597e-35
1,289,1.4878617201696923e-37
1,290,5.0937947796714695e-37
1,291,1.3528263204920976e-36
1,292,2.0338235633400686e-44
1,293,2.197680680864413e-42
1,294,6.265422629945883e-41
1,295,1.0443806855814842e-36
1,296,7.061039587984202e-37
1,297,6.157329843828816e-37
1,298,9.620953079536082e-37
1,299,1.6816725108607344e-36
1,300,3.4297300221887315e-36
1,301,5.368932319299261e-37
1,302,2.2054825772386997e-36
1,303,2.7303173276621066e-37
1,304,2.3448638419815863e-38
1,305,3.617351601878311e-39
1,306,6.2232583623732935e-40
1,307,2.729431758466588e-40
1,308,2.1657386725236426e-40
1,309,2.187674218276283e-40
1,310,4.599300125084979e-40
1,311,8.588225065166528e-40
1,312,4.8282460561872e-40
1,313,1.1623010281517788e-39
1,314,2.6209553864036455e-39
1,315,5.464428154370712e-39
1,316,9.993723689084827e-39
1,317,1.720425933560292e-38
1,318,2.638490252191443e-38
1,319,3.732588294036255e-38
1,320,4.968393141569285e-38
1,321,6.575669112991088e-38
1,322,8.19955025480614e-38
1,323,1.024162030294904e-37
1,324,1.3971117849877444e-37
1,325,1.886077644416412e-37
1,326,2.571164917631051e-37
1,327,4.17107059334316e-37
1,328,6.361689184118646e-37
1,329,1.0797047978590178e-36
1,330,1.8097710081775153e-36
1,331,3.075790192245249e-36
1,332,5.5149562330272315e-36
1,333,9.854307183631891e-36
1,334,1.7561873901330218e-35
1,335,3.088943684873793e-35
1,336,5.29879074773329e-35
1,337,8.797974866174384e-35
1,338,1.4191719550993832e-34
1,339,2.231903835272568e-34
1,340,3.4248731135012125e-34
1,341,5.150980557766441e-34
1,342,7.576606533958171e-34
1,343,1.095749844522077e-33
1,344,1.5750734714290396e-33
1,345,2.2676767206410903e-33
1,346,3.2902918755668344e-33
1,347,4.794577269468297e-33
1,348,6.986861110857139e-33
1,349,1.012276232317455e-32
1,350,1.455280985546534e-32
1,351,2.0701686808938938e-32
1,352,2.905075987704314e-32
1,353,4.033560800558799e-32
1,354,5.597306513324089e-32
1,355,7.735356193855584e-32
1,356,1.0632389169631142e-31
1,357,1.4673752893330459e-31
1,358,2.017310768639859e-31
1,359,2.76668170705945e-31
1,360,3.7890323232583196e-31
1,361,5.115610747738316e-31
1,362,5.989287430701646e-31
1,363,5.411537683646669e-31
1,364,1.1256796483154466e-30
1,365,1.35852518537332e-30
1,366,1.923909811989559e-30
1,367,2.4474396080146647e-30
1,368,3.1422678128829694e-30
1,369,3.9832409393102684e-30
1,370,5.05864587638976e-30
1,371,6.431279947922148e-30
1,372,8.133917181369244e-30
1,373,1.0130092234470972e-29
1,374,1.2559743785838055e-29
1,375,1.5642571265405607e-29
1,376,1.9397257520242673e-29
1,377,2.387513790561394e-29
1,378,2.9101591009757757e-29
1,379,3.488650479486909e-29
1,380,4.248134257135263e-29
1,381,5.0001628967111634e-29
1,382,5.85981768879273e-29
1,383,6.863702505197181e-29
1,384,7.984741347011572e-29
1,385,9.282287531584941e-29
1,386,1.0777519276723216e-28
1,387,1.2464029595690693e-28
1,388,1.4339602809409373e-28
1,389,1.64883673761018e-28
1,390,1.8972062617802066e-28
1,391,2.1588061457216286e-28
1,392,2.454720972143827e-28
1,393,2.8092756757748075e-28
1,394,3.191490032925746e-28
1,395,3.601365521643045e-28
1,396,4.081209111948042e-28
1,397,4.612179480644648e-28
1,398,5.182114175179859e-28
1,399,5.833314312337497e-28
1,400,6.551510444549193e-28
1,401,7.317496218642388e-28
1,402,8.170165661996017e-28
1,403,9.101946836826889e-28
1,404,1.0116227002843872e-27
1,405,1.124097475536302e-27
1,406,1.248080830622998e-27
1,407,1.3863036253870045e-27
1,408,1.54338949103319e-27
1,409,1.7209033957964002e-27
1,410,1.9183564962010233e-27
1,411,2.1406385454251538e-27
1,412,2.382990021228166e-27
1,413,2.6508707724731534e-27
1,414,2.951742602199936e-27
1,415,3.286476054337461e-27
1,416,3.65990034367725e-27
1,417,4.0744555466279166e-27
1,418,4.523656057107974e-27
1,419,5.013757642830903e-27
1,420,5.5507096043585645e-27
1,421,6.140535996215819e-27
1,422,6.794243205714516e-27
1,423,7.517297035885518e-27
1,424,8.30964429994063e-27
1,425,9.170382108516348e-27
1,426,1.0098432610492277e-26
1,427,1.1105121473321209e-26
1,428,1.2203285795250523e-26
1,429,1.3397304011875176e-26
1,430,1.4697882601246128e-26
1,431,1.6111831056357706e-26
1,432,1.7644206539475563e-26
1,433,1.9302458605381622e-26
1,434,2.1079838222070113e-26
1,435,2.2981668679615762e-26
1,436,2.5027118956398127e-26
1,437,2.7224957312472237e-26
1,438,2.9578913559273783e-26
1,439,3.210782486823166e-26
1,440,3.4880507728768176e-26
1,441,3.789136159842871e-26
1,442,4.0964576737069736e-26
1,443,4.423227855645683e-26
1,444,4.7994436587589763e-26
1,445,5.19243562600838e-26
1,446,5.591126135637575e-26
1,447,6.041590808107978e-26
1,448,6.493879303477382e-26
1,449,6.778153517669146e-26
1,450,5.988292943894865e-26
1,451,5.846273827256943e-26
1,452,7.464775784007532e-26
1,453,8.751044873865669e-26
1,454,8.762498513010836e-26
1,455,9.704253525595704e-26
1,456,1.1063865304297858e-25
1,457,1.1575262261253333e-25
1,458,1.2074519205528327e-25
1,459,1.3091595577895566e-25
1,460,1.4341636737578885e-25
1,461,1.5512986771795411e-25
1,462,1.6459776484073545e-25
1,463,1.7499405539712172e-25
1,464,1.88575011903559e-25
1,465,2.0141132454153187e-25
1,466,2.122959847505448e-25
1,467,2.2426817108879054e-25
1,468,2.390159650962234e-25
1,469,2.5506094330502786e-25
1,470,2.7144555951025854e-25
1,471,2.897977252209706e-25
1,472,3.1026947938789843e-25
1,473,3.314394979867253e-25
1,474,3.529572185141657e-25
1,475,3.751905071541434e-25
1,476,3.9836658682082527e-25
1,477,4.224276863035909e-25
1,478,4.475193346829243e-25
1,479,4.737091083236551e-25
1,480,5.011395020355199e-25
1,481,5.295068795659795e-25
1,482,5.5856902681708e-25
1,483,5.894508127825402e-25
1,484,6.219714691454368e-25
1,485,6.558442886737767e-25
1,486,6.911800465917516e-25
1,487,7.28142567941232e-25
1,488,7.670740597316717e-25
1,489,8.08056211703964e-25
1,490,8.50828368221275e-25
1,491,8.943774768659306e-25
1,492,9.388973805739706e-25
1,493,9.859187386913636e-25
1,494,1.036314608399651e-24
1,495,1.0896804014644746e-24
1,496,1.1459811700539393e-24
1,497,1.2047024271235167e-24
1,498,1.2646503837789081e-24
1,499,1.3256957506091317e-24
1,500,1.3883369154924146e-24
1,501,1.453772909517446e-24
1,502,1.5228143804677243e-24
1,503,1.5957132376256918e-24
1,504,1.671960245861897e-24
1,505,1.7509129348338225e-24
1,506,1.8312473593735235e-24
1,507,1.911861385737089e-24
1,508,1.993454409998121e-24
1,509,2.078510316688308e-24
1,510,2.1683112966111524e-24
1,511,2.2617162838442702e-24
1,512,2.3573501564202965e-24
1,513,2.4554066601537455e-24
1,514,2.5564908939297014e-24
1,515,2.6596459472639996e-24
1,516,2.7633994155165175e-24
1,517,2.8678846420504177e-24
1,518,2.9752260040705233e-24
1,519,3.0864029677158573e-24
1,520,3.1997195701048175e-24
1,521,3.313018788583501e-24
1,522,3.426369891811082e-24
1,523,3.542221196816605e-24
1,524,3.663028127458343e-24
1,525,3.787065852582871e-24
1,526,3.9094583975002774e-24
1,527,4.028112003265059e-24
1,528,4.146812681845759e-24
1,529,4.26965512425332e-24
1,530,4.3969083940694144e-24
1,531,4.526841958170794e-24
1,532,4.656807735142885e-24
1,533,4.7822204304879e-24
1,534,4.9030461384618384e-24
1,535,5.026017793115118e-24
1,536,5.156194137979033e-24
1,537,5.289696780149362e-24
1,538,5.4214504913742826e-24
1,539,5.552996721708536e-24
1,540,5.68640443620272e-24
1,541,5.817888482229132e-24
1,542,5.945953325649995e-24
1,543,6.074525399280395e-24
1,544,6.20595099434507e-24
1,545,6.33639304815782e-24
1,546,6.461451214625525e-24
1,547,6.582689386021146e-24
1,548,6.71128775108052e-24
1,549,6.853358837039346e-24
1,550,6.987757776206655e-24
1,551,7.107871506903434e-24
1,552,7.235906207055467e-24
1,553,7.369220864816737e-24
1,554,7.490459301946525e-24
1,555,7.612456250371276e-24
1,556,7.739552458129144e-24
1,557,7.864923908352799e-24
1,558,8.002493570273719e-24
1,559,8.140834663729225e-24
1,560,8.258472040537155e-24
1,561,8.380023362989805e-24
1,562,8.513586948211096e-24
1,563,8.637482842088423e-24
1,564,8.756090966415096e-24
1,565,8.879506362299537e-24
1,566,9.00875270451606e-24
1,567,9.145869760909025e-24
1,568,9.272674085197216e-24
1,569,9.389651173011935e-24
1,570,9.519962839287264e-24
1,571,9.652778502298115e-24
1,572,9.773088320027556e-24
1,573,9.898241380455161e-24
1,574,1.0032472015403539e-23
1,575,1.0157800855926902e-23
1,576,1.027700030248357e-23
1,577,1.0398239092920709e-23
1,578,1.051648971418976e-23
1,579,1.0638965520774641e-23
1,580,1.0774723026480567e-23
1,581,1.090613025008358e-23
1,582,1.1022832489778492e-23
1,583,1.1139151567480825e-23
1,584,1.1259581402828435e-23
1,585,1.1383096609709457e-23
1,586,1.1517811792585293e-23
1,587,1.1657464570843799e-23
1,588,1.1789750306219337e-23
1,589,1.1917598789764214e-23
1,590,1.2044298932345454e-23
1,591,1.2159855899749522e-23
1,592,1.2280350293861364e-23
1,593,1.2413240477342841e-23
1,594,1.2536702551921672e-23
1,595,1.2622585663247417e-23
1,596,1.2690312610868209e-23
1,597,1.2719017603863013e-23
1,598,1.2694268221633983e-23
1,599,1.2632461080082425e-23
1,600,1.2607265304670386e-23
1,601,1.2940491658187111e-23
1,602,1.3438434144029327e-23
1,603,1.3673031002651603e-23
1,604,1.3613179029500074e-23
1,605,1.362249853518872e-23
1,606,1.3889565104444934e-23
1,607,1.415113006297343e-23
1,608,1.416911745848899e-23
1,609,1.4180434292792156e-23
1,610,1.436914334546947e-23
1,611,1.4570051375201962e-23
1,612,1.4660121037115302e-23
1,613,1.476664577209248e-23
1,614,1.4940709820154082e-23
1,615,1.507060945799194e-23
1,616,1.518211108761606e-23
1,617,1.53123195637104e-23
1,618,1.545559757497916e-23
1,619,1.5602032231238466e-23
1,620,1.5740341437592388e-23
1,621,1.586537608013468e-23
1,622,1.598670220722961e-23
1,623,1.6120984371623804e-23
1,624,1.6257397622149563e-23
1,625,1.6399061318573813e-23
1,626,1.6514014994172767e-23
1,627,1.6618769848625552e-23
1,628,1.6760547627649962e-23
1,629,1.6914987152735072e-23
1,630,1.7040795890525413e-23
1,631,1.7140668745370534e-23
1,632,1.7254519533548445e-23
1,633,1.739590779151631e-23
1,634,1.7536800680177026e-23
1,635,1.7652274339563498e-23
1,636,1.7757398969374943e-23
1,637,1.7868415925186095e-23
1,638,1.7977855257899737e-23
1,639,1.8094725822339845e-23
1,640,1.8210702257864517e-23
1,641,1.8329693719059718e-23
1,642,1.8448701873135627e-23
1,643,1.8565506670949278e-23
1,644,1.8682403234781858e-23
1,645,1.880775315118951e-23
1,646,1.8922841370460694e-23
1,647,1.9021767954152306e-23
1,648,1.91184668209012e-23
1,649,1.9222292669166725e-23
1,650,1.934681825317417e-23
1,651,1.948140614346507e-23
1,652,1.9594390425985648e-23
1,653,1.9676585355492064e-23
1,654,1.9759189533640407e-23
1,655,1.9872837270293344e-23
1,656,2.0018627400217953e-23
1,657,2.0145662788783102e-23
1,658,2.0228336100492716e-23
1,659,2.0310455991010113e-23
1,660,2.0429915157680675e-23
1,661,2.0569351003813273e-23
1,662,2.0675986914462724e-23
1,663,2.0747831608412714e-23
1,664,2.0822396795033954e-23
1,665,2.093476224786355e-23
1,666,2.1055285632603176e-23
1,667,2.116005014900354e-23
1,668,2.1241939010206313e-23
1,669,2.1330908801524598e-23
1,670,2.1462803092832395e-23
1,671,2.1606618258663554e-23
1,672,2.171661319394557e-23
1,673,2.1784413235457632e-23
1,674,2.1860437236996064e-23
1,675,2.1976594234049604e-23
1,676,2.2109188210844508e-23
1,677,2.2219957411165325e-23
1,678,2.2316674219352302e-23
1,679,2.2406274661803027e-23
1,680,2.249861884323794e-23
1,681,2.2596307303155132e-23
1,682,2.2711328071697834e-23
1,683,2.282086154446298e-23
1,684,2.2917685280747243e-23
1,685,2.2994731279464586e-23
1,686,2.3086875568691518e-23
1,687,2.3162982466040155e-23
1,688,2.323178150867728e-23
1,689,2.3257795654392974e-23
1,690,2.3284931790871684e-23
1,691,2.3289613506954824e-23
1,692,2.3311794211238114e-23
1,693,2.335261962939109e-23
1,694,2.3455576792970733e-23
1,695,2.3551148218594057e-23
1,696,2.365381655113184e-23
1,697,2.3766885633329342e-23
1,698,2.3873286933733086e-23
1,699,2.4040993022058104e-23
1,700,2.416045994113078e-23
1,701,2.4299676757970885e-23
1,702,2.441010300226866e-23
1,703,2.4514274676528805e-23
1,704,2.4609900102065872e-23
1,705,2.46538511322189e-23
1,706,2.4717053469126945e-23
1,707,2.478552841026087e-23
1,708,2.4879888918321904e-23
1,709,2.4992232265359925e-23
1,710,2.510196851175652e-23
1,711,2.5237757381618733e-23
1,712,2.5360477202353028e-23
1,713,2.5456636415211543e-23
1,714,2.5524681010296777e-23
1,715,2.557088161715604e-23
1,716,2.564783751645128e-23
1,717,2.5740596678679163e-23
1,718,2.5842276941008322e-23
1,719,2.5939771293312434e-23
1,720,2.6016239239020433e-23
1,721,2.6111061627545522e-23
1,722,2.619149668045108e-23
1,723,2.6278436858140142e-23
1,724,2.635332923606634e-23
1,725,2.6429469710172595e-23
1,726,2.652611705952517e-23
1,727,2.660129062136221e-23
1,728,2.66801201953806e-23
1,729,2.6727565710826387e-23
1,730,2.6802335692211527e-23
1,731,2.6878573436590416e-23
1,732,2.696180788775023e-23
1,733,2.702521538142963e-23
1,734,2.7077026461820625e-23
1,735,2.715020433948255e-23
1,736,2.7224641312551455e-23
1,737,2.728265604965359e-23
1,738,2.7299202647951285e-23
1,739,2.732945713777557e-23
1,740,2.739228749514817e-23
1,741,2.7466243795190244e-23
1,742,2.750460142908563e-23
1,743,2.7508463019102337e-23
1,744,2.749315010979627e-23
1,745,2.7486697154570494e-23
1,746,2.7499821780700156e-23
1,747,2.7533676463211e-23
1,748,2.759097209427001e-23
1,749,2.767712976656762e-23
1,750,2.7833309954534254e-23
1,751,2.805468510392117e-23
1,752,2.827352989200346e-23
1,753,2.8400445754150896e-23
1,754,2.8420491428784965e-23
1,755,2.839640883460858e-23
1,756,2.839267129598475e-23
1,757,2.842539333455549e-23
1,758,2.849523854362793e-23
1,759,2.858483680686998e-23
1,760,2.8697053140630414e-23
1,761,2.882010257437943e-23
1,762,2.8928878535635347e-23
1,763,2.8995920515597383e-23
1,764,2.900399472993943e-23
1,765,2.9013521753129646e-23
1,766,2.905818642192258e-23
1,767,2.9158940311587596e-23
1,768,2.92710723387588e-23
1,769,2.935883433812717e-23
1,770,2.943155926415236e-23
1,771,2.9507175857746054e-23
1,772,2.960487760974423e-23
1,773,2.969596761422784e-23
1,774,2.975906317742771e-23
1,775,2.9796093338115175e-23
1,776,2.9831525285551344e-23
1,777,2.989884571839208e-23
1,778,2.9969884033348355e-23
1,779,3.00410466493679e-23
1,780,3.007154514561792e-23
1,781,3.012237635098054e-23
1,782,3.016827380843529e-23
1,783,3.0257591162509845e-23
1,784,3.026593979330629e-23
1,785,3.031430823121304e-23
1,786,3.032588646550603e-23
1,787,3.0395652115367356e-23
1,788,3.0453835218586795e-23
1,789,3.053381616612583e-23
1,790,3.054333938441469e-23
1,791,3.0585367933203204e-23
1,792,3.057289102887484e-23
1,793,3.061318883287886e-23
1,794,3.063777639464158e-23
1,795,3.067956845111164e-23
1,796,3.0615213782363545e-23
1,797,3.0591743619486925e-23
1,798,3.0567809593609827e-23
1,799,3.0634961786229843e-23
1,800,3.06418627217794e-23
2,1,2.155559366815132e-102
2,2,4.199687527769319e-96
2,3,7.907825139558783e-88
2,4,3.3873287857191806e-86
2,5,5.868173169970934e-83
2,6,2.0893351759758357e-80
2,7,2.2573306114332858e-79
2,8,2.0191882203225475e-78
2,9,2.632709176731388e-77
2,10,2.0657637806293947e-76
2,11,1.3396457039109012e-75
2,12,7.570873195855189e-75
2,13,2.0442645309454503e-74
2,14,7.993702489109241e-74
2,15,2.057186701078758e-73
2,16,4.1223915054438696e-73
2,17,9.129048148594959e-73
2,18,2.2496869508191014e-72
2,19,5.247720569280743e-72
2,20,1.1747032145636668e-71
2,21,2.490460541581615e-71
2,22,5.9293225750534335e-71
2,23,1.7582520808804323e-70
2,24,4.743017492665128e-70
2,25,1.2262087363681806e-69
2,26,3.7296301241559383e-69
2,27,1.018612333895399e-68
2,28,2.7602939010215514e-68
2,29,7.202909811282043e-68
2,30,1.8951244626151577e-67
2,31,4.600338976352919e-67
2,32,1.0347621052509737e-66
2,33,2.4893587845793197e-66
2,34,5.063917897569855e-66
2,35,1.0910163336969844e-65
2,36,2.2993074676495136e-65
2,37,4.4188890107336805e-65
2,38,9.203273902375088e-65
2,39,1.8330324444299225e-64
2,40,3.646081450960584e-64
2,41,7.614551661954515e-64
2,42,1.4843546785648095e-63
2,43,2.864919730330672e-63
2,44,5.457831047331011e-63
2,45,1.0835959165745966e-62
2,46,1.9216327866072255e-62
2,47,3.4298386234478225e-62
2,48,6.685713515279902e-62
2,49,1.2079031246145153e-61
2,50,1.9274425295182426e-61
2,51,4.164418771875761e-61
2,52,5.5638987320367905e-61
2,53,7.782248769488496e-61
2,54,1.1491451281337101e-60
2,55,2.664723505765971e-60
2,56,4.704438782767455e-60
2,57,8.405515587886176e-60
2,58,1.3356293983895993e-59
2,59,2.229409744624e-59
2,60,3.4216051381930578e-59
2,61,5.679109507694559e-59
2,62,8.277631741603674e-59
2,63,1.1985378871231277e-58
2,64,1.6789972211280435e-58
2,65,2.6096787544711284e-58
2,66,3.7761492070293115e-58
2,67,5.006236992974256e-58
2,68,6.757411855300248e-58
2,69,8.262770442405927e-58
2,70,1.1680893591986948e-57
2,71,1.3745071036597496e-57
2,72,1.833009748831476e-57
2,73,2.6452714447397045e-57
2,74,2.863654929026554e-57
2,75,3.57760567368492e-57
2,76,4.879094587873187e-57
2,77,5.691621606334038e-57
2,78,7.200033513710243e-57
2,79,8.51358557361322e-57
2,80,9.844185730723681e-57
2,81,1.092520734909675e-56
2,82,1.2933545253883474e-56
2,83,1.6952715153685098e-56
2,84,1.980320380861848e-56
2,85,2.3702197479616305e-56
2,86,2.9016410159588577e-56
2,87,3.3019262938927755e-56
2,88,3.9830273096894605e-56
2,89,4.606972817244029e-56
2,90,5.668033637340345e-56
2,91,6.569277321433939e-56
2,92,7.966750636790505e-56
2,93,9.43296169625414e-56
2,94,1.0471834489318748e-55
2,95,1.1267519205040331e-55
2,96,1.4208525447912767e-55
2,97,1.9617942553485812e-55
2,98,2.250691685424791e-55
2,99,2.5952888118508063e-55
2,100,2.9936932596595074e-55
2,101,3.756384326377285e-55
2,102,4.4421723394773105e-55
2,103,5.589650311263059e-55
2,104,6.775921895301365e-55
2,105,8.903888284006415e-55
2,106,8.952022650348671e-55
2,107,1.3093118915129787e-54
2,108,1.5738082763508968e-54
2,109,1.6742753705209106e-54
2,110,2.0439773064023115e-54
2,111,2.5006203925602846e-54
2,112,3.5362452692891795e-54
2,113,3.7247066709315147e-54
2,114,4.5824556506694314e-54
2,115,4.7244412466587256e-54
2,116,4.6047926375059785e-54
2,117,8.403758310443269e-54
2,118,5.277420366925613e-54
2,119,1.028148458852141e-53
2,120,5.847586399357022e-54
2,121,4.293236186178841e-54
2,122,1.7528212044308233e-53
2,123,1.3715935033306052e-53
2,124,1.3859890625664295e-53
2,125,2.851827880480025e-53
2,126,2.7739345891534437e-53
2,127,1.666614929618079e-53
2,128,1.6533638277849451e-53
2,129,3.7406197065700434e-54
2,130,8.50170443110926e-54
2,131,1.0090240729352606e-53
2,132,6.745900937360963e-53
2,133,2.0572925978284383e-53
2,134,1.4787012475247316e-53
2,135,3.6982902283739956e-54
2,136,2.0727971890966515e-54
2,137,4.617680838773912e-54
2,138,3.3816694345042716e-54
2,139,1.9999635202471545e-54
2,140,3.1055107398965627e-55
2,141,2.239983003174975e-54
2,142,1.4919139513193344e-55
2,143,1.6886788171767826e-55
2,144,2.5197943355627213e-54
2,145,9.862910611204212e-55
2,146,9.669347851249492e-55
2,147,1.329911564665186e-54
2,148,1.804705819351801e-54
2,149,3.8699891295323015e-54
2,150,6.712104654476603e-54
2,151,7.430804158883628e-54
2,152,7.753474934692771e-54
2,153,1.2915475011020991e-53
2,154,2.527795582810763e-53
2,155,4.476845037679108e-53
2,156,6.949726904489172e-53
2,157,1.0480178462902718e-52
2,158,2.4520495631563437e-52
2,159,4.675850690543042e-52
2,160,7.122238420853929e-52
2,161,1.0813991186511039e-51
2,162,1.7329603669106123e-51
2,163,3.3178892285917355e-51
2,164,5.59899941484299e-51
2,165,1.0591471571553447e-50
2,166,1.9177560998969316e-50
2,167,3.6962519578421377e-50
2,168,6.313419985693786e-50
2,169,1.099744984955497e-49
2,170,2.0829686175840087e-49
2,171,3.8227662325376695e-49
2,172,7.236147879775343e-49
2,173,1.433821445646837e-48
2,174,3.08939860783731e-48
2,175,6.034713821868701e-48
2,176,1.318051841742925e-47
2,177,2.8379221540448563e-47
2,178,6.381651961342022e-47
2,179,1.4309367988214783e-46
2,180,3.427087022123587e-46
2,181,8.132789024327415e-46
2,182,1.9758311398534466e-45
2,183,4.478524088736515e-45
2,184,8.455385946166131e-45
2,185,3.047640046631559e-45
2,186,5.048224242884315e-46
2,187,2.373764537116644e-47
2,188,2.84396742840656e-48
2,189,2.0301336896006288e-45
2,190,1.9763515112305625e-45
2,191,5.0535191711558113e-45
2,192,1.1358165062264953e-44
2,193,1.6610081841360448e-43
2,194,3.625604956077707e-43
2,195,8.025105152863599e-43
2,196,1.816759453625177e-44
2,197,1.847141442638196e-44
2,198,1.4281323776960412e-51
2,199,1.4744430553645952e-49
2,200,1.8838264130974438e-46
2,201,8.687545869019856e-46
2,202,1.3840442675731307e-44
2,203,3.281152519402714e-48
2,204,7.312145657049932e-46
2,205,2.4757623444348917e-44
2,206,3.8891864674397745e-44
2,207,4.598472414582371e-43
2,208,2.3042997600807485e-45
2,209,8.750073134678187e-44
2,210,9.646775112708895e-43
2,211,1.0226321731907579e-45
2,212,1.4606701775206995e-47
2,213,3.1311095903052886e-44
2,214,2.285519883216726e-43
2,215,7.809328777249095e-43
2,216,2.5920621425756862e-42
2,217,1.4346331795163664e-42
2,218,6.768721646342276e-48
2,219,1.6834573327636028e-45
2,220,1.3965522236465722e-43
2,221,5.2383076628013675e-42
2,222,8.838114528389824e-41
2,223,4.550030581643737e-40
2,224,1.1115277223288492e-39
2,225,2.067350650632575e-39
2,226,1.5223325507619622e-39
2,227,1.5498555729945666e-39
2,228,3.0902934569993726e-39
2,229,1.18149840371306e-38
2,230,1.0871485267186669e-38
2,231,1.202584789294092e-38
2,232,1.936887905618773e-38
2,233,1.5624607239047535e-39
2,234,6.856503880318802e-38
2,235,4.44091840288579e-38
2,236,1.8982827149180885e-38
2,237,6.583964794903737e-38
2,238,5.438675771289485e-38
2,239,2.5251269093342666e-38
2,240,1.7522194515642458e-38
2,241,2.5059940027516104e-39
2,242,8.257459703801004e-39
2,243,1.8683523027825358e-38
2,244,4.390576068334058e-38
2,245,5.245474973858273e-38
2,246,3.5676095558178817e-37
2,247,7.07002750710105e-37
2,248,4.820871796908717e-36
2,249,1.4404314624617956e-35
2,250,1.5637517942912e-35
2,251,1.3262676455954522e-35
2,252,2.953462961511829e-38
2,253,7.567032709652927e-38
2,254,2.4369447619967584e-37
2,255,1.4459853854823743e-36
2,256,6.862634386160662e-36
2,257,2.1094959606396312e-35
2,258,4.1524831079718247e-35
2,259,6.176333956019537e-35
2,260,8.077510054206137e-35
2,261,1.1091079778077543e-34
2,262,1.8092146212548332e-34
2,263,3.58487825388672e-34
2,264,8.074039351656336e-34
2,265,1.843448867559274e-33
2,266,3.884548586788638e-33
2,267,6.59042993383056e-33
2,268,1.1089188667176099e-32
2,269,1.487904950616649e-32
2,270,2.6655599968305256e-32
2,271,4.6650237025111326e-32
2,272,8.808522220121776e-32
2,273,1.6376660672356733e-31
2,274,2.782758076512117e-31
2,275,4.317867972886935e-31
2,276,6.492411262577817e-31
2,277,1.0188853894429402e-30
2,278,1.7187336488101313e-30
2,279,3.0054470130363798e-30
2,280,5.112665321966976e-30
2,281,8.167668113348579e-30
2,282,1.2432049507027726e-29
2,283,1.8821640398177743e-29
2,284,2.89670024577085e-29
2,285,4.478122784476648e-29
2,286,6.761997315419236e-29
2,287,9.822088704263316e-29
2,288,1.3902841276775357e-28
2,289,1.9576312243476997e-28
2,290,2.756991994650742e-28
2,291,3.865216972337401e-28
2,292,5.327848721920187e-28
2,293,7.103516897864434e-28
2,294,9.320874722745175e-28
2,295,1.2164125047466136e-27
2,296,1.5759530773468417e-27
2,297,2.0091323577717313e-27
2,298,2.5232515596909222e-27
2,299,3.152367188649305e-27
2,300,3.923920751324993e-27
2,301,4.863127832019334e-27
2,302,5.9850495779108586e-27
2,303,7.328328326058259e-27
2,304,8.964577875685628e-27
2,305,1.0902477914984709e-26
2,306,1.3176121334472112e-26
2,307,1.580571588647039e-26
2,308,1.891732644788091e-26
2,309,2.2560938016826342e-26
2,310,2.670491328224673e-26
2,311,3.125429781818981e-26
2,312,3.632219081191186e-26
2,313,4.208340144370062e-26
2,314,4.8584786777745184e-26
2,315,5.578915289404549e-26
2,316,6.375791518375947e-26
2,317,7.27807574969074e-26
2,318,8.301632353981259e-26
2,319,9.449554362796208e-26
2,320,1.0723587826185004e-25
2,321,1.2137373088914394e-25
2,322,1.3718976635598613e-25
2,323,1.5482858695056517e-25
2,324,1.7449245782452742e-25
2,325,1.963790976215306e-25
2,326,2.207638227641445e-25
2,327,2.4791506706462727e-25
2,328,2.782566761461283e-25
2,329,3.122053528270583e-25
2,330,3.4959509884148626e-25
2,331,3.9037565186618074e-25
2,332,4.352634647183758e-25
2,333,4.849460835161697e-25
2,334,5.391951800963155e-25
2,335,5.98328075128446e-25
2,336,6.629548681625431e-25
2,337,7.329034464478285e-25
2,338,8.087183756015912e-25
2,339,8.922392517405828e-25
2,340,9.836774360908394e-25
2,341,1.0821410003179712e-24
2,342,1.1893463793808768e-24
2,343,1.3072011101500921e-24
2,344,1.4348952889306758e-24
2,345,1.5717660921525317e-24
2,346,1.719239000684134e-24
2,347,1.878304297438704e-24
2,348,2.0498085512141212e-24
2,349,2.235716213418367e-24
2,350,2.435325683931065e-24
2,351,2.6472632595025845e-24
2,352,2.8750950377357837e-24
2,353,3.123028584485841e-24
2,354,3.389074448357463e-24
2,355,3.67088274454023e-24
2,356,3.972064290269685e-24
2,357,4.295162457405623e-24
2,358,4.639484202822076e-24
2,359,5.00628859483069e-24
2,360,5.396596531290387e-24
2,361,5.810412596881662e-24
2,362,6.251254731165029e-24
2,363,6.721299364895117e-24
2,364,7.218819048559645e-24
2,365,7.746676119647552e-24
2,366,8.309501353840184e-24
2,367,8.904311770458569e-24
2,368,9.529514160800928e-24
2,369,1.0191166139696374e-23
2,370,1.0890428177228313e-23
2,371,1.1623210921553854e-23
2,372,1.2392926079016857e-23
2,373,1.3204971758295439e-23
2,374,1.405548850023761e-23
2,375,1.493954948016814e-23
2,376,1.5858965527756877e-23
2,377,1.6822513867204267e-23
2,378,1.784601392597895e-23
2,379,1.8932351261598347e-23
2,380,2.0059402797926732e-23
2,381,2.1206286027921343e-23
2,382,2.238991393171149e-23
2,383,2.3639744286337906e-23
2,384,2.4952414094838917e-23
2,385,2.62839802052584e-23
2,386,2.762760269101042e-23
2,387,2.906854064638237e-23
2,388,3.064450245430993e-23
2,389,3.222431118590032e-23
2,390,3.3775888089129436e-23
2,391,3.544220329527881e-23
2,392,3.7206707069701474e-23
2,393,3.895089673356513e-23
2,394,4.075130307944106e-23
2,395,4.266320577826622e-23
2,396,4.4590134517446814e-23
2,397,4.655293472999982e-23
2,398,4.8612923318587256e-23
2,399,5.0713278118547646e-23
2,400,5.284936899854131e-23
2,401,5.505729441781026e-23
2,402,5.731626341473421e-23
2,403,5.962356212144605e-23
2,404,6.198122652782602e-23
2,405,6.438528846619311e-23
2,406,6.68496680457216e-23
2,407,6.93422865825489e-23
2,408,7.184339797529918e-23
2,409,7.439707202086542e-23
2,410,7.701966199654008e-23
2,411,7.969406175543858e-23
2,412,8.245744203328554e-23
2,413,8.535133697428327e-23
2,414,8.825034302184134e-23
2,415,9.107108044742636e-23
2,416,9.393671261875317e-23
2,417,9.69631209214291e-23
2,418,9.999549423351369e-23
2,419,1.0292922264349973e-22
2,420,1.0595481419907727e-22
2,421,1.0916371286013565e-22
2,422,1.1241186357370231e-22
2,423,1.1563289595012646e-22
2,424,1.188611319292066e-22
2,425,1.2210596970336207e-22
2,426,1.2541876301856485e-22
2,427,1.28769701781599e-22
2,428,1.3207853905336972e-22
2,429,1.354667066045285e-22
2,430,1.3902253528875278e-22
2,431,1.4255594487554387e-22
2,432,1.4599454513511836e-22
2,433,1.4947821654433599e-22
2,434,1.5302343323956816e-22
2,435,1.5659012287107127e-22
2,436,1.601823039655475e-22
2,437,1.637390897007793e-22
2,438,1.6725082293071397e-22
2,439,1.7085587990119392e-22
2,440,1.7459554452980652e-22
2,441,1.7832388392603685e-22
2,442,1.8193268235499548e-22
2,443,1.8545358854582223e-22
2,444,1.89023261577252e-22
2,445,1.9283856131768892e-22
2,446,1.9674011688493666e-22
2,447,2.0033796678897035e-22
2,448,2.0384884585362747e-22
2,449,2.077605378043618e-22
2,450,2.118113695930192e-22
2,451,2.154790124482149e-22
2,452,2.190216871092057e-22
2,453,2.228470597046367e-22
2,454,2.265183319167757e-22
2,455,2.30312049427152e-22
2,456,2.339272875836047e-22
2,457,2.3699035032259854e-22
2,458,2.3999633545536657e-22
2,459,2.436228673540371e-22
2,460,2.4708309985425313e-22
2,461,2.5037055018131534e-22
2,462,2.5419419356033147e-22
2,463,2.5814692123578573e-22
2,464,2.616286940672307e-22
2,465,2.6527598908424875e-22
2,466,2.6960561253998117e-22
2,467,2.7390379833356405e-22
2,468,2.7807171581786363e-22
2,469,2.825104621961937e-22
2,470,2.8659991933179933e-22
2,471,2.9004124547854643e-22
2,472,2.934437043019875e-22
2,473,2.9686074037682526e-22
2,474,3.0007334817942997e-22
2,475,3.0361362927817593e-22
2,476,3.076765875136488e-22
2,477,3.1165739176556096e-22
2,478,3.1550861831244917e-22
2,479,3.1948592302811673e-22
2,480,3.233979558024122e-22
2,481,3.2712902380380688e-22
2,482,3.306397423604622e-22
2,483,3.3389981221466435e-22
2,484,3.3720656448961044e-22
2,485,3.407740780469818e-22
2,486,3.4437941973543674e-22
2,487,3.4794440422091277e-22
2,488,3.516815168439046e-22
2,489,3.5553469283148e-22
2,490,3.592552729832293e-22
2,491,3.6281648854697305e-22
2,492,3.663381874336295e-22
2,493,3.699058794310547e-22
2,494,3.7350823936968147e-22
2,495,3.771106455846195e-22
2,496,3.8074078335417654e-22
2,497,3.844094036981268e-22
2,498,3.8804001270337805e-22
2,499,3.9152244736038747e-22
2,500,3.948469507256508e-22
2,501,3.9808757034010134e-22
2,502,4.0125256159599627e-22
2,503,4.0423340557333133e-22
2,504,4.069422991737946e-22
2,505,4.095410783909885e-22
2,506,4.12847457779571e-22
2,507,4.1724207102819733e-22
2,508,4.213235531183392e-22
2,509,4.242386941907649e-22
2,510,4.272794875354152e-22
2,511,4.310866162107094e-22
2,512,4.344904827473743e-22
2,513,4.373887965420272e-22
2,514,4.409178959103585e-22
2,515,4.4464723244858e-22
2,516,4.476881683219685e-22
2,517,4.506686628932938e-22
2,518,4.5400792076017335e-22
2,519,4.572967969564854e-22
2,520,4.606636186602903e-22
2,521,4.641879842481375e-22
2,522,4.671597277086315e-22
2,523,4.697299086355281e-22
2,524,4.731071340697515e-22
2,525,4.771199016023263e-22
2,526,4.804051448976639e-22
2,527,4.830552470525694e-22
2,528,4.860778400566386e-22
2,529,4.892924711284627e-22
2,530,4.921570941520365e-22
2,531,4.953613896796673e-22
2,532,4.99074438379002e-22
2,533,5.023309491316141e-22
2,534,5.052171926737712e-22
2,535,5.085671428202951e-22
2,536,5.12069160471851e-22
2,537,5.150613485824374e-22
2,538,5.178798037766223e-22
2,539,5.210364438176137e-22
2,540,5.244553320198273e-22
2,541,5.277251043117445e-22
2,542,5.304818634430321e-22
2,543,5.328584281738568e-22
2,544,5.354864937338158e-22
2,545,5.388767966402005e-22
2,546,5.426151249744145e-22
2,547,5.454169251380184e-22
2,548,5.4754542202449045e-22
2,549,5.506629120587218e-22
2,550,5.546072913048478e-22
2,551,5.5761559676973535e-22
2,552,5.600588025623835e-22
2,553,5.630724952108484e-22
2,554,5.660387496375842e-22
2,555,5.688906566982342e-22
2,556,5.721556681382818e-22
2,557,5.750633555471624e-22
2,558,5.775364774590495e-22
2,559,5.804716068267429e-22
2,560,5.832699532594565e-22
2,561,5.853767538347482e-22
2,562,5.878375402571656e-22
2,563,5.910008866309707e-22
2,564,5.939398220981949e-22
2,565,5.964295860349298e-22
2,566,5.988085794000236e-22
2,567,6.012637742014447e-22
2,568,6.042124786910851e-22
2,569,6.07490520352311e-22
2,570,6.104463248931099e-22
2,571,6.126818557692797e-22
2,572,6.143330876370004e-22
2,573,6.165637243592199e-22
2,574,6.203105433904152e-22
2,575,6.236834390096177e-22
2,576,6.247610874149855e-22
2,577,6.255940890522981e-22
2,578,6.292403085065038e-22
2,579,6.340748953889469e-22
2,580,6.365614244345856e-22
2,581,6.377191072872837e-22
2,582,6.405832975507269e-22
2,583,6.443521192723731e-22
2,584,6.469289911426434e-22
2,585,6.491746747289676e-22
2,586,6.520165414768269e-22
2,587,6.546358384387546e-22
2,588,6.573420057856312e-22
2,589,6.607307703968235e-22
2,590,6.637539651387909e-22
2,591,6.660403092741497e-22
2,592,6.6844760884537155e-22
2,593,6.711185446635213e-22
2,594,6.739919345121112e-22
2,595,6.770618807321109e-22
2,596,6.796482368953446e-22
2,597,6.817759440271399e-22
2,598,6.84407311643902e-22
2,599,6.873808351527038e-22
2,600,6.899227253227494e-22
2,601,6.922923162960962e-22
2,602,6.948069138073528e-22
2,603,6.972335121477411e-22
2,604,6.996990306380544e-22
2,605,7.023243666478378e-22
2,606,7.047350548913907e-22
2,607,7.0691721249368385e-22
2,608,7.092481190969801e-22
2,609,7.116353435288072e-22
2,610,7.137191633161596e-22
2,611,7.154380113564705e-22
2,612,7.168854682131512e-22
2,613,7.184366985765122e-22
2,614,7.211143255949696e-22
2,615,7.25087262019266e-22
2,616,7.281178587342285e-22
2,617,7.291634175543724e-22
2,618,7.306020485235317e-22
2,619,7.33864766151348e-22
2,620,7.36777969539264e-22
2,621,7.382855663853176e-22
2,622,7.403333693660699e-22
2,623,7.43246170721766e-22
2,624,7.4552165139676205e-22
2,625,7.474799306222454e-22
2,626,7.498656120516903e-22
2,627,7.520235617632969e-22
2,628,7.539514957521238e-22
2,629,7.561615216529379e-22
2,630,7.583190383034007e-22
2,631,7.606334849179035e-22
2,632,7.635284746232682e-22
2,633,7.660939545787387e-22
2,634,7.678266822116107e-22
2,635,7.696368964494477e-22
2,636,7.717746956992283e-22
2,637,7.738984271533637e-22
2,638,7.760125189703032e-22
2,639,7.779861584324449e-22
2,640,7.791826182483163e-22
2,641,7.79883779540193e-22
2,642,7.803270914348513e-22
2,643,7.814729666002799e-22
2,644,7.836838166345992e-22
2,645,7.873627558296546e-22
2,646,7.906197030583042e-22
2,647,7.921151641569049e-22
2,648,7.933446502811074e-22
2,649,7.956538441823153e-22
2,650,7.984173554413842e-22
2,651,7.998140849337718e-22
2,652,8.009212592646765e-22
2,653,8.033626837671187e-22
2,654,8.050780264850724e-22
2,655,8.0583156046091825e-22
2,656,8.078546626470263e-22
2,657,8.108130022404672e-22
2,658,8.132276465538838e-22
2,659,8.155995100060283e-22
2,660,8.18047106651301e-22
2,661,8.200651345119382e-22
2,662,8.2179362874490035e-22
2,663,8.239627626505133e-22
2,664,8.26137425166067e-22
2,665,8.274706921536018e-22
2,666,8.290734949665715e-22
2,667,8.31422813618529e-22
2,668,8.338054367361416e-22
2,669,8.361884059086626e-22
2,670,8.382333144004609e-22
2,671,8.400152689274749e-22
2,672,8.420002430092675e-22
2,673,8.43932895950237e-22
2,674,8.4585536564044865e-22
2,675,8.479405199148272e-22
2,676,8.499545195530122e-22
2,677,8.517574422855402e-22
2,678,8.531890965988407e-22
2,679,8.546536291553576e-22
2,680,8.55996335230424e-22
2,681,8.567364139822668e-22
2,682,8.574895037664418e-22
2,683,8.596167995311056e-22
2,684,8.622949321940396e-22
2,685,8.639666758631732e-22
2,686,8.647012659694716e-22
2,687,8.665085084767467e-22
2,688,8.692967275910862e-22
2,689,8.706394787161325e-22
2,690,8.711793319631573e-22
2,691,8.726647058874451e-22
2,692,8.7452450794907e-22
2,693,8.755691034693598e-22
2,694,8.76854851873928e-22
2,695,8.792636879841941e-22
2,696,8.809901688534895e-22
2,697,8.81711583544187e-22
2,698,8.835971506665932e-22
2,699,8.867981170614433e-22
2,700,8.89048739671495e-22
2,701,8.892675352952287e-22
2,702,8.890635938576052e-22
2,703,8.90697361765697e-22
2,704,8.943381413200572e-22
2,705,8.980956157214339e-22
2,706,8.997925360914768e-22
2,707,8.999310645057006e-22
2,708,9.009300057526837e-22
2,709,9.0350607065545e-22
2,710,9.063389796404818e-22
2,711,9.081035149779129e-22
2,712,9.091544272279377e-22
2,713,9.10678876836612e-22
2,714,9.128146353108564e-22
2,715,9.14918696439061e-22
2,716,9.163849763968746e-22
2,717,9.172522258530422e-22
2,718,9.180369001903112e-22
2,719,9.190547801604424e-22
2,720,9.210296406997834e-22
2,721,9.239419473165405e-22
2,722,9.258134108860464e-22
2,723,9.260865109203058e-22
2,724,9.267180355047035e-22
2,725,9.286792084502692e-22
2,726,9.30211006399379e-22
2,727,9.308547527681072e-22
2,728,9.324993256976943e-22
2,729,9.347363975566416e-22
2,730,9.355083691676906e-22
2,731,9.357043732873679e-22
2,732,9.375050222550031e-22
2,733,9.401951652431434e-22
2,734,9.417395719483793e-22
2,735,9.422830311548922e-22
2,736,9.432443565230093e-22
2,737,9.453890437406723e-22
2,738,9.48117470599839e-22
2,739,9.49725885377251e-22
2,740,9.49792141976452e-22
2,741,9.501159441487836e-22
2,742,9.514866381673836e-22
2,743,9.521866083744144e-22
2,744,9.520235441687992e-22
2,745,9.534031886256573e-22
2,746,9.566620921037863e-22
2,747,9.594771098524689e-22
2,748,9.608590888219114e-22
2,749,9.617000979128239e-22
2,750,9.622194588339182e-22
2,751,9.623342048676778e-22
2,752,9.633296320901875e-22
2,753,9.657240876447526e-22
2,754,9.6829404009534e-22
2,755,9.700787707334928e-22
2,756,9.715764922263915e-22
2,757,9.730803194314124e-22
2,758,9.742192978693058e-22
2,759,9.755707505206235e-22
2,760,9.776828954137318e-22
2,761,9.79554583607664e-22
2,762,9.80459339064933e-22
2,763,9.814665920833078e-22
2,764,9.83264637454752e-22
2,765,9.84651766551156e-22
2,766,9.84978499259603e-22
2,767,9.854504030936196e-22
2,768,9.870822603295148e-22
2,769,9.893240469364395e-22
2,770,9.91201747933015e-22
2,771,9.924004348423444e-22
2,772,9.93190199304438e-22
2,773,9.93922845125803e-22
2,774,9.95018994798591e-22
2,775,9.964037152589915e-22
2,776,9.972439707001084e-22
2,777,9.972672105308735e-22
2,778,9.974972212700402e-22
2,779,9.989936458831363e-22
2,780,1.0010558546405093e-21
2,781,1.0021144238826017e-21
2,782,1.0027007595828395e-21
2,783,1.0044090884500705e-21
2,784,1.0068521604004827e-21
2,785,1.0082381999434938e-21
2,786,1.0082837487677694e-21
2,787,1.0089394347016564e-21
2,788,1.0111733258925522e-21
2,789,1.013265975379663e-21
2,790,1.0139043390045461e-21
2,791,1.0144054403281901e-21
2,792,1.0161311516422768e-21
2,793,1.0181475576912792e-21
2,794,1.0189514220208647e-21
2,795,1.0192559226803586e-21
2,796,1.0200912469344416e-21
2,797,1.0211626686539155e-21
2,798,1.0214744470962335e-21
2,799,1.0220589121717234e-21
2,800,1.0229965180023317e-21
3,1,6.966372982002731e-109
3,2,4.6407774931372505e-104
3,3,6.065819773987233e-97
3,4,2.073801305445833e-94
3,5,9.415662020632835e-91
3,6,9.200143348195963e-88
3,7,3.791552449849912e-86
3,8,1.1465310061002328e-84
3,9,3.2316804037078056e-83
3,10,6.293158920837216e-82
3,11,4.896875611109084e-81
3,12,3.66146170718809e-80
3,13,2.347445962716864e-79
3,14,1.0832065804852824e-78
3,15,3.9766151027864033e-78
3,16,1.2505693737788036e-77
3,17,3.4499323554666124e-77
3,18,8.401612614553953e-77
3,19,1.832017152951071e-76
3,20,3.9909096736693134e-76
3,21,9.469902336558232e-76
3,22,2.29808343756185e-75
3,23,5.600448992779296e-75
3,24,1.4196261639367899e-74
3,25,3.85648637168854e-74
3,26,1.147998071900469e-73
3,27,3.4239188764973616e-73
3,28,1.0242868175764307e-72
3,29,3.0555950398877084e-72
3,30,8.980042839812671e-72
3,31,2.6471905783838273e-71
3,32,7.460345973184396e-71
3,33,2.022153753750774e-70
3,34,5.376777967039447e-70
3,35,1.377624516721541e-69
3,36,3.234505997989406e-69
3,37,7.404761153146382e-69
3,38,1.7252557356681758e-68
3,39,3.793141164051006e-68
3,40,8.242379665978583e-68
3,41,1.8331242100848986e-67
3,42,3.980312062732503e-67
3,43,8.694548711399116e-67
3,44,1.9107474346247119e-66
3,45,4.028209987877882e-66
3,46,8.358953116118996e-66
3,47,1.8150631023517185e-65
3,48,3.466462726351082e-65
3,49,7.272098530718606e-65
3,50,1.2440799236466236e-64
3,51,2.4514486617732018e-64
3,52,5.0135796472040074e-64
3,53,9.087726277921484e-64
3,54,1.9149272033863226e-63
3,55,3.372570777272997e-63
3,56,6.798112848126334e-63
3,57,1.3131511726608742e-62
3,58,2.2502022200643756e-62
3,59,4.4562686100098625e-62
3,60,7.098674969635429e-62
3,61,1.2883072904204457e-61
3,62,2.0233615642874484e-61
3,63,3.273767385720479e-61
3,64,5.238129175116763e-61
3,65,7.788551704476228e-61
3,66,1.2228485006057214e-60
3,67,1.906734191938659e-60
3,68,2.6313012869784873e-60
3,69,3.9683212160223207e-60
3,70,5.406623532426884e-60
3,71,7.661794214202697e-60
3,72,1.02477819767176e-59
3,73,1.3393564439576335e-59
3,74,1.7413024282799347e-59
3,75,2.0437695379695107e-59
3,76,2.5837560197381494e-59
3,77,3.1007420633962035e-59
3,78,3.9676334865760124e-59
3,79,4.174278212008861e-59
3,80,5.337851144553032e-59
3,81,6.259924390102663e-59
3,82,7.015387010816029e-59
3,83,1.0276703777219748e-58
3,84,1.1390032444107795e-58
3,85,1.4879722358936253e-58
3,86,1.8282279767191368e-58
3,87,2.1778725445967695e-58
3,88,2.7151498938025646e-58
3,89,3.0623741574725573e-58
3,90,3.785369345537962e-58
3,91,4.537247136291343e-58
3,92,5.046253318667964e-58
3,93,6.254469465753655e-58
3,94,7.137040687480218e-58
3,95,9.281889987183882e-58
3,96,1.079767717078684e-57
3,97,1.2957916048437558e-57
3,98,1.4941381946636977e-57
3,99,1.811540607076789e-57
3,100,2.2384221688520324e-57
3,101,2.868585710236228e-57
3,102,3.3796374561725775e-57
3,103,4.1839909548448535e-57
3,104,5.344056957108876e-57
3,105,6.485122897469479e-57
3,106,7.909975205119959e-57
3,107,1.0001415266516013e-56
3,108,1.2214199645741118e-56
3,109,1.4994980016453745e-56
3,110,1.848180392208673e-56
3,111,2.3091301698624906e-56
3,112,2.706065813783253e-56
3,113,3.2083366363706242e-56
3,114,3.950299923107717e-56
3,115,4.2189199747538885e-56
3,116,3.6293066061655907e-56
3,117,5.936543038518699e-56
3,118,6.770689871406476e-56
3,119,8.271191842238849e-56
3,120,1.3633631631271141e-55
3,121,1.715846463682966e-55
3,122,1.8877258575610375e-55
3,123,2.44872751175482e-55
3,124,3.160035455041703e-55
3,125,3.042968007861734e-55
3,126,2.218272963185169e-55
3,127,2.3520986599888937e-55
3,128,1.4117594140341366e-56
3,129,2.210414388950161e-55
3,130,1.5454079960119564e-55
3,131,3.582601146422749e-55
3,132,2.4818134286342107e-55
3,133,1.457188269765327e-55
3,134,9.548680360864668e-56
3,135,1.2654530112407952e-56
3,136,4.246529025718988e-55
3,137,5.066245800291452e-55
3,138,7.851950040273812e-55
3,139,7.63430601955436e-55
3,140,9.994912355798638e-55
3,141,5.0508713987189035e-56
3,142,7.707222378660975e-56
3,143,1.3768451306462105e-55
3,144,2.259844673387862e-55
3,145,4.145946147767721e-55
3,146,8.219620592909919e-55
3,147,1.2673359471245255e-54
3,148,1.922075961274046e-54
3,149,3.3018172194914175e-54
3,150,5.830693849973588e-54
3,151,9.671824774226974e-54
3,152,1.6470738485912823e-53
3,153,2.8825325606127075e-53
3,154,6.447688407689868e-53
3,155,1.2500090590331298e-52
3,156,2.0272559027458448e-52
3,157,2.9036494590430157e-52
3,158,4.667328873263249e-52
3,159,8.012738322588592e-52
3,160,1.4659527280059817e-51
3,161,2.8065495188283207e-51
3,162,5.589308501891528e-51
3,163,1.2267203652833441e-50
3,164,2.6449939753592344e-50
3,165,5.697755457138397e-50
3,166,1.3058913051674197e-49
3,167,2.9865603859932474e-49
3,168,6.6837184674799395e-49
3,169,9.798092567281788e-49
3,170,3.3663338943246234e-48
3,171,3.3876584501815287e-49
3,172,1.0465557680661055e-48
3,173,1.4455332557294819e-47
3,174,3.152415844218847e-47
3,175,1.1282264351557185e-46
3,176,2.490281439006173e-46
3,177,1.1395351306667037e-48
3,178,1.505294700976262e-52
3,179,2.0128270347315116e-52
3,180,4.159673194247294e-66
3,181,2.7615728344632204e-63
3,182,2.1079967824402005e-66
3,183,8.036331600693443e-64
3,184,5.2566270956110604e-61
3,185,1.3182144973726987e-61
3,186,5.427866986667629e-60
3,187,1.355189769491352e-59
3,188,4.000856313874647e-62
3,189,5.415969486563762e-60
3,190,5.257435826401177e-59
3,191,2.289708577466398e-59
3,192,1.3284929388669048e-59
3,193,3.503875032091379e-57
3,194,2.0376077578397125e-57
3,195,3.9516550810917677e-57
3,196,3.420907036262084e-59
3,197,3.156491137951858e-58
3,198,6.762749127098248e-58
3,199,1.434282173199607e-57
3,200,2.848345769797671e-57
3,201,8.738037042774762e-57
3,202,8.661871306051229e-57
3,203,2.0093429692577588e-56
3,204,9.285421717141562e-56
3,205,9.136722578151645e-55
3,206,3.5639416802668755e-56
3,207,1.6078025701088888e-55
3,208,2.614187325338426e-55
3,209,7.67547573057662e-55
3,210,2.325807288551236e-54
3,211,8.406526338187647e-54
3,212,2.9167392325596184e-53
3,213,1.427046799486064e-52
3,214,1.8967128923666795e-52
3,215,6.576985566482121e-52
3,216,2.4189038399412686e-51
3,217,9.683516531834995e-51
3,218,4.0829038936581174e-50
3,219,1.8927249180213257e-49
3,220,9.124293610993374e-49
3,221,4.3341888626585355e-48
3,222,1.8583808889886221e-47
3,223,7.036773462348029e-47
3,224,2.1879049532198596e-46
3,225,6.352988822713112e-46
3,226,1.801478198871187e-45
3,227,5.686444858690039e-45
3,228,1.8074202400794517e-44
3,229,6.059769846877423e-44
3,230,2.074428615453684e-43
3,231,4.271094474047276e-43
3,232,1.642387029368377e-42
3,233,4.021649760747394e-42
3,234,1.1135209968360855e-41
3,235,2.35608749278453e-41
3,236,7.01568573354268e-41
3,237,2.3983648619036846e-40
3,238,6.556281574211885e-40
3,239,1.6068247569188337e-39
3,240,3.571303462083784e-39
3,241,5.556665099369343e-39
3,242,9.632192106221103e-39
3,243,1.6672575813490502e-38
3,244,4.6704954943869336e-38
3,245,1.2261459146921468e-37
3,246,3.894827876374797e-37
3,247,5.727905038215153e-37
3,248,1.3334555153065509e-36
3,249,2.5676391541770584e-36
3,250,2.9318292744805834e-36
3,251,5.5635504300519805e-36
3,252,7.085566023244769e-42
3,253,3.2432748911614027e-40
3,254,8.50910742161668e-39
3,255,8.476160040930536e-38
3,256,2.2941660377448035e-37
3,257,2.82689573880959e-37
3,258,3.049204667907201e-37
3,259,1.3854172717742368e-37
3,260,1.3974051965238013e-37
3,261,1.0610248597257469e-36
3,262,3.23720386051106e-36
3,263,8.75654843332575e-36
3,264,1.6582828727635536e-35
3,265,2.53971490814958e-35
3,266,4.0028379336599835e-35
3,267,4.260683752726132e-35
3,268,3.628025943166284e-35
3,269,6.105046196151565e-36
3,270,4.767852152872003e-35
3,271,1.615446973813106e-35
3,272,2.648476064916542e-35
3,273,4.6720108136685765e-36
3,274,1.334660103993481e-35
3,275,5.657594365908658e-36
3,276,2.2029374665529934e-36
3,277,8.804768277838643e-38
3,278,5.967796650692331e-38
3,279,7.04651666346057e-38
3,280,5.069270479187613e-38
3,281,1.2038191828189033e-37
3,282,1.059812822130709e-40
3,283,2.9836613826013874e-39
3,284,3.7114772816973995e-38
3,285,2.1575267324520883e-36
3,286,3.527758637127987e-39
3,287,3.9770461408257684e-39
3,288,1.1874907736340772e-38
3,289,3.718189761579405e-38
3,290,9.506489319782609e-38
3,291,2.5419711597862795e-37
3,292,6.611978108584159e-37
3,293,1.5261958919569403e-36
3,294,2.8649790049685944e-36
3,295,4.250472275721253e-36
3,296,5.09043163678945e-36
3,297,6.913324970656912e-36
3,298,9.316101499362532e-36
3,299,1.397071147663059e-35
3,300,2.064612244909795e-35
3,301,3.918968916132634e-35
3,302,6.204370722317577e-35
3,303,9.891445116340615e-35
3,304,1.600640336011752e-34
3,305,2.577365397244921e-34
3,306,4.082075364158388e-34
3,307,6.113972486798542e-34
3,308,8.698017546365619e-34
3,309,1.1754026538764389e-33
3,310,1.6897728071178714e-33
3,311,2.532901292213206e-33
3,312,4.0603478820894876e-33
3,313,6.63032703951126e-33
3,314,1.1087697005921199e-32
3,315,1.7429762403698596e-32
3,316,2.6627531325460743e-32
3,317,3.8769585026431737e-32
3,318,5.465347020388735e-32
3,319,7.580876059865954e-32
3,320,1.0576795372782315e-31
3,321,1.5015444332998137e-31
3,322,2.1152536171179526e-31
3,323,2.926459128723585e-31
3,324,3.991550254888983e-31
3,325,5.331367573485701e-31
3,326,7.0915658494565035e-31
3,327,9.353276731626305e-31
3,328,1.226685170867233e-30
3,329,1.6251559984223583e-30
3,330,2.1647095031262758e-30
3,331,2.843010529351398e-30
3,332,3.65045895815512e-30
3,333,4.5906663860548704e-30
3,334,5.739914514731889e-30
3,335,6.999797505702606e-30
3,336,8.556327704932717e-30
3,337,1.0239010042097367e-29
3,338,1.242501869207669e-29
3,339,1.488468298198686e-29
3,340,1.7913997354680133e-29
3,341,2.1791616815008618e-29
3,342,2.6154994106021193e-29
3,343,3.141178295145113e-29
3,344,3.6824773572800085e-29
3,345,4.426359282373273e-29
3,346,5.307035027421735e-29
3,347,6.307858011709012e-29
3,348,7.4331412514386e-29
3,349,8.654171198891704e-29
3,350,1.0051395510042532e-28
3,351,1.1683796568819182e-28
3,352,1.3342494186640855e-28
3,353,1.5252644430309404e-28
3,354,1.7297662995135303e-28
3,355,1.957413247380286e-28
3,356,2.197207248326967e-28
3,357,2.4742206151846662e-28
3,358,2.760074150535528e-28
3,359,3.0731688789077646e-28
3,360,3.418652087282731e-28
3,361,3.77957238719327e-28
3,362,4.186266740182622e-28
3,363,4.616403046710252e-28
3,364,5.081801447932528e-28
3,365,5.60142048419825e-28
3,366,6.181836155146272e-28
3,367,6.831004785317409e-28
3,368,7.55059757594595e-28
3,369,8.355082887870771e-28
3,370,9.252865670457894e-28
3,371,1.0267419421634564e-27
3,372,1.1394908306883227e-27
3,373,1.2634115578790443e-27
3,374,1.3982966932582508e-27
3,375,1.5462136636524266e-27
3,376,1.7080351768888995e-27
3,377,1.8840185354955707e-27
3,378,2.077626386004708e-27
3,379,2.289622174006925e-27
3,380,2.522690337545327e-27
3,381,2.7783851358091574e-27
3,382,3.0624664863517166e-27
3,383,3.379197838661989e-27
3,384,3.7295032937709e-27
3,385,4.117069639021132e-27
3,386,4.543833375412164e-27
3,387,5.015065797009443e-27
3,388,5.5289670680909526e-27
3,389,6.088620385332418e-27
3,390,6.70057462846277e-27
3,391,7.365189067099795e-27
3,392,8.083717645563169e-27
3,393,8.856462377758551e-27
3,394,9.691888935558975e-27
3,395,1.0596774511061108e-26
3,396,1.1578762493499268e-26
3,397,1.2640564087343975e-26
3,398,1.3780729036988535e-26
3,399,1.5009134288243347e-26
3,400,1.6335342443747074e-26
3,401,1.776625453889753e-26
3,402,1.9292278017232088e-26
3,403,2.092275598637129e-26
3,404,2.2665861263704924e-26
3,405,2.4521705863143922e-26
3,406,2.6489183062791675e-26
3,407,2.858172945130151e-26
3,408,3.0800507765887065e-26
3,409,3.3173481528035944e-26
3,410,3.571825578140522e-26
3,411,3.84572222797977e-26
3,412,4.1394148592650966e-26
3,413,4.437025111885993e-26
3,414,4.7610514285225706e-26
3,415,5.107500712667248e-26
3,416,5.478952425713881e-26
3,417,5.868118535580977e-26
3,418,6.276013676820123e-26
3,419,6.70830239039367e-26
3,420,7.166401007811358e-26
3,421,7.649253407278525e-26
3,422,8.156676192873854e-26
3,423,8.689505033229114e-26
3,424,9.24800971303862e-26
3,425,9.834678221649414e-26
3,426,1.0451437854542974e-25
3,427,1.1096324880445958e-25
3,428,1.177018509223372e-25
3,429,1.2481960536098804e-25
3,430,1.3236268430085704e-25
3,431,1.4023200665344557e-25
3,432,1.4832970592952726e-25
3,433,1.5669973774640417e-25
3,434,1.6546980640484807e-25
3,435,1.746682990364542e-25
3,436,1.841881067127568e-25
3,437,1.939953423697858e-25
3,438,2.0432084066596682e-25
3,439,2.1527637124619453e-25
3,440,2.2655721134546046e-25
3,441,2.3804875441085654e-25
3,442,2.5004493485026873e-25
3,443,2.6257189581299452e-25
3,444,2.7541305079091377e-25
3,445,2.8866677501204877e-25
3,446,3.0246561215784684e-25
3,447,3.1662177210961517e-25
3,448,3.3113043476810244e-25
3,449,3.461842796271984e-25
3,450,3.616690960458305e-25
3,451,3.775318333181074e-25
3,452,3.9397801390249498e-25
3,453,4.1090616541258917e-25
3,454,4.2810998894598505e-25
3,455,4.457672244161296e-25
3,456,4.63982424142664e-25
3,457,4.826049330398496e-25
3,458,5.0168404833501125e-25
3,459,5.212870368613521e-25
3,460,5.4125727489984215e-25
3,461,5.615914606878293e-25
3,462,5.8243300564421965e-25
3,463,6.037266415988208e-25
3,464,6.253874010057652e-25
3,465,6.474460859214597e-25
3,466,6.6982995050140255e-25
3,467,6.924728696978381e-25
3,468,7.155620908944903e-25
3,469,7.393784204575773e-25
3,470,7.6391898197875e-25
3,471,7.887091733301783e-25
3,472,8.133026088267441e-25
3,473,8.378544047525375e-25
3,474,8.629035635329527e-25
3,475,8.887821483981496e-25
3,476,9.15525691813097e-25
3,477,9.428449078047947e-25
3,478,9.69983814952115e-25
3,479,9.967904111996893e-25
3,480,1.0240764685949968e-24
3,481,1.0524306462554658e-24
3,482,1.0813051459178311e-24
3,483,1.1100917716480731e-24
3,484,1.1389871025399037e-24
3,485,1.168245110844309e-24
3,486,1.1977035487609456e-24
3,487,1.2276152235195927e-24
3,488,1.2581315722967591e-24
3,489,1.2885520530971383e-24
3,490,1.3186845114459041e-24
3,491,1.349372237781393e-24
3,492,1.3806927705653729e-24
3,493,1.4118848632420528e-24
3,494,1.4430733199886575e-24
3,495,1.4746908747178039e-24
3,496,1.5061612310414013e-24
3,497,1.5373024469591993e-24
3,498,1.5689345560395797e-24
3,499,1.6006746575467861e-24
3,500,1.6314034533230125e-24
3,501,1.6623277467289274e-24
3,502,1.6957919992400416e-24
3,503,1.730885581595549e-24
3,504,1.764665872234428e-24
3,505,1.7974124683560464e-24
3,506,1.831289543566432e-24
3,507,1.865844594041578e-24
3,508,1.8988010362094864e-24
3,509,1.930784818493338e-24
3,510,1.9651111850448743e-24
3,511,2.00181000420881e-24
3,512,2.0373651323383595e-24
3,513,2.07069561156258e-24
3,514,2.104433579054027e-24
3,515,2.139802980942371e-24
3,516,2.1748334307105514e-24
3,517,2.2086185660092047e-24
3,518,2.2429879512755724e-24
3,519,2.278850520755292e-24
3,520,2.3144809340845027e-24
3,521,2.3484343194910378e-24
3,522,2.381453626604315e-24
3,523,2.415016039656e-24
3,524,2.4503810328944286e-24
3,525,2.4880169000517758e-24
3,526,2.5254781290632132e-24
3,527,2.5594847528466092e-24
3,528,2.590854045236981e-24
3,529,2.6232868414363933e-24
3,530,2.65795068279638e-24
3,531,2.6929533407403884e-24
3,532,2.727899519891085e-24
3,533,2.7629853156568222e-24
3,534,2.7982454891599378e-24
3,535,2.834292070957929e-24
3,536,2.8711322529998917e-24
3,537,2.9064298928795947e-24
3,538,2.9390852153665708e-24
3,539,2.9721121330329295e-24
3,540,3.007556138736036e-24
3,541,3.04379778600288e-24
3,542,3.080417137423273e-24
3,543,3.1175124810213567e-24
3,544,3.1533877800554725e-24
3,545,3.1882890714528852e-24
3,546,3.224592674597061e-24
3,547,3.2612248491524076e-24
3,548,3.2951630870494603e-24
3,549,3.328638403134713e-24
3,550,3.365021488795589e-24
3,551,3.40170225111219e-24
3,552,3.435565116745456e-24
3,553,3.469893894055194e-24
3,554,3.5076120726071135e-24
3,555,3.54512647766809e-24
3,556,3.579342991451278e-24
3,557,3.6128414254200954e-24
3,558,3.6486138601878966e-24
3,559,3.685387887882019e-24
3,560,3.7205831861679084e-24
3,561,3.754654802858958e-24
3,562,3.789591720178013e-24
3,563,3.8254183443011086e-24
3,564,3.860515033652191e-24
3,565,3.894553193518955e-24
3,566,3.928433322838596e-24
3,567,3.962160619977756e-24
3,568,3.995542822228372e-24
3,569,4.030288638234039e-24
3,570,4.0676255401132296e-24
3,571,4.104394775697009e-24
3,572,4.13727269444384e-24
3,573,4.168152397748926e-24
3,574,4.20119515677985e-24
3,575,4.237385814226562e-24
3,576,4.274352818567884e-24
3,577,4.309262421563891e-24
3,578,4.342139849523311e-24
3,579,4.376035390534262e-24
3,580,4.411895555303667e-24
3,581,4.44700909002989e-24
3,582,4.480224718082001e-24
3,583,4.514394691741602e-24
3,584,4.550169171769028e-24
3,585,4.584420969440736e-24
3,586,4.616784883680706e-24
3,587,4.649704780434904e-24
3,588,4.682194408846378e-24
3,589,4.7133534462901275e-24
3,590,4.747724194448868e-24
3,591,4.787168189141334e-24
3,592,4.823959188531295e-24
3,593,4.853604535781804e-24
3,594,4.881803360574208e-24
3,595,4.913577433818477e-24
3,596,4.947043932209737e-24
3,597,4.980490755454882e-24
3,598,5.015678407353038e-24
3,599,5.0507214650555565e-24
3,600,5.082872734377119e-24
3,601,5.114764425495036e-24
3,602,5.150038102528228e-24
3,603,5.185681223517308e-24
3,604,5.216603522036087e-24
3,605,5.2462692491898165e-24
3,606,5.282086787886442e-24
3,607,5.321768304828333e-24
3,608,5.356149029474443e-24
3,609,5.3851312917534895e-24
3,610,5.416369149636608e-24
3,611,5.451862170887567e-24
3,612,5.4875582216717074e-24
3,613,5.522156356714631e-24
3,614,5.556945705467245e-24
3,615,5.590758084582333e-24
3,616,5.622088666281817e-24
3,617,5.652445984149964e-24
3,618,5.683688773921602e-24
3,619,5.715870770091587e-24
3,620,5.749583061007236e-24
3,621,5.7842187762509936e-24
3,622,5.8153425045759774e-24
3,623,5.8414108909767265e-24
3,624,5.8680583100226104e-24
3,625,5.900663242278473e-24
3,626,5.936572903446583e-24
3,627,5.9673882040663156e-24
3,628,5.9935518277082836e-24
3,629,6.0223567799272296e-24
3,630,6.0573697679825266e-24
3,631,6.093986007642612e-24
3,632,6.121570571076635e-24
3,633,6.141890705354845e-24
3,634,6.169766862186625e-24
3,635,6.210422417733913e-24
3,636,6.2510963170618404e-24
3,637,6.277427135909717e-24
3,638,6.300223902654124e-24
3,639,6.333264290397669e-24
3,640,6.367927756854281e-24
3,641,6.397035027864969e-24
3,642,6.42813272925382e-24
3,643,6.4670005306100984e-24
3,644,6.501857350486421e-24
3,645,6.5275601830609524e-24
3,646,6.556424591906448e-24
3,647,6.589718444695951e-24
3,648,6.619299934468826e-24
3,649,6.64843034308417e-24
3,650,6.684596185596568e-24
3,651,6.721544466039134e-24
3,652,6.748752765749893e-24
3,653,6.771401763223883e-24
3,654,6.801556692971667e-24
3,655,6.842779198548562e-24
3,656,6.884961436099731e-24
3,657,6.916204445136788e-24
3,658,6.940271820659613e-24
3,659,6.967154866311326e-24
3,660,6.99906149804683e-24
3,661,7.029200949180799e-24
3,662,7.055647385851478e-24
3,663,7.083053349784945e-24
3,664,7.115328429719808e-24
3,665,7.154372088110944e-24
3,666,7.192862533465504e-24
3,667,7.221325241005945e-24
3,668,7.243566358181683e-24
3,669,7.272874508437074e-24
3,670,7.310359510965252e-24
3,671,7.342388792234066e-24
3,672,7.36838625174567e-24
3,673,7.398964340214267e-24
3,674,7.434459236467597e-24
3,675,7.462414511562807e-24
3,676,7.484965040952317e-24
3,677,7.511800120101426e-24
3,678,7.546475081929439e-24
3,679,7.578402812713567e-24
3,680,7.610238075478059e-24
3,681,7.638582688470176e-24
3,682,7.668715844557282e-24
3,683,7.699581300333422e-24
3,684,7.73159649264629e-24
3,685,7.760213052738727e-24
3,686,7.786705989041987e-24
3,687,7.81713369340905e-24
3,688,7.847915073779748e-24
3,689,7.875947164882503e-24
3,690,7.90274213248545e-24
3,691,7.933606629128078e-24
3,692,7.963555795805442e-24
3,693,7.990541591978536e-24
3,694,8.017562235564086e-24
3,695,8.046400620533747e-24
3,696,8.074070555721237e-24
3,697,8.099017281239716e-24
3,698,8.123666094181806e-24
3,699,8.145836884511936e-24
3,700,8.168812848943004e-24
3,701,8.195771234004014e-24
3,702,8.223097773278434e-24
3,703,8.256060997846008e-24
3,704,8.277282553895547e-24
3,705,8.308983458926235e-24
3,706,8.339301679768129e-24
3,707,8.369535977265547e-24
3,708,8.396232757545905e-24
3,709,8.418948077315277e-24
3,710,8.44472342004738e-24
3,711,8.471668636265367e-24
3,712,8.496329498189612e-24
3,713,8.519694326673953e-24
3,714,8.542394566557712e-24
3,715,8.564482129068569e-24
3,716,8.587045960483955e-24
3,717,8.61556568369967e-24
3,718,8.648248457481539e-24
3,719,8.67579639938445e-24
3,720,8.697572517178566e-24
3,721,8.711947884590454e-24
3,722,8.729415096004418e-24
3,723,8.754626539331238e-24
3,724,8.781193072600938e-24
3,725,8.807039113561524e-24
3,726,8.837570181816176e-24
3,727,8.869014993275307e-24
3,728,8.897366548321693e-24
3,729,8.919686337081894e-24
3,730,8.944006495535159e-24
3,731,8.97066260973153e-24
3,732,9.000301472656684e-24
3,733,9.02254201143296e-24
3,734,9.046154923963286e-24
3,735,9.069590138342954e-24
3,736,9.10339350827976e-24
3,737,9.128504787068598e-24
3,738,9.155406573839198e-24
3,739,9.168728202191343e-24
3,740,9.1932765721974e-24
3,741,9.194817200286281e-24
3,742,9.203552795505221e-24
3,743,9.173632811498314e-24
3,744,9.159970381601553e-24
3,745,9.0981376063363e-24
3,746,9.059030603678886e-24
3,747,9.009483971320466e-24
3,748,9.045051837146386e-24
3,749,9.155524827335126e-24
3,750,9.348137869489134e-24
3,751,9.441122074559238e-24
3,752,9.431461446478537e-24
3,753,9.381335249741147e-24
3,754,9.330858896531978e-24
3,755,9.41297062959557e-24
3,756,9.491465581456667e-24
3,757,9.548281395917855e-24
3,758,9.54328913806363e-24
3,759,9.499179992350824e-24
3,760,9.537086080289834e-24
3,761,9.57497194588819e-24
3,762,9.626304568015021e-24
3,763,9.646919528211364e-24
3,764,9.635892178526663e-24
3,765,9.672468385930744e-24
3,766,9.697648435752604e-24
3,767,9.74995158779497e-24
3,768,9.785618845040972e-24
3,769,9.800656805776223e-24
3,770,9.826150025827243e-24
3,771,9.837116375588564e-24
3,772,9.873398179801638e-24
3,773,9.908024046142798e-24
3,774,9.938398127757722e-24
3,775,9.962030248971678e-24
3,776,9.975718854699699e-24
3,777,1.0003588507211636e-23
3,778,1.0030060394973341e-23
3,779,1.006132522008602e-23
3,780,1.0081734944091157e-23
3,781,1.0104274458298653e-23
3,782,1.0129847699988437e-23
3,783,1.0152221563647827e-23
3,784,1.0185140753343008e-23
3,785,1.0204784170660534e-23
3,786,1.0233838232813536e-23
3,787,1.0251156891174657e-23
3,788,1.0272257295511949e-23
3,789,1.0298859955633253e-23
3,790,1.031899987901364e-23
3,791,1.0347031548468673e-23
3,792,1.036292825953213e-23
3,793,1.0389577720856256e-23
3,794,1.0416002647043635e-23
3,795,1.0440029378455082e-23
3,796,1.0461817105364874e-23
3,797,1.0475648303885793e-23
3,798,1.0497795010083083e-23
3,799,1.0519116045303476e-23
3,800,1.054005600651835e-23
4,1,2.6166132085912153e-115
4,2,5.842638434979253e-108
4,3,7.447034558130048e-100
4,4,1.7796147174438857e-96
4,5,3.145962967213154e-93
4,6,1.1335634897757063e-90
4,7,1.229411899001175e-88
4,8,3.379735528101819e-87
4,9,1.928502710220677e-86
4,10,3.070169881831998e-85
4,11,1.8915390936772305e-84
4,12,1.1541367186033255e-83
4,13,2.56754085268014e-83
4,14,2.2289044605191872e-82
4,15,5.806085134177005e-82
4,16,1.3984031645984567e-81
4,17,4.066174925729586e-81
4,18,1.3809456389465345e-80
4,19,3.677038492719854e-80
4,20,6.857362105952675e-80
4,21,2.246216425638943e-79
4,22,6.500594866666981e-79
4,23,1.8860252116944813e-78
4,24,6.153790806900847e-78
4,25,2.093132146530798e-77
4,26,7.453033909481449e-77
4,27,2.696692046016524e-76
4,28,9.82334487432596e-76
4,29,3.318593946095016e-75
4,30,1.0342069682251445e-74
4,31,3.3089814579257264e-74
4,32,1.0220519974368322e-73
4,33,2.9454308715833865e-73
4,34,8.22856964574404e-73
4,35,2.220200792062452e-72
4,36,5.747616205449757e-72
4,37,1.4502712472092899e-71
4,38,3.6081678541630997e-71
4,39,9.01404042306495e-71
4,40,2.3208554088209917e-70
4,41,5.870653639390283e-70
4,42,1.447014129979073e-69
4,43,3.4691138197487e-69
4,44,7.713345576484064e-69
4,45,1.657520177967851e-68
4,46,3.6064396493311974e-68
4,47,8.733346956693584e-68
4,48,2.1560722062459894e-67
4,49,4.533315815466068e-67
4,50,1.0347299943978359e-66
4,51,2.395344315971357e-66
4,52,5.473078202433248e-66
4,53,1.0884434845575263e-65
4,54,2.4177556886713903e-65
4,55,4.6650240431350325e-65
4,56,9.335718165525596e-65
4,57,1.7798449072476227e-64
4,58,3.469978180264228e-64
4,59,6.528079679484857e-64
4,60,1.1323051975855245e-63
4,61,1.9530574221735285e-63
4,62,3.4348431661718986e-63
4,63,5.766657550124025e-63
4,64,9.525123276855601e-63
4,65,1.4924518175354191e-62
4,66,2.2758188672647293e-62
4,67,2.81890684588781e-62
4,68,3.979651079045286e-62
4,69,5.041041409289176e-62
4,70,5.9548801332108785e-62
4,71,1.2418179940793385e-61
4,72,1.5955321288078797e-61
4,73,1.7202205415666658e-61
4,74,3.0840974688569497e-61
4,75,3.1862245937968016e-61
4,76,4.466004716375874e-61
4,77,4.744781519505802e-61
4,78,5.58393125046184e-61
4,79,9.057418315463665e-61
4,80,9.794955918052776e-61
4,81,1.4996073711676186e-60
4,82,1.8065126485170918e-60
4,83,2.1591545957890604e-60
4,84,2.717304076097711e-60
4,85,3.2524748478882497e-60
4,86,3.517591827717638e-60
4,87,4.1010398312997895e-60
4,88,5.511000349515161e-60
4,89,6.629699630570681e-60
4,90,8.613268510909909e-60
4,91,9.680585486751407e-60
4,92,1.2491015038754267e-59
4,93,1.4876055591044745e-59
4,94,1.871913851731678e-59
4,95,2.235954906726877e-59
4,96,2.510890776050495e-59
4,97,3.0552123481352277e-59
4,98,3.4611149270125774e-59
4,99,4.2341136251784425e-59
4,100,5.5798433611505515e-59
4,101,7.190901192160162e-59
4,102,8.228251875838271e-59
4,103,9.712763466517918e-59
4,104,1.2981658312837406e-58
4,105,1.67043040421299e-58
4,106,1.9583325255620216e-58
4,107,2.34942590554404e-58
4,108,3.192049560703032e-58
4,109,3.9224867327172e-58
4,110,4.761014951046465e-58
4,111,6.229747938252001e-58
4,112,7.879010285658896e-58
4,113,9.717905290235741e-58
4,114,1.1455566060223853e-57
4,115,1.301991658727893e-57
4,116,1.7101496888914038e-57
4,117,2.153906173014877e-57
4,118,2.586620703285622e-57
4,119,3.4130998913015635e-57
4,120,4.0669500104922883e-57
4,121,5.441800654668321e-57
4,122,6.9313933101262e-57
4,123,9.349487104976823e-57
4,124,1.1061208737566602e-56
4,125,1.2084922872328745e-56
4,126,1.196981681800539e-56
4,127,1.9679656943333216e-56
4,128,3.176486317002346e-56
4,129,3.505300288880697e-56
4,130,4.995558707889446e-56
4,131,7.649733062506023e-56
4,132,9.4693229667057e-56
4,133,1.321207203843804e-55
4,134,1.8770222337013114e-55
4,135,2.3966758471932293e-55
4,136,2.6434692195272916e-55
4,137,3.554994536219193e-55
4,138,3.971387362354562e-55
4,139,3.9829959237677695e-55
4,140,9.758650722458958e-55
4,141,1.3402247914242015e-54
4,142,1.2788539317496988e-54
4,143,1.057635952056853e-54
4,144,6.2846630534948724e-55
4,145,5.346609610328721e-55
4,146,8.190769310310987e-55
4,147,2.623486603164598e-55
4,148,5.1479419177697205e-59
4,149,2.25530999514926e-56
4,150,3.1122250531414e-60
4,151,1.168753897917861e-56
4,152,1.1594322444529765e-58
4,153,9.420357396504592e-58
4,154,1.308159775248425e-55
4,155,5.5262989386635115e-62
4,156,3.028098931243583e-58
4,157,1.5957380748135934e-60
4,158,1.977202137248513e-58
4,159,3.936787014733415e-63
4,160,8.025180264920808e-66
4,161,7.759906622801423e-67
4,162,7.332364001746884e-59
4,163,4.469947211770459e-61
4,164,2.2696998855543973e-64
4,165,1.16595632688242e-65
4,166,1.4261779977561136e-68
4,167,2.2298857467070817e-66
4,168,1.2629142356277718e-64
4,169,5.362350173838297e-62
4,170,6.753075673677362e-62
4,171,1.12079147048737e-64
4,172,1.7396865362958074e-63
4,173,4.8056609658647797e-67
4,174,6.771953622713832e-62
4,175,2.7353227546598332e-61
4,176,7.496988028072391e-61
4,177,3.168106695540359e-60
4,178,1.5696448490268365e-61
4,179,8.232932299996539e-61
4,180,4.830099264683244e-60
4,181,6.917538098856471e-60
4,182,1.2611502220446377e-59
4,183,3.5214679253646757e-59
4,184,3.218263022975074e-58
4,185,5.572927020311854e-59
4,186,2.0358557196935826e-57
4,187,3.5463115456188135e-57
4,188,5.919580167735461e-57
4,189,9.270128342538436e-57
4,190,1.435154171835988e-58
4,191,1.545812154217525e-59
4,192,6.062896460759571e-58
4,193,8.216946869660797e-56
4,194,2.7283593316192405e-55
4,195,2.002141970437641e-55
4,196,1.1785434812956867e-59
4,197,1.4205749129114518e-58
4,198,1.045699079507896e-56
4,199,3.415761680559376e-55
4,200,2.02881958916013e-54
4,201,1.4673904622535956e-58
4,202,1.9922646997841254e-57
4,203,5.919455968612394e-59
4,204,1.84632933728859e-57
4,205,1.045033486841756e-54
4,206,3.16252848608173e-54
4,207,1.39886849807742e-53
4,208,1.1158989572540368e-52
4,209,4.491897463754645e-52
4,210,2.5580100139118623e-57
4,211,8.99220614864448e-52
4,212,2.3230770774865266e-58
4,213,7.240399690548172e-58
4,214,1.7655911839493446e-56
4,215,1.5114927847352742e-55
4,216,3.0664385840424316e-56
4,217,2.87971184885441e-57
4,218,1.2360843170831337e-56
4,219,5.335078957289341e-57
4,220,1.659641908080116e-55
4,221,5.477505876811062e-55
4,222,1.146483140595967e-53
4,223,3.6431984782723203e-54
4,224,1.0267317648479007e-54
4,225,1.8666041274334908e-53
4,226,7.130855761205387e-53
4,227,7.514352933388963e-52
4,228,5.832964521339945e-54
4,229,3.9247838308135706e-50
4,230,1.2583061352945736e-49
4,231,3.701408154318106e-49
4,232,6.219311102661053e-50
4,233,5.791243729776121e-49
4,234,2.0899676320971126e-48
4,235,7.525644519608104e-48
4,236,2.988822365683326e-47
4,237,1.6359897722225973e-47
4,238,2.282301497084619e-46
4,239,1.3308642468375363e-46
4,240,2.520554458590832e-49
4,241,1.0244550967773519e-48
4,242,2.267951104926341e-48
4,243,3.0277403189951316e-47
4,244,2.077388075134531e-46
4,245,1.993745464463003e-46
4,246,5.712766766252803e-46
4,247,1.6900467912940496e-45
4,248,4.414405928892653e-45
4,249,1.4056908951999967e-44
4,250,3.9369405177057897e-44
4,251,2.0358871571467834e-43
4,252,3.700328443154272e-43
4,253,8.370190879414631e-43
4,254,1.7146033048398627e-42
4,255,4.612225378038918e-42
4,256,2.910404613424965e-42
4,257,1.833744893641777e-41
4,258,4.4026752440948574e-42
4,259,1.0230070437496202e-41
4,260,1.5204541278530844e-41
4,261,2.8379660101692776e-41
4,262,5.858661882759001e-41
4,263,2.1188186046591985e-44
4,264,6.836428062433245e-40
4,265,8.363062279635447e-40
4,266,4.306425070364123e-40
4,267,7.348623448269337e-42
4,268,4.3768528959100474e-41
4,269,1.6462980268752057e-40
4,270,7.20440742913619e-41
4,271,4.4263483718972474e-40
4,272,3.695534064841573e-40
4,273,3.4698566706080384e-40
4,274,2.8964833389060315e-40
4,275,5.59773884027784e-40
4,276,1.498897937218028e-39
4,277,5.158728514867194e-39
4,278,1.4369118024717692e-38
4,279,1.7012880572521016e-38
4,280,4.63049094227592e-38
4,281,1.0802736559800123e-37
4,282,2.0610301624385712e-37
4,283,3.245754280234855e-37
4,284,4.998590431950352e-37
4,285,8.138904152265433e-37
4,286,1.2438139940964138e-36
4,287,2.1445240511654232e-36
4,288,3.78032125003292e-36
4,289,6.458188101646348e-36
4,290,1.0246393544120038e-35
4,291,1.4890177288979468e-35
4,292,1.9859173457167298e-35
4,293,2.5227607699674736e-35
4,294,3.275734898825762e-35
4,295,4.5348639614630073e-35
4,296,6.758134948065393e-35
4,297,1.0623883637865937e-34
4,298,1.7197981281198464e-34
4,299,2.692701768274762e-34
4,300,4.05288680158883e-34
4,301,5.9029202331427145e-34
4,302,8.544523214456446e-34
4,303,1.2571647467528355e-33
4,304,1.8832791826750557e-33
4,305,2.8539342988473377e-33
4,306,4.351442920212891e-33
4,307,6.602113640268697e-33
4,308,9.913323157144367e-33
4,309,1.4497748553249097e-32
4,310,2.0532936745780058e-32
4,311,2.8276176469434555e-32
4,312,3.8210765310060167e-32
4,313,5.134109464387765e-32
4,314,6.876519796938094e-32
4,315,9.070946179574162e-32
4,316,1.2101300971987875e-31
4,317,1.6040102579402023e-31
4,318,2.135819654967378e-31
4,319,2.8302678664610678e-31
4,320,3.702029481990249e-31
4,321,4.749304158975696e-31
4,322,6.004509638011543e-31
4,323,7.541449682404324e-31
4,324,9.430616625794959e-31
4,325,1.1734177166249453e-30
4,326,1.4502504781771357e-30
4,327,1.775054749305496e-30
4,328,2.1539086532256403e-30
4,329,2.5873342463955008e-30
4,330,3.0662377574699516e-30
4,331,3.583489989303239e-30
4,332,4.132273342304479e-30
4,333,4.71387712884129e-30
4,334,5.348096690797105e-30
4,335,6.068889461547157e-30
4,336,6.900824445502133e-30
4,337,7.849619006692917e-30
4,338,8.894039003606633e-30
4,339,1.000890165773122e-29
4,340,1.118969332360684e-29
4,341,1.2436734710584932e-29
4,342,1.3732618896675553e-29
4,343,1.5126437749837007e-29
4,344,1.670888792580833e-29
4,345,1.848327307882062e-29
4,346,2.047683834502495e-29
4,347,2.2740682814622188e-29
4,348,2.5223184469254224e-29
4,349,2.795099748379624e-29
4,350,3.099432874035974e-29
4,351,3.435137596776006e-29
4,352,3.815228094350271e-29
4,353,4.2529674783237434e-29
4,354,4.751273046608758e-29
4,355,5.319751072521084e-29
4,356,5.958845372795532e-29
4,357,6.669831356638574e-29
4,358,7.464639789478749e-29
4,359,8.345736751723936e-29
4,360,9.323769605589757e-29
4,361,1.0422625994966447e-28
4,362,1.1661567223518337e-28
4,363,1.3062460498471581e-28
4,364,1.463626997912336e-28
4,365,1.6393537477719547e-28
4,366,1.8359412789178874e-28
4,367,2.055136125073829e-28
4,368,2.299312425140644e-28
4,369,2.5724811219734825e-28
4,370,2.8770452731743455e-28
4,371,3.2143987349667635e-28
4,372,3.5869010910856835e-28
4,373,3.9979312015946753e-28
4,374,4.450795336536609e-28
4,375,4.946219388470491e-28
4,376,5.485468161318794e-28
4,377,6.074392955165413e-28
4,378,6.721964907024648e-28
4,379,7.4382342354604405e-28
4,380,8.225631505629404e-28
4,381,9.079246200319058e-28
4,382,1.0007592523633706e-27
4,383,1.1027282310575472e-27
4,384,1.2136434180612741e-27
4,385,1.3334428192859918e-27
4,386,1.46427021678045e-27
4,387,1.606155443944525e-27
4,388,1.7570947982646866e-27
4,389,1.91918006239583e-27
4,390,2.095574472782982e-27
4,391,2.2851350770605522e-27
4,392,2.48768441229542e-27
4,393,2.7064768299053362e-27
4,394,2.942419011350127e-27
4,395,3.1947374947704356e-27
4,396,3.464571572864367e-27
4,397,3.753024514016463e-27
4,398,4.0620636545525554e-27
4,399,4.394411017658286e-27
4,400,4.750019486022768e-27
4,401,5.128914449389647e-27
4,402,5.534795307713311e-27
4,403,5.969476057956926e-27
4,404,6.4314238076204905e-27
4,405,6.91982244374604e-27
4,406,7.434859860483516e-27
4,407,7.979443839226426e-27
4,408,8.559927409887333e-27
4,409,9.178625791610585e-27
4,410,9.830540732346275e-27
4,411,1.0512998980374748e-26
4,412,1.1230630570937202e-26
4,413,1.1988026277086566e-26
4,414,1.2785685696113785e-26
4,415,1.3623211136379747e-26
4,416,1.4503050437154704e-26
4,417,1.542917020170588e-26
4,418,1.640222613559946e-26
4,419,1.741694741768154e-26
4,420,1.8468792815449274e-26
4,421,1.9562337810802762e-26
4,422,2.0705478472231417e-26
4,423,2.1898565526323408e-26
4,424,2.3137776012111958e-26
4,425,2.4423948930472657e-26
4,426,2.5760797921686813e-26
4,427,2.714805695243465e-26
4,428,2.858220041505956e-26
4,429,3.006217937232357e-26
4,430,3.158993446286132e-26
4,431,3.316724666587754e-26
4,432,3.4795137385669423e-26
4,433,3.6474486390247243e-26
4,434,3.8206754595360033e-26
4,435,3.999334133586454e-26
4,436,4.183303991082656e-26
4,437,4.371939163321434e-26
4,438,4.56435012199769e-26
4,439,4.760424086605202e-26
4,440,4.961783254885009e-26
4,441,5.170795877954894e-26
4,442,5.386952703085267e-26
4,443,5.606596283586847e-26
4,444,5.828220672560493e-26
4,445,6.05420331353074e-26
4,446,6.28671286846422e-26
4,447,6.524146773122977e-26
4,448,6.764599099173176e-26
4,449,7.009779263767895e-26
4,450,7.261392415551497e-26
4,451,7.517033110302272e-26
4,452,7.774150640852581e-26
4,453,8.034800343595334e-26
4,454,8.30082025306998e-26
4,455,8.570983696913689e-26
4,456,8.834128544956416e-26
4,457,9.124464086758633e-26
4,458,9.394985244307675e-26
4,459,9.658298467994589e-26
4,460,9.952296316509248e-26
4,461,1.0260283775481476e-25
4,462,1.0530785962779237e-25
4,463,1.0850881149621708e-25
4,464,1.1134487900324984e-25
4,465,1.143752794618677e-25
4,466,1.1746501453321158e-25
4,467,1.2047165333028462e-25
4,468,1.2368167359955544e-25
4,469,1.2686698725644633e-25
4,470,1.3001500000798888e-25
4,471,1.3325362760287846e-25
4,472,1.363636935427703e-25
4,473,1.3967786090746744e-25
4,474,1.42948218669951e-25
4,475,1.4618380805931665e-25
4,476,1.49433119025994e-25
4,477,1.5280609503977455e-25
4,478,1.5618040510116957e-25
4,479,1.5949781388829226e-25
4,480,1.6261192033831689e-25
4,481,1.6577321463603448e-25
4,482,1.6907332242319231e-25
4,483,1.7254047032593856e-25
4,484,1.7599489761792164e-25
4,485,1.7931657599782952e-25
4,486,1.8266273922606426e-25
4,487,1.8607392371065618e-25
4,488,1.8955462574322188e-25
4,489,1.9303395662218814e-25
4,490,1.9640419938505329e-25
4,491,1.9976984180885877e-25
4,492,2.0318736239495058e-25
4,493,2.066014886470754e-25
4,494,2.100438711971203e-25
4,495,2.1348289253286206e-25
4,496,2.168945351516228e-25
4,497,2.2028559204784384e-25
4,498,2.23610042135263e-25
4,499,2.26977526251728e-25
4,500,2.3046209608609496e-25
4,501,2.3394859392015145e-25
4,502,2.3733092608431077e-25
4,503,2.406343497887169e-25
4,504,2.439523770339948e-25
4,505,2.473072639236776e-25
4,506,2.506405333518122e-25
4,507,2.540044059676978e-25
4,508,2.57475086645639e-25
4,509,2.6094018351833396e-25
4,510,2.6430518054149074e-25
4,511,2.6765807822176047e-25
4,512,2.711001267064748e-25
4,513,2.7452880269309403e-25
4,514,2.7783505287260926e-25
4,515,2.8112568933932864e-25
4,516,2.845304500324118e-25
4,517,2.8795284036470253e-25
4,518,2.9130784281127054e-25
4,519,2.9467259358043527e-25
4,520,2.980841928880167e-25
4,521,3.014023802386312e-25
4,522,3.0458618190257927e-25
4,523,3.078187455593435e-25
4,524,3.111695952137607e-25
4,525,3.1448311160749727e-25
4,526,3.1769211935338e-25
4,527,3.209374809821149e-25
4,528,3.2427503432182593e-25
4,529,3.275313398653948e-25
4,530,3.306156706118192e-25
4,531,3.3369565471861553e-25
4,532,3.369870536314229e-25
4,533,3.404673923745668e-25
4,534,3.438476150087649e-25
4,535,3.4701047253016022e-25
4,536,3.5016089336772135e-25
4,537,3.534571454940635e-25
4,538,3.5680491015254155e-25
4,539,3.600275593255747e-25
4,540,3.63187131578499e-25
4,541,3.664541914790541e-25
4,542,3.6976989194475096e-25
4,543,3.7296868074494584e-25
4,544,3.7610607995482867e-25
4,545,3.7935741600360074e-25
4,546,3.826873269933772e-25
4,547,3.859197459597675e-25
4,548,3.890650425737931e-25
4,549,3.9226500224289803e-25
4,550,3.9550079738497214e-25
4,551,3.9864975086070886e-25
4,552,4.0173133631594192e-25
4,553,4.0486637453235675e-25
4,554,4.0805469171448376e-25
4,555,4.1118429075620826e-25
4,556,4.1421168004450145e-25
4,557,4.171944118084572e-25
4,558,4.200221955057435e-25
4,559,4.230736625328239e-25
4,560,4.261302450460256e-25
4,561,4.29462629610477e-25
4,562,4.326920327690872e-25
4,563,4.3568389069677195e-25
4,564,4.389513414211108e-25
4,565,4.419163964974771e-25
4,566,4.448258951477558e-25
4,567,4.4825986893019695e-25
4,568,4.511081250308922e-25
4,569,4.538616827063729e-25
4,570,4.573141508560764e-25
4,571,4.599090713910021e-25
4,572,4.632588260234881e-25
4,573,4.6610127188181015e-25
4,574,4.69434348609963e-25
4,575,4.720632371506858e-25
4,576,4.756162216104926e-25
4,577,4.78423992149078e-25
4,578,4.81656212505251e-25
4,579,4.843411900513946e-25
4,580,4.874179192800301e-25
4,581,4.90207117854508e-25
4,582,4.933279075638796e-25
4,583,4.9643029394819455e-25
4,584,4.997264805491827e-25
4,585,5.026995130366745e-25
4,586,5.056963113549261e-25
4,587,5.084663069500359e-25
4,588,5.115474818859557e-25
4,589,5.146645185822655e-25
4,590,5.176053047121877e-25
4,591,5.204875977651673e-25
4,592,5.2314142027821685e-25
4,593,5.259757210717164e-25
4,594,5.289481379250962e-25
4,595,5.319331439910347e-25
4,596,5.35015079035594e-25
4,597,5.378424769853263e-25
4,598,5.4059396213772885e-25
4,599,5.432468615886833e-25
4,600,5.457485098169271e-25
4,601,5.48462440187072e-25
4,602,5.514405542864178e-25
4,603,5.545681205766613e-25
4,604,5.577250738394121e-25
4,605,5.605669876660246e-25
4,606,5.633240516908883e-25
4,607,5.661755485477471e-25
4,608,5.690400602146868e-25
4,609,5.718225410417955e-25
4,610,5.744703665369448e-25
4,611,5.7731407944116625e-25
4,612,5.805658110147979e-25
4,613,5.838243321138083e-25
4,614,5.866640982536159e-25
4,615,5.891971261823983e-25
4,616,5.918530758232326e-25
4,617,5.94906791161173e-25
4,618,5.980012154398572e-25
4,619,6.007177268633697e-25
4,620,6.032032333727761e-25
4,621,6.0579358830864015e-25
4,622,6.085609016977095e-25
4,623,6.113017855623052e-25
4,624,6.139191243926714e-25
4,625,6.166599845368619e-25
4,626,6.196395493852073e-25
4,627,6.2251866461616365e-25
4,628,6.250563848197591e-25
4,629,6.274976592002655e-25
4,630,6.301902676296445e-25
4,631,6.330937300207462e-25
4,632,6.3587570845724e-25
4,633,6.384189978136656e-25
4,634,6.409165090821842e-25
4,635,6.435565176724607e-25
4,636,6.462078622366901e-25
4,637,6.48674710659307e-25
4,638,6.509869447703038e-25
4,639,6.533628626918978e-25
4,640,6.558719644986482e-25
4,641,6.58518703013465e-25
4,642,6.612083277697437e-25
4,643,6.638925551303967e-25
4,644,6.665315734356791e-25
4,645,6.691138074776213e-25
4,646,6.716813155356405e-25
4,647,6.74204577324493e-25
4,648,6.766333027251613e-25
4,649,6.78995136424852e-25
4,650,6.813977439763616e-25
4,651,6.8385288449067375e-25
4,652,6.862054287954381e-25
4,653,6.8846607178501185e-25
4,654,6.910018377160664e-25
4,655,6.939734644588499e-25
4,656,6.968412019575093e-25
4,657,6.99103580634667e-25
4,658,7.011078165671902e-25
4,659,7.0353489308873845e-25
4,660,7.0639503387706555e-25
4,661,7.090328623717945e-25
4,662,7.112234941876812e-25
4,663,7.134910534865625e-25
4,664,7.161519126969975e-25
4,665,7.1881971869793485e-25
4,666,7.211395572683894e-25
4,667,7.233555270155926e-25
4,668,7.25775902122102e-25
4,669,7.282020491281745e-25
4,670,7.303283347646811e-25
4,671,7.322534626530787e-25
4,672,7.341652662998001e-25
4,673,7.359519562376802e-25
4,674,7.375944982371613e-25
4,675,7.396173636172602e-25
4,676,7.425321078690761e-25
4,677,7.457787727487797e-25
4,678,7.482193457804428e-25
4,679,7.497510839377465e-25
4,680,7.513903592459255e-25
4,681,7.539054558689376e-25
4,682,7.568280523095237e-25
4,683,7.591047718452226e-25
4,684,7.60506730066818e-25
4,685,7.619117398261203e-25
4,686,7.642265544392336e-25
4,687,7.672750776659626e-25
4,688,7.700787480316318e-25
4,689,7.721910583672389e-25
4,690,7.739752078244923e-25
4,691,7.759209380431993e-25
4,692,7.780616889413483e-25
4,693,7.803275071220677e-25
4,694,7.82457499489526e-25
4,695,7.84187544993651e-25
4,696,7.8541762908079755e-25
4,697,7.8707709049934365e-25
4,698,7.895032019827622e-25
4,699,7.9261992789764985e-25
4,700,7.954975765517587e-25
4,701,7.974654285172268e-25
4,702,7.990793372613424e-25
4,703,8.010297593278423e-25
4,704,8.035677723551087e-25
4,705,8.062057993690788e-25
4,706,8.083460226652566e-25
4,707,8.101299188308608e-25
4,708,8.118790163536091e-25
4,709,8.138491784933956e-25
4,710,8.158812147462107e-25
4,711,8.176898736892409e-25
4,712,8.195564255638002e-25
4,713,8.214687121116454e-25
4,714,8.231287666809279e-25
4,715,8.2446857919368825e-25
4,716,8.260127472576756e-25
4,717,8.281887321552177e-25
4,718,8.301086562622402e-25
4,719,8.321017057532072e-25
4,720,8.346576924858459e-25
4,721,8.368266719983499e-25
4,722,8.37981322187952e-25
4,723,8.398944713992585e-25
4,724,8.431579510071265e-25
4,725,8.455615480201558e-25
4,726,8.466446357100727e-25
4,727,8.48264557328169e-25
4,728,8.505058930045698e-25
4,729,8.525800502007515e-25
4,730,8.54965463085027e-25
4,731,8.575239361836378e-25
4,732,8.593252951767541e-25
4,733,8.608063765948218e-25
4,734,8.626028314992373e-25
4,735,8.6457987943978e-25
4,736,8.666895227234754e-25
4,737,8.688003568859693e-25
4,738,8.705953731395798e-25
4,739,8.724240540846813e-25
4,740,8.7455213320006e-25
4,741,8.76562385625602e-25
4,742,8.781235022405052e-25
4,743,8.794631134520233e-25
4,744,8.806573553352013e-25
4,745,8.81785973813508e-25
4,746,8.83806489734838e-25
4,747,8.868198258150342e-25
4,748,8.892741874223564e-25
4,749,8.902781873589396e-25
4,750,8.9114055482087e-25
4,751,8.931960821663016e-25
4,752,8.957610839884358e-25
4,753,8.973985294005468e-25
4,754,8.985181744648922e-25
4,755,9.0054287968117e-25
4,756,9.03174969660365e-25
4,757,9.0506975705733e-25
4,758,9.065024297379925e-25
4,759,9.085036565949491e-25
4,760,9.104979538470673e-25
4,761,9.11855218527961e-25
4,762,9.131466448965991e-25
4,763,9.148348868087905e-25
4,764,9.163660824006095e-25
4,765,9.174696644678921e-25
4,766,9.189337619417894e-25
4,767,9.209482696598215e-25
4,768,9.227718306618504e-25
4,769,9.241399263341384e-25
4,770,9.258421863155647e-25
4,771,9.278505291157998e-25
4,772,9.296825120121422e-25
4,773,9.313012842250282e-25
4,774,9.330364731595299e-25
4,775,9.34938630824237e-25
4,776,9.367303312527952e-25
4,777,9.384346324321077e-25
4,778,9.402109220480892e-25
4,779,9.419861546787425e-25
4,780,9.436018291668294e-25
4,781,9.452465416253627e-25
4,782,9.469311430825852e-25
4,783,9.48673096787521e-25
4,784,9.502054153765135e-25
4,785,9.517133902808031e-25
4,786,9.53321967325002e-25
4,787,9.548990912657865e-25
4,788,9.564173719071842e-25
4,789,9.57934961337128e-25
4,790,9.596217615014419e-25
4,791,9.613031524489446e-25
4,792,9.628317793441578e-25
4,793,9.643130718889614e-25
4,794,9.658237480875868e-25
4,795,9.673298606084323e-25
4,796,9.687010595198204e-25
4,797,9.699541880870922e-25
4,798,9.710752777363774e-25
4,799,9.720031928498743e-25
4,800,9.727193217782103e-25
5,1,9.277619068607491e-122
5,2,4.852147234093239e-115
5,3,3.154181358621191e-106
5,4,1.8492223061705105e-102
5,5,5.958582312052873e-106
5,6,3.534376837998463e-100
5,7,1.1462267246079691e-94
5,8,1.9786984419930494e-93
5,9,3.777674911539546e-92
5,10,9.203230376112758e-92
5,11,6.449879048591587e-91
5,12,1.6662522329358602e-89
5,13,1.5189645343983544e-89
5,14,1.2379113080295353e-88
5,15,2.1172889296544374e-87
5,16,9.082069418656656e-87
5,17,1.438000102426463e-86
5,18,5.161128363017406e-86
5,19,2.180417643241824e-85
5,20,5.890349449049918e-85
5,21,1.55377188826898e-84
5,22,4.578054286984417e-84
5,23,1.4255083042985607e-83
5,24,4.6934088194276146e-83
5,25,1.7179591592956124e-82
5,26,6.115040902301038e-82
5,27,2.0403855478036038e-81
5,28,8.225027427727012e-81
5,29,3.1374599219238092e-80
5,30,1.1576925112528517e-79
5,31,4.490341711602241e-79
5,32,1.623376486243029e-78
5,33,5.525784244467733e-78
5,34,1.8001853834380323e-77
5,35,6.1671695949559236e-77
5,36,1.8754879063261824e-76
5,37,5.589480626102632e-76
5,38,1.7789796430108245e-75
5,39,4.943767986068692e-75
5,40,1.4271097032630042e-74
5,41,4.305620003890327e-74
5,42,1.208059056736449e-73
5,43,3.616050451682358e-73
5,44,1.0299121884145156e-72
5,45,3.010614267343345e-72
5,46,8.57590678004131e-72
5,47,2.22303653878933e-71
5,48,5.870268609180589e-71
5,49,1.5212496791624423e-70
5,50,3.7938720809365627e-70
5,51,1.0496355477251307e-69
5,52,2.4640347727216974e-69
5,53,6.498153313950268e-69
5,54,1.6425225096308285e-68
5,55,3.9434695043381955e-68
5,56,9.680676837899285e-68
5,57,2.10307459573198e-67
5,58,5.0492150370604865e-67
5,59,1.0155264568461166e-66
5,60,2.1672609823577354e-66
5,61,4.4164105114639213e-66
5,62,7.957996828388315e-66
5,63,1.0917282944600468e-65
5,64,1.8694391545506471e-65
5,65,4.351886520709313e-65
5,66,8.694563440106104e-65
5,67,1.5287810664160982e-64
5,68,2.962382912714417e-64
5,69,4.034343840741257e-64
5,70,6.854864716638113e-64
5,71,1.0670555385084262e-63
5,72,1.4917528818059931e-63
5,73,2.1208624380507927e-63
5,74,2.9855424142735233e-63
5,75,5.015168583809718e-63
5,76,6.80157737429814e-63
5,77,8.380874183995267e-63
5,78,1.2374840913400425e-62
5,79,1.5628666972497268e-62
5,80,2.0744173601369884e-62
5,81,3.1543623630359633e-62
5,82,3.61965711832816e-62
5,83,4.70907590703317e-62
5,84,5.6955266325791945e-62
5,85,7.104517155655475e-62
5,86,1.0153781283723634e-61
5,87,1.2232034994742318e-61
5,88,1.5164483118891079e-61
5,89,1.844562641412419e-61
5,90,2.254546233739555e-61
5,91,2.657098035636252e-61
5,92,3.276512058521343e-61
5,93,3.693522682865189e-61
5,94,5.101235255612832e-61
5,95,6.005129011980717e-61
5,96,7.469064607996886e-61
5,97,8.866256488839468e-61
5,98,1.0644156742746722e-60
5,99,1.2954783316673055e-60
5,100,1.4779537800133487e-60
5,101,1.9225133115626554e-60
5,102,2.1790534144442715e-60
5,103,2.6189017536911977e-60
5,104,3.2640210531468155e-60
5,105,3.996999164842695e-60
5,106,4.7107620044776345e-60
5,107,5.730201946522727e-60
5,108,7.670092277849909e-60
5,109,9.263579234881223e-60
5,110,1.235350712792166e-59
5,111,1.4794549425285367e-59
5,112,1.8204680760735854e-59
5,113,2.2934131842422225e-59
5,114,2.837811433540541e-59
5,115,3.8069696932109077e-59
5,116,4.302636121061646e-59
5,117,5.2883920123014005e-59
5,118,5.865767687947664e-59
5,119,6.663275730976872e-59
5,120,6.003541011886139e-59
5,121,5.167661828772873e-59
5,122,8.64200748825562e-59
5,123,1.2963008111178685e-58
5,124,2.2848872141066727e-58
5,125,2.9983051193188547e-58
5,126,4.537732643390952e-58
5,127,6.647922861555694e-58
5,128,8.874411172457099e-58
5,129,9.102691139544903e-58
5,130,6.356737538742355e-58
5,131,1.0242797033623818e-57
5,132,6.834692545507462e-58
5,133,1.914528869262566e-57
5,134,1.7540891183261646e-57
5,135,2.4961885846330438e-57
5,136,8.381716039578535e-57
5,137,8.165566814859439e-57
5,138,1.0152438338322077e-56
5,139,1.5162940344173454e-56
5,140,2.4560522253979118e-56
5,141,4.334635890654611e-56
5,142,6.79827787269997e-56
5,143,7.919506605942205e-56
5,144,5.396486956907133e-56
5,145,9.592479851935757e-56
5,146,1.0670805512263042e-55
5,147,1.755430863242681e-55
5,148,8.237210607128513e-56
5,149,1.9355618897657318e-56
5,150,1.0987702273528812e-55
5,151,1.719911507012978e-54
5,152,3.441425423268077e-55
5,153,1.3326943855624716e-55
5,154,1.0209430747083237e-57
5,155,9.426022949074613e-58
5,156,1.703738693384388e-57
5,157,1.221058705813123e-56
5,158,2.161783690961277e-60
5,159,1.668211038660975e-58
5,160,8.971698249385777e-58
5,161,1.3740376547292588e-56
5,162,3.4996861035884976e-56
5,163,6.588469961217323e-56
5,164,1.3919087804259502e-56
5,165,1.494701827531264e-55
5,166,3.33149286818148e-55
5,167,2.0298312954019622e-54
5,168,4.337610117336679e-54
5,169,1.0462904641567822e-53
5,170,2.220996108757068e-54
5,171,2.1626241658493344e-56
5,172,2.1482228188398848e-54
5,173,1.2054867074238301e-53
5,174,1.0557825766347477e-53
5,175,2.0479513541162905e-54
5,176,2.6978855097579644e-53
5,177,2.474086541307915e-55
5,178,1.7383171083837575e-55
5,179,3.3411721071621137e-54
5,180,7.044229594312362e-72
5,181,1.808742794265824e-68
5,182,1.8686230420386206e-64
5,183,3.9502390067704365e-61
5,184,2.19897227330076e-58
5,185,3.271619324071173e-63
5,186,6.343156723251242e-59
5,187,2.028432318965308e-55
5,188,2.1761219491630034e-55
5,189,4.493670296652354e-61
5,190,2.6182055819006237e-62
5,191,3.33374161430992e-71
5,192,9.34737835112673e-65
5,193,3.944949499706102e-65
5,194,2.6104724030982575e-63
5,195,7.881236904977064e-64
5,196,2.266411815083671e-63
5,197,1.0030267892987284e-66
5,198,1.7762661764576073e-64
5,199,9.014475958445462e-65
5,200,4.6770171562621376e-65
5,201,5.004924381228967e-67
5,202,1.1401902231218619e-63
5,203,1.5535328846264238e-65
5,204,5.25872040979006e-65
5,205,2.932066599909568e-64
5,206,5.662389624255835e-64
5,207,3.4571642159913335e-64
5,208,4.213020258620123e-63
5,209,3.939028846504674e-64
5,210,3.5159733458414816e-64
5,211,2.1761025003727074e-63
5,212,2.5562087629527447e-62
5,213,4.309392389020977e-61
5,214,1.579049633269548e-61
5,215,1.201477061210732e-61
5,216,2.512725657626712e-60
5,217,1.2657769424677549e-61
5,218,5.0415014468932624e-61
5,219,2.74175242276723e-60
5,220,8.975373903718259e-60
5,221,3.2497071233982146e-59
5,222,4.157268746543894e-59
5,223,1.7478824377795253e-58
5,224,9.562613597131575e-58
5,225,1.6497677855036392e-57
5,226,5.190007965298795e-57
5,227,1.51487819975576e-56
5,228,2.8387327495688035e-56
5,229,1.1260045160553839e-55
5,230,2.3260618522426863e-55
5,231,1.003294438870362e-54
5,232,3.2290424850268e-54
5,233,1.4429629971025517e-53
5,234,1.1480077840150142e-55
5,235,2.092297484741359e-52
5,236,6.327175545173163e-52
5,237,4.0615560160574604e-52
5,238,4.2007087559456187e-51
5,239,1.8253608866863787e-50
5,240,3.3093937821273426e-50
5,241,1.5207048179042496e-49
5,242,1.0452032317554452e-48
5,243,1.925670233288867e-48
5,244,9.246119816055992e-48
5,245,4.59365999500404e-47
5,246,9.37228367527711e-47
5,247,2.5052218756714566e-50
5,248,1.892698756851098e-49
5,249,1.8517985804702063e-48
5,250,1.3718032706430917e-47
5,251,5.8656446961028e-47
5,252,2.810040814529304e-46
5,253,1.1863642040262082e-45
5,254,4.6711796191702895e-45
5,255,9.803647873840227e-45
5,256,4.176262040664364e-44
5,257,1.3523556293769839e-43
5,258,5.9484396296137054e-43
5,259,2.958575870314438e-42
5,260,6.671265685320898e-42
5,261,4.147085256122548e-41
5,262,1.2255208895633612e-40
5,263,3.369382483646442e-40
5,264,8.355516196662294e-40
5,265,5.833426891708904e-40
5,266,3.2101151436804854e-39
5,267,7.665312748875621e-39
5,268,1.3181088564805785e-38
5,269,2.55575120300883e-38
5,270,4.345224971907197e-38
5,271,8.639969307949105e-38
5,272,1.724962154598475e-37
5,273,3.477025917758726e-37
5,274,6.758777150186742e-37
5,275,1.416541727841352e-36
5,276,2.469481349142573e-36
5,277,4.687965090229803e-36
5,278,8.885190207178539e-36
5,279,1.7043444542342467e-35
5,280,3.3250317386698195e-35
5,281,5.856380175122282e-35
5,282,1.0414067365530606e-34
5,283,1.7080979043384836e-34
5,284,2.795700151930531e-34
5,285,4.8479186999286625e-34
5,286,7.268519346903021e-34
5,287,1.0682406973514276e-33
5,288,1.5622231676756834e-33
5,289,2.2221013201555427e-33
5,290,3.182559917381287e-33
5,291,4.505728690205735e-33
5,292,6.34288278041866e-33
5,293,8.612854066841602e-33
5,294,1.1455801174303083e-32
5,295,1.4991280007919199e-32
5,296,1.9580063397490164e-32
5,297,2.515684423841513e-32
5,298,3.2059026660673146e-32
5,299,4.0627073937982255e-32
5,300,5.207755240885183e-32
5,301,6.573959853900064e-32
5,302,8.086536082610806e-32
5,303,9.808096211191116e-32
5,304,1.1854773124818782e-31
5,305,1.4177860051460263e-31
5,306,1.6893260231411397e-31
5,307,2.020205614806908e-31
5,308,2.4048754270621366e-31
5,309,2.8315881189337268e-31
5,310,3.3198267363040636e-31
5,311,3.9022930889181034e-31
5,312,4.574515703319909e-31
5,313,5.342998318529399e-31
5,314,6.254474260295847e-31
5,315,7.303414638369004e-31
5,316,8.454461426931808e-31
5,317,9.760427974289646e-31
5,318,1.119470638858626e-30
5,319,1.277964776525294e-30
5,320,1.4568756086471832e-30
5,321,1.6574441984518087e-30
5,322,1.878237499172998e-30
5,323,2.1277042974376172e-30
5,324,2.4128155191763414e-30
5,325,2.7377730659674355e-30
5,326,3.1015290055602174e-30
5,327,3.5138485778251025e-30
5,328,3.983446430127773e-30
5,329,4.5007517570406615e-30
5,330,5.079448625530525e-30
5,331,5.729334251563791e-30
5,332,6.445280819955717e-30
5,333,7.244786055777186e-30
5,334,8.135173527591491e-30
5,335,9.11274855747155e-30
5,336,1.0210579926239707e-29
5,337,1.1435007447429995e-29
5,338,1.2777816860314958e-29
5,339,1.4272415768950828e-29
5,340,1.5936087584329256e-29
5,341,1.7768155740592603e-29
5,342,1.9795449527205776e-29
5,343,2.2044586669226638e-29
5,344,2.4542825120159787e-29
5,345,2.732091885222662e-29
5,346,3.0402275662600163e-29
5,347,3.38294560367264e-29
5,348,3.7627448742897817e-29
5,349,4.1799095388629575e-29
5,350,4.639040709815861e-29
5,351,5.14590984053669e-29
5,352,5.703607908889936e-29
5,353,6.31895576378352e-29
5,354,7.000864816397458e-29
5,355,7.753633764825045e-29
5,356,8.580809270569788e-29
5,357,9.48678178433959e-29
5,358,1.0472218564843595e-28
5,359,1.1537383160800488e-28
5,360,1.2686409291133626e-28
5,361,1.3923459622541845e-28
5,362,1.5253147172885603e-28
5,363,1.668347557625809e-28
5,364,1.8222481458795995e-28
5,365,1.9878585375952174e-28
5,366,2.166022081666472e-28
5,367,2.357235849037884e-28
5,368,2.562204764117723e-28
5,369,2.782320229932931e-28
5,370,3.01882607518219e-28
5,371,3.2720733480705613e-28
5,372,3.5416133102426956e-28
5,373,3.8268837615352125e-28
5,374,4.127974416361882e-28
5,375,4.446000963426592e-28
5,376,4.783120068615095e-28
5,377,5.141466223675948e-28
5,378,5.522071469188361e-28
5,379,5.925272395935919e-28
5,380,6.351398414453986e-28
5,381,6.801224075847744e-28
5,382,7.2760203829587675e-28
5,383,7.7768504523427425e-28
5,384,8.304437313665442e-28
5,385,8.859774060670424e-28
5,386,9.444943785210366e-28
5,387,1.0063396097581606e-27
5,388,1.0717533429693123e-27
5,389,1.1405297654836874e-27
5,390,1.2121959029909663e-27
5,391,1.2866227455903587e-27
5,392,1.3645191833814096e-27
5,393,1.447238004907234e-27
5,394,1.535048492354557e-27
5,395,1.625951776401594e-27
5,396,1.718558065734724e-27
5,397,1.8144124409028e-27
5,398,1.9156508686096053e-27
5,399,2.021726248022335e-27
5,400,2.1308539321082667e-27
5,401,2.2436936858317832e-27
5,402,2.3615920015539662e-27
5,403,2.4833080873311747e-27
5,404,2.606986806944643e-27
5,405,2.7338040810930665e-27
5,406,2.866555158112497e-27
5,407,3.0052702893556068e-27
5,408,3.1466406531421833e-27
5,409,3.289657540324669e-27
5,410,3.438760145031187e-27
5,411,3.596762037388604e-27
5,412,3.7586360445132485e-27
5,413,3.919007397362054e-27
5,414,4.0815442407138365e-27
5,415,4.254640620140867e-27
5,416,4.438769296136218e-27
5,417,4.6251479330767e-27
5,418,4.80916430191642e-27
5,419,4.996022175479516e-27
5,420,5.190886340097226e-27
5,421,5.393462420654502e-27
5,422,5.60071534509887e-27
5,423,5.810158409288431e-27
5,424,6.0222626854606045e-27
5,425,6.24011628605565e-27
5,426,6.464274747136918e-27
5,427,6.691272606750376e-27
5,428,6.920504643514424e-27
5,429,7.155570392052088e-27
5,430,7.396250890075512e-27
5,431,7.638151448416646e-27
5,432,7.881585656804776e-27
5,433,8.13091632338418e-27
5,434,8.385473756995452e-27
5,435,8.640981747537784e-27
5,436,8.89829830923185e-27
5,437,9.161273659668952e-27
5,438,9.429321712637897e-27
5,439,9.699793299429555e-27
5,440,9.973600590352363e-27
5,441,1.0251794177974374e-26
5,442,1.053109069515935e-26
5,443,1.0808357616536171e-26
5,444,1.1086424439538589e-26
5,445,1.1372109431021355e-26
5,446,1.1669670338555471e-26
5,447,1.1974477215537718e-26
5,448,1.2275825792336229e-26
5,449,1.2570011006530506e-26
5,450,1.2864157207679587e-26
5,451,1.3165902245335984e-26
5,452,1.3471983503149356e-26
5,453,1.3772539848470616e-26
5,454,1.4073496099783145e-26
5,455,1.4395738968956037e-26
5,456,1.473013005610609e-26
5,457,1.5042490980918017e-26
5,458,1.5339818264894586e-26
5,459,1.5660805482817848e-26
5,460,1.6004739494317104e-26
5,461,1.6334980041438836e-26
5,462,1.6650715651684184e-26
5,463,1.6974105449661762e-26
5,464,1.7296902963771335e-26
5,465,1.761095270450942e-26
5,466,1.7935815238562235e-26
5,467,1.8278068640553984e-26
5,468,1.8621443844650067e-26
5,469,1.8953308879683428e-26
5,470,1.9272857510170024e-26
5,471,1.9593314807547123e-26
5,472,1.994481465146328e-26
5,473,2.0319538673801567e-26
5,474,2.066199959300337e-26
5,475,2.0971148116538877e-26
5,476,2.1304105901415782e-26
5,477,2.166716559048348e-26
5,478,2.20099887852644e-26
5,479,2.2332038287236674e-26
5,480,2.2676628259266423e-26
5,481,2.3041084695543482e-26
5,482,2.339079165475013e-26
5,483,2.37267865363394e-26
5,484,2.4068423709139346e-26
5,485,2.441043520794577e-26
5,486,2.4745139335968045e-26
5,487,2.5087691548349987e-26
5,488,2.5447513753955812e-26
5,489,2.5807541687567527e-26
5,490,2.61495110175311e-26
5,491,2.6476182679843153e-26
5,492,2.679844114555799e-26
5,493,2.712237605330428e-26
5,494,2.745810656494424e-26
5,495,2.782158912378611e-26
5,496,2.8197798283692266e-26
5,497,2.8540725002225616e-26
5,498,2.884340934490502e-26
5,499,2.9149702583754036e-26
5,500,2.9484895647866433e-26
5,501,2.9821360302947414e-26
5,502,3.0150478717627124e-26
5,503,3.0506362873807406e-26
5,504,3.088001613294623e-26
5,505,3.122508016635954e-26
5,506,3.154428675519658e-26
5,507,3.188500357487442e-26
5,508,3.224026175911899e-26
5,509,3.256187761520504e-26
5,510,3.2864475979270895e-26
5,511,3.3187305451246906e-26
5,512,3.3506639419874446e-26
5,513,3.3819589675562985e-26
5,514,3.419467289674496e-26
5,515,3.458911422210895e-26
5,516,3.489700014141742e-26
5,517,3.517785138082605e-26
5,518,3.553380641561506e-26
5,519,3.588569545624169e-26
5,520,3.6165837708472733e-26
5,521,3.6481483270413394e-26
5,522,3.6857366679592166e-26
5,523,3.7186638786489785e-26
5,524,3.7473812162758083e-26
5,525,3.776649236164959e-26
5,526,3.804860399524065e-26
5,527,3.8391695922036466e-26
5,528,3.8814236592545653e-26
5,529,3.914649389079442e-26
5,530,3.93872467535077e-26
5,531,3.971740316742498e-26
5,532,4.0100013332274996e-26
5,533,4.0396724859277227e-26
5,534,4.069007803819811e-26
5,535,4.1041226356754616e-26
5,536,4.133676178809816e-26
5,537,4.158214086769851e-26
5,538,4.1877294972090737e-26
5,539,4.220457744640856e-26
5,540,4.25071899573001e-26
5,541,4.277842313634109e-26
5,542,4.3072026190919275e-26
5,543,4.342700718563255e-26
5,544,4.377723406497978e-26
5,545,4.4064700913714683e-26
5,546,4.436298121953966e-26
5,547,4.4695268148307296e-26
5,548,4.4990123608597936e-26
5,549,4.527447053793073e-26
5,550,4.5594923695261594e-26
5,551,4.591928101167159e-26
5,552,4.623134690658905e-26
5,553,4.651905705099574e-26
5,554,4.680311000024751e-26
5,555,4.7122433300194174e-26
5,556,4.741476346885801e-26
5,557,4.7651863923958705e-26
5,558,4.793151787073481e-26
5,559,4.8284820582259795e-26
5,560,4.863741949448925e-26
5,561,4.8926792355254737e-26
5,562,4.9159864656203914e-26
5,563,4.941912252964966e-26
5,564,4.97414822460004e-26
5,565,5.003245843532172e-26
5,566,5.025373132479476e-26
5,567,5.0487709878734836e-26
5,568,5.077163743239397e-26
5,569,5.1078876801562164e-26
5,570,5.139672674989846e-26
5,571,5.171397715870869e-26
5,572,5.200411628378431e-26
5,573,5.225026242623019e-26
5,574,5.247823386904693e-26
5,575,5.274465570980389e-26
5,576,5.303507121029617e-26
5,577,5.32762306407356e-26
5,578,5.3480546620333e-26
5,579,5.373860717273878e-26
5,580,5.407042483644817e-26
5,581,5.439830611485112e-26
5,582,5.467751805537848e-26
5,583,5.494303445309656e-26
5,584,5.522636124991118e-26
5,585,5.550312359731095e-26
5,586,5.574787486088341e-26
5,587,5.599567708380632e-26
5,588,5.62841318695508e-26
5,589,5.658864013840429e-26
5,590,5.686627495345657e-26
5,591,5.711633844823661e-26
5,592,5.737223618652468e-26
5,593,5.765093698887666e-26
5,594,5.793411528415544e-26
5,595,5.820003288128635e-26
5,596,5.845360915445036e-26
5,597,5.871207603303907e-26
5,598,5.897670907928487e-26
5,599,5.923457371112177e-26
5,600,5.948136159269334e-26
5,601,5.972744770820193e-26
5,602,5.99804937279123e-26
5,603,6.023202767341388e-26
5,604,6.046618433664075e-26
5,605,6.067510036043756e-26
5,606,6.085810475587037e-26
5,607,6.102728326506842e-26
5,608,6.124354884499545e-26
5,609,6.154421027737917e-26
5,610,6.182740066356695e-26
5,611,6.204206091220462e-26
5,612,6.2288667366794e-26
5,613,6.258368247397784e-26
5,614,6.28003070192662e-26
5,615,6.296664104409382e-26
5,616,6.323539146676171e-26
5,617,6.354793736836154e-26
5,618,6.376791000573327e-26
5,619,6.397026433387834e-26
5,620,6.423752459819693e-26
5,621,6.450149063105125e-26
5,622,6.474123684990091e-26
5,623,6.499146970339389e-26
5,624,6.522246521904497e-26
5,625,6.544051914652338e-26
5,626,6.569258754397965e-26
5,627,6.593969700965083e-26
5,628,6.614491894478362e-26
5,629,6.635905656732245e-26
5,630,6.659763368946384e-26
5,631,6.681602408700869e-26
5,632,6.701392076405385e-26
5,633,6.72117083006716e-26
5,634,6.740306742268998e-26
5,635,6.760105278751065e-26
5,636,6.782437980177454e-26
5,637,6.805359717081692e-26
5,638,6.825589715790336e-26
5,639,6.840280956181964e-26
5,640,6.847374612419717e-26
5,641,6.852770484304745e-26
5,642,6.874364255543464e-26
5,643,6.91853264706012e-26
5,644,6.956594917270887e-26
5,645,6.966380374139243e-26
5,646,6.968966910883994e-26
5,647,6.991448294531685e-26
5,648,7.022401226721955e-26
5,649,7.036304809445987e-26
5,650,7.045598631896705e-26
5,651,7.075934222803811e-26
5,652,7.113392599226481e-26
5,653,7.131256380860183e-26
5,654,7.141117889208939e-26
5,655,7.166512333300179e-26
5,656,7.200385897463216e-26
5,657,7.223765825689097e-26
5,658,7.239758146041375e-26
5,659,7.260823959150261e-26
5,660,7.285510225031684e-26
5,661,7.306442193891463e-26
5,662,7.324364384063788e-26
5,663,7.343885063861856e-26
5,664,7.363605685494218e-26
5,665,7.377769740973528e-26
5,666,7.386202826960127e-26
5,667,7.402079099258505e-26
5,668,7.434787162118338e-26
5,669,7.467516849873947e-26
5,670,7.479641512136128e-26
5,671,7.485341839004174e-26
5,672,7.507132428164115e-26
5,673,7.538154376606046e-26
5,674,7.557184280625508e-26
5,675,7.570601564670344e-26
5,676,7.59500145317732e-26
5,677,7.620265980262398e-26
5,678,7.632777077901657e-26
5,679,7.642957956208021e-26
5,680,7.660945877190863e-26
5,681,7.676443405788651e-26
5,682,7.688233845102997e-26
5,683,7.711830699089549e-26
5,684,7.745506961846452e-26
5,685,7.769941707906468e-26
5,686,7.782583077028459e-26
5,687,7.797324153841093e-26
5,688,7.818053718675356e-26
5,689,7.838815965783777e-26
5,690,7.857726010371928e-26
5,691,7.87711911063012e-26
5,692,7.896801501377711e-26
5,693,7.916665128300718e-26
5,694,7.936436288199152e-26
5,695,7.955359130444762e-26
5,696,7.974014579143577e-26
5,697,7.9923135173997e-26
5,698,8.008864049186716e-26
5,699,8.024612739107494e-26
5,700,8.044904908825106e-26
5,701,8.069446280239612e-26
5,702,8.091019641943098e-26
5,703,8.106284515066078e-26
5,704,8.120571063394788e-26
5,705,8.137858102032052e-26
5,706,8.156040833897947e-26
5,707,8.173244165833612e-26
5,708,8.190008236126689e-26
5,709,8.205648543879975e-26
5,710,8.217937581560412e-26
5,711,8.229186605477274e-26
5,712,8.246261495758085e-26
5,713,8.27218687706208e-26
5,714,8.298482483236641e-26
5,715,8.315429094485528e-26
5,716,8.325219599655631e-26
5,717,8.338292513117765e-26
5,718,8.359111432989429e-26
5,719,8.381203806848153e-26
5,720,8.39605050905856e-26
5,721,8.40555098953228e-26
5,722,8.41615886409183e-26
5,723,8.429165518999943e-26
5,724,8.440050598163069e-26
5,725,8.451922791233935e-26
5,726,8.472992847922512e-26
5,727,8.50247190493723e-26
5,728,8.52385223504415e-26
5,729,8.529479054898729e-26
5,730,8.528269128703925e-26
5,731,8.539975778643387e-26
5,732,8.567323175844144e-26
5,733,8.600529857529222e-26
5,734,8.61811683991041e-26
5,735,8.626236169538135e-26
5,736,8.632013496621966e-26
5,737,8.652095049930347e-26
5,738,8.664956828501417e-26
5,739,8.671043375297063e-26
5,740,8.650151946928817e-26
5,741,8.623694434671716e-26
5,742,8.591819963690227e-26
5,743,8.52290168809151e-26
5,744,8.551837486519758e-26
5,745,8.540471576908032e-26
5,746,8.724057781519652e-26
5,747,8.810434272422546e-26
5,748,8.716495813479373e-26
5,749,8.692798472285714e-26
5,750,8.803103701922295e-26
5,751,8.877496629774853e-26
5,752,8.825529117352501e-26
5,753,8.818418205733996e-26
5,754,8.89166340147075e-26
5,755,8.893405671194563e-26
5,756,8.87253310726584e-26
5,757,8.928316152706467e-26
5,758,8.962280006898378e-26
5,759,8.935457306184408e-26
5,760,8.956224543890374e-26
5,761,9.011475299749953e-26
5,762,9.013888872975255e-26
5,763,9.005213714167534e-26
5,764,9.035124732500234e-26
5,765,9.052897787516585e-26
5,766,9.058949711201243e-26
5,767,9.100848125620563e-26
5,768,9.137771560475799e-26
5,769,9.13237968242295e-26
5,770,9.133234198210936e-26
5,771,9.171909811867226e-26
5,772,9.208177754411845e-26
5,773,9.21363959484753e-26
5,774,9.222120349055536e-26
5,775,9.254350432571034e-26
5,776,9.278940461316392e-26
5,777,9.287991021766916e-26
5,778,9.30508387869862e-26
5,779,9.326905375801148e-26
5,780,9.342938450092572e-26
5,781,9.357056642309458e-26
5,782,9.372015272209727e-26
5,783,9.388093668103798e-26
5,784,9.402269906406465e-26
5,785,9.415609012358117e-26
5,786,9.433331237411574e-26
5,787,9.450002960701996e-26
5,788,9.463713218951453e-26
5,789,9.480115361968985e-26
5,790,9.496466713541823e-26
5,791,9.511108351256e-26
5,792,9.525220704856577e-26
5,793,9.537625016168143e-26
5,794,9.551909309107713e-26
5,795,9.567776399279408e-26
5,796,9.58156174581189e-26
5,797,9.59534949957094e-26
5,798,9.60964682162352e-26
5,799,9.624466016733646e-26
5,800,9.639643943191529e-26
6,1,6.127001732543186e-131
6,2,7.390294949283148e-124
6,3,1.7640848252890787e-114
6,4,1.1224408685539864e-110
6,5,3.7431076252807396e-114
6,6,5.847952407779045e-111
6,7,2.5621916065476184e-109
6,8,8.200089665187934e-107
6,9,6.6753036592857335e-105
6,10,4.52697325874946e-103
6,11,2.0555535798049105e-101
6,12,9.545697476957003e-100
6,13,4.3528689066731695e-99
6,14,2.834172211773933e-97
6,15,1.5835741616390452e-96
6,16,1.0112985006530429e-95
6,17,7.87791823963255e-95
6,18,5.687123324510902e-94
6,19,3.2325406440954596e-93
6,20,1.4515330395087184e-92
6,21,5.672603069962651e-92
6,22,2.1380396788915424e-91
6,23,7.764337950112383e-91
6,24,2.7323474348004386e-90
6,25,9.745406558555592e-90
6,26,3.5370869397002936e-89
6,27,1.287989927854895e-88
6,28,4.551845266676523e-88
6,29,1.7544147323316374e-87
6,30,7.277906335477428e-87
6,31,3.0889534850499648e-86
6,32,1.300844985571186e-85
6,33,5.449190624037896e-85
6,34,2.271470655924952e-84
6,35,9.354094650247062e-84
6,36,3.746206057433652e-83
6,37,1.464228350963836e-82
6,38,5.870602677926225e-82
6,39,2.2051386585855183e-81
6,40,8.229844332266147e-81
6,41,2.993946019885547e-80
6,42,1.0480798128457097e-79
6,43,3.617534089166098e-79
6,44,1.185412558008102e-78
6,45,3.837212942312608e-78
6,46,1.2239111609503297e-77
6,47,3.9386407762423966e-77
6,48,1.2402527506962082e-76
6,49,3.851962167364258e-76
6,50,1.113355141392498e-75
6,51,3.100690412076552e-75
6,52,9.039010965122888e-75
6,53,2.708638772610996e-74
6,54,7.634805744913617e-74
6,55,1.9512176268064514e-73
6,56,4.760300218636026e-73
6,57,1.2761491378142653e-72
6,58,3.5344483803681013e-72
6,59,7.517999378693759e-72
6,60,1.884588808050514e-71
6,61,4.125227465175594e-71
6,62,1.102285629866916e-70
6,63,1.921312029975409e-70
6,64,4.9141032909620904e-70
6,65,8.527515180015378e-70
6,66,1.7911408410620385e-69
6,67,3.5032713172463554e-69
6,68,6.557352596971273e-69
6,69,1.1998761599154497e-68
6,70,2.3496068471424615e-68
6,71,3.839037861305751e-68
6,72,6.294001092110066e-68
6,73,1.1088954111873271e-67
6,74,1.6892274725654287e-67
6,75,2.7604226391659197e-67
6,76,3.817260698990884e-67
6,77,5.0979759437134675e-67
6,78,7.7830169213578e-67
6,79,1.0639896273831431e-66
6,80,1.5047721837029287e-66
6,81,2.26727595404075e-66
6,82,2.774459018970811e-66
6,83,3.9371974890719687e-66
6,84,4.74669755597331e-66
6,85,6.266056720044886e-66
6,86,7.730791423549963e-66
6,87,1.0166998409598804e-65
6,88,1.2809989137555758e-65
6,89,1.4823051311037177e-65
6,90,1.929493535045058e-65
6,91,2.4679436994302858e-65
6,92,2.648171635017336e-65
6,93,3.161842913500135e-65
6,94,3.8908696023340415e-65
6,95,4.901520394089945e-65
6,96,6.620813327465871e-65
6,97,8.09125983727438e-65
6,98,8.908470795961078e-65
6,99,1.0409594906047214e-64
6,100,1.2615175388385364e-64
6,101,1.6218407531730538e-64
6,102,1.887356491414701e-64
6,103,2.4027158720726076e-64
6,104,2.8907427004041983e-64
6,105,3.4764714736922746e-64
6,106,3.886115444738027e-64
6,107,4.70757523594835e-64
6,108,5.198101747604209e-64
6,109,6.885919925391751e-64
6,110,7.9937315256315e-64
6,111,1.1526092924275628e-63
6,112,1.3383819520507588e-63
6,113,1.5485755640148917e-63
6,114,1.8355084342063337e-63
6,115,2.2988471093620797e-63
6,116,2.852737329439892e-63
6,117,3.784237514381299e-63
6,118,4.7573436973754424e-63
6,119,5.680936395399446e-63
6,120,7.485805436569749e-63
6,121,1.0104055530849547e-62
6,122,1.1807171078498602e-62
6,123,1.5447984480494817e-62
6,124,1.7729672597947253e-62
6,125,2.134057899410609e-62
6,126,2.5191219863340384e-62
6,127,3.267905805691013e-62
6,128,2.8531231672127913e-62
6,129,4.501521631340071e-62
6,130,5.286571922218982e-62
6,131,5.615610983733695e-62
6,132,4.6911581382009405e-62
6,133,4.864951755723641e-62
6,134,7.322252633568071e-62
6,135,7.432191155432812e-62
6,136,9.333740920711691e-62
6,137,7.0759405574768265e-62
6,138,2.0541622095864936e-61
6,139,7.79542068365021e-62
6,140,7.10495335707567e-61
6,141,2.9473019564099706e-61
6,142,4.367911462257619e-61
6,143,1.2023425157950805e-60
6,144,7.071432472157096e-61
6,145,2.3305874535996484e-61
6,146,5.38490840560172e-61
6,147,3.601107771919975e-62
6,148,5.334362217299708e-61
6,149,3.6889761704239244e-65
6,150,3.938725030979543e-71
6,151,2.146248087082229e-64
6,152,2.8626445065371688e-71
6,153,6.879548183568185e-70
6,154,6.061406672045988e-79
6,155,1.1787398218554833e-69
6,156,5.391398158224487e-80
6,157,1.4206963537077097e-74
6,158,1.779021782866698e-70
6,159,1.541371288925368e-74
6,160,9.042325275278181e-71
6,161,2.658190891033438e-68
6,162,7.399655503939702e-68
6,163,2.0032102974339648e-68
6,164,3.124992520520857e-67
6,165,7.615832001106575e-75
6,166,1.0628976335482637e-75
6,167,2.931816651009086e-71
6,168,1.1264860318640752e-70
6,169,1.0042872913126064e-70
6,170,1.560618999003539e-70
6,171,9.314269787537637e-70
6,172,2.2005597804963753e-70
6,173,2.0487658392317784e-69
6,174,9.13827140522412e-69
6,175,4.312497384884491e-68
6,176,1.2029017709412312e-67
6,177,2.5966049407240108e-67
6,178,7.32498635951622e-67
6,179,2.433776865812566e-66
6,180,3.98764126216473e-66
6,181,6.936525478141034e-66
6,182,1.4097556990026145e-65
6,183,2.9830222263103214e-65
6,184,5.036355159270452e-65
6,185,1.0439657816807226e-64
6,186,2.4424864987128905e-64
6,187,6.519024906981535e-64
6,188,1.4360803348678253e-63
6,189,2.9189550949938973e-63
6,190,6.2279362954506e-63
6,191,1.1109076827705815e-62
6,192,1.8796283172683203e-62
6,193,3.047912829125336e-62
6,194,5.224595634622122e-62
6,195,8.855383086551097e-62
6,196,1.5335359130832747e-61
6,197,2.4899161575842537e-61
6,198,3.569025514518096e-61
6,199,6.004687259433987e-61
6,200,9.668193412505757e-61
6,201,1.4866612350874742e-60
6,202,2.3494097444142058e-60
6,203,3.6281171865317657e-60
6,204,5.735567954732621e-60
6,205,9.689170164797115e-60
6,206,1.4833037814395455e-59
6,207,2.4487907913787e-59
6,208,3.967847587591445e-59
6,209,6.858418552985487e-59
6,210,1.0988297090545359e-58
6,211,1.8786245281060826e-58
6,212,2.678452386192893e-58
6,213,4.668228263957292e-58
6,214,7.839894659125411e-58
6,215,1.2810372885080132e-57
6,216,2.128145651500263e-57
6,217,3.2939621583802555e-57
6,218,4.694337178586909e-57
6,219,9.030749341771479e-57
6,220,1.5307272702400614e-56
6,221,2.3015646901662636e-56
6,222,4.703719779554058e-56
6,223,6.871382663080483e-56
6,224,1.1572556105137598e-55
6,225,1.8037552583623187e-55
6,226,3.645351204666976e-55
6,227,7.854622908074092e-55
6,228,1.2240650820846718e-54
6,229,2.840695070711715e-54
6,230,5.304924290493656e-54
6,231,1.0332015144911185e-53
6,232,2.0643890360983555e-53
6,233,4.343170081022181e-53
6,234,9.288922400612224e-53
6,235,1.9769156082430424e-52
6,236,4.161683556578611e-52
6,237,9.066898016182602e-52
6,238,2.032086123867859e-51
6,239,4.3979314318119124e-51
6,240,9.778482782561636e-51
6,241,2.0447401644767726e-50
6,242,2.7582655090451894e-50
6,243,7.731468555834063e-50
6,244,1.433121380831243e-49
6,245,2.9565038056001856e-49
6,246,6.19913604997313e-49
6,247,1.1333269604464563e-48
6,248,2.485972225196532e-48
6,249,5.814490381857726e-48
6,250,1.330147769089754e-47
6,251,2.6781024629128903e-47
6,252,6.280492892371149e-47
6,253,1.5974888643848617e-46
6,254,3.7558565619921675e-46
6,255,1.8710946520262103e-46
6,256,8.534653223579785e-53
6,257,9.089653226665393e-52
6,258,1.371155816304917e-50
6,259,1.4582533606486652e-49
6,260,1.8759897438382687e-48
6,261,2.448079268677209e-47
6,262,3.208433324328931e-47
6,263,8.191042950126041e-47
6,264,5.437655112609015e-47
6,265,1.1359594075813734e-46
6,266,3.4655112709818555e-46
6,267,9.342098867005872e-46
6,268,2.5015677647776492e-45
6,269,3.8353818198081185e-45
6,270,7.118775879808574e-45
6,271,2.857224965556804e-44
6,272,7.841352223310315e-44
6,273,1.5308392228831638e-43
6,274,2.562524330535581e-43
6,275,4.9151833019974175e-43
6,276,1.0709029640425776e-42
6,277,2.3397765082299647e-42
6,278,4.554503137665565e-42
6,279,7.737615009597774e-42
6,280,1.3456192761969216e-41
6,281,1.9591303887517555e-41
6,282,8.151149421163446e-42
6,283,1.798967507779112e-43
6,284,1.268002223801842e-43
6,285,2.478649230916314e-44
6,286,6.168330970335055e-42
6,287,1.2446044293852472e-41
6,288,4.286459964530602e-43
6,289,9.290569232132348e-44
6,290,7.140489051596317e-44
6,291,3.2530857094035334e-45
6,292,2.805353445951408e-45
6,293,4.855331346669535e-46
6,294,1.4659712561282787e-45
6,295,7.550441814991704e-45
6,296,1.8095537700443209e-44
6,297,4.1478320718603525e-44
6,298,6.8665743132320735e-46
6,299,1.2148685950383174e-45
6,300,5.027668822652902e-44
6,301,5.777618871681113e-44
6,302,1.5680460083996237e-44
6,303,4.3308490560253846e-47
6,304,7.059003131579073e-47
6,305,1.643056544811621e-48
6,306,3.057645706327374e-57
6,307,5.784375909459197e-55
6,308,7.08953377364053e-53
6,309,1.7810833239222536e-54
6,310,5.475534872662658e-53
6,311,9.463178291959394e-51
6,312,1.101467441653559e-51
6,313,1.2829381029864787e-50
6,314,3.4266400026996464e-50
6,315,1.6709963232308588e-49
6,316,1.4045765812198123e-50
6,317,4.972113742742317e-51
6,318,5.478283449307237e-53
6,319,1.431000044648624e-53
6,320,7.397837135659705e-54
6,321,3.6121991898191754e-54
6,322,2.060547421630474e-54
6,323,1.987424846815559e-54
6,324,2.4222696976680875e-54
6,325,4.13213675527476e-54
6,326,9.377491582784379e-54
6,327,2.6894041117195835e-53
6,328,9.347048580577665e-53
6,329,3.2672720579593107e-52
6,330,1.1882737161285683e-51
6,331,4.423612110786524e-51
6,332,1.175624676433875e-50
6,333,4.277171845688953e-50
6,334,1.5460152677715768e-49
6,335,5.357484956605613e-49
6,336,1.8009475085202352e-48
6,337,4.473130210740041e-48
6,338,1.8261136660117543e-47
6,339,4.896053015247213e-47
6,340,1.5371551343958085e-46
6,341,3.865645900574135e-46
6,342,9.322813436137921e-46
6,343,2.161342478223717e-45
6,344,4.9481160439328656e-45
6,345,1.1198122684704447e-44
6,346,4.349296802631952e-45
6,347,8.873239169421179e-45
6,348,7.127190503282606e-44
6,349,1.1615022850157148e-43
6,350,2.0671876327934688e-43
6,351,3.9442254080944944e-43
6,352,8.071177320036697e-43
6,353,1.6953062412399747e-42
6,354,3.649780013687324e-42
6,355,1.1518844486837794e-42
6,356,9.580157921611707e-43
6,357,9.135867002596458e-43
6,358,1.2748005048055595e-42
6,359,2.6018422922063355e-42
6,360,3.326014278544901e-42
6,361,4.651338634557035e-42
6,362,1.454853980193771e-42
6,363,1.7429521082761263e-42
6,364,2.6018268167889195e-42
6,365,5.302251540106792e-42
6,366,1.4032575052906492e-41
6,367,3.979952333022447e-41
6,368,1.2559368568120232e-40
6,369,3.5067895100088195e-40
6,370,5.318006328627633e-40
6,371,1.0805325480201774e-39
6,372,2.0209172821458073e-39
6,373,4.0242983934097523e-39
6,374,6.610265534763431e-39
6,375,1.2113602442320292e-38
6,376,2.2612088131408339e-38
6,377,4.0234707363635566e-38
6,378,7.210323912000929e-38
6,379,5.545307572885414e-38
6,380,1.0076695184624068e-37
6,381,3.795589741213655e-37
6,382,6.257831496637383e-37
6,383,1.0174263349544187e-36
6,384,1.6303000790481407e-36
6,385,2.52802978008572e-36
6,386,3.7887067529126064e-36
6,387,4.8230116747358386e-36
6,388,5.870985641892171e-36
6,389,8.109069148240187e-36
6,390,1.0306948098297602e-35
6,391,3.19406487764577e-36
6,392,1.1406334748963244e-35
6,393,7.355592550137676e-36
6,394,5.040615632884743e-36
6,395,6.868799914884262e-36
6,396,1.0567445363925419e-35
6,397,1.820774708818228e-35
6,398,3.16571833908935e-35
6,399,4.930059186340976e-35
6,400,6.210192014893038e-35
6,401,7.576255016192669e-35
6,402,9.504184845696146e-35
6,403,3.517041307606345e-36
6,404,7.217061426439926e-36
6,405,1.5175092369451297e-35
6,406,2.903594237812645e-35
6,407,5.26403485323763e-35
6,408,8.47426357588654e-35
6,409,1.1316315641895038e-34
6,410,1.380926866282846e-34
6,411,1.6692780565152324e-34
6,412,1.940728747133485e-34
6,413,2.1693154203376764e-34
6,414,2.4972257045979185e-34
6,415,3.001023295192431e-34
6,416,3.6250920604617437e-34
6,417,4.430028906766491e-34
6,418,5.521022934005071e-34
6,419,6.7497956525795524e-34
6,420,8.051868871169316e-34
6,421,9.736773842100464e-34
6,422,1.1972610995573365e-33
6,423,1.4617580629159784e-33
6,424,1.8084840531216044e-33
6,425,2.306550442930597e-33
6,426,2.932929070220654e-33
6,427,3.63760992554947e-33
6,428,4.458034058582333e-33
6,429,5.397580069722798e-33
6,430,6.402934274688868e-33
6,431,7.534318055575173e-33
6,432,8.862363707751894e-33
6,433,1.0295893074083386e-32
6,434,1.1792360364354872e-32
6,435,1.3318930735696531e-32
6,436,1.4757124743246234e-32
6,437,1.6160109519101426e-32
6,438,1.7624854730443155e-32
6,439,1.908945517881295e-32
6,440,2.0554580259815787e-32
6,441,2.2174586145173048e-32
6,442,2.3869188980462787e-32
6,443,2.5636537666896916e-32
6,444,2.7595197355146974e-32
6,445,2.9883503902388645e-32
6,446,3.233010375802714e-32
6,447,3.5072219424482517e-32
6,448,3.8069934588324704e-32
6,449,4.128846604484383e-32
6,450,4.474897362848708e-32
6,451,4.8313041443488256e-32
6,452,5.199354774539731e-32
6,453,5.574792993506856e-32
6,454,5.964596634410979e-32
6,455,6.37766614813343e-32
6,456,6.834136283708949e-32
6,457,7.348881636177605e-32
6,458,7.893452300151816e-32
6,459,8.474463385336314e-32
6,460,9.080870223386409e-32
6,461,9.712662395403803e-32
6,462,1.039081809699227e-31
6,463,1.1117957011433581e-31
6,464,1.1911819562997165e-31
6,465,1.2750595784121314e-31
6,466,1.3650859607099046e-31
6,467,1.4598493351659375e-31
6,468,1.561654339675087e-31
6,469,1.6692355363507798e-31
6,470,1.780304644116531e-31
6,471,1.8955801380221633e-31
6,472,2.01259892982206e-31
6,473,2.1347665164074687e-31
6,474,2.260694538611892e-31
6,475,2.394387796967339e-31
6,476,2.534644400630939e-31
6,477,2.6810935504748283e-31
6,478,2.830214821778253e-31
6,479,2.9847677142601573e-31
6,480,3.149172547574952e-31
6,481,3.317785804455147e-31
6,482,3.4893936775234994e-31
6,483,3.6638874299747523e-31
6,484,3.851390526111482e-31
6,485,4.047000850603961e-31
6,486,4.254056141997445e-31
6,487,4.466284443309785e-31
6,488,4.688909870025398e-31
6,489,4.910431942852082e-31
6,490,5.140639789612549e-31
6,491,5.372950272886991e-31
6,492,5.619076809584411e-31
6,493,5.866430537201761e-31
6,494,6.130796602887453e-31
6,495,6.396685857159634e-31
6,496,6.676917303767186e-31
6,497,6.954542364917724e-31
6,498,7.245696144155215e-31
6,499,7.545833528027482e-31
6,500,7.863823553533309e-31
6,501,8.180150937510934e-31
6,502,8.492859594806775e-31
6,503,8.818303738043383e-31
6,504,9.152195270389264e-31
6,505,9.493242200256546e-31
6,506,9.83132080670454e-31
6,507,1.0192223625119494e-30
6,508,1.0548406471209239e-30
6,509,1.0919448613979277e-30
6,510,1.1291438961136784e-30
6,511,1.1686812781619004e-30
6,512,1.2069050540351287e-30
6,513,1.2475718567400975e-30
6,514,1.2885721727681634e-30
6,515,1.3310415091246538e-30
6,516,1.372902721527307e-30
6,517,1.4162756339015558e-30
6,518,1.4598465594492746e-30
6,519,1.5035255283984921e-30
6,520,1.5481488831475714e-30
6,521,1.5929403729667814e-30
6,522,1.639354734784615e-30
6,523,1.686018226529294e-30
6,524,1.7347376774125246e-30
6,525,1.781637934845839e-30
6,526,1.8303048100440458e-30
6,527,1.878119555471239e-30
6,528,1.92943030241374e-30
6,529,1.9791419370852363e-30
6,530,2.0316983044835006e-30
6,531,2.0819829499814322e-30
6,532,2.1354223231282636e-30
6,533,2.187715533568598e-30
6,534,2.2428061708856456e-30
6,535,2.2963953670688682e-30
6,536,2.3508635832024286e-30
6,537,2.40530986575113e-30
6,538,2.4603084722473963e-30
6,539,2.5166925914631554e-30
6,540,2.5730326374850128e-30
6,541,2.6318824042522688e-30
6,542,2.6885388005180042e-30
6,543,2.7463466378675198e-30
6,544,2.802069870408299e-30
6,545,2.863206423616966e-30
6,546,2.924079769945006e-30
6,547,2.9865518759373973e-30
6,548,3.0437922793224834e-30
6,549,3.1043966218855837e-30
6,550,3.165454061547266e-30
6,551,3.229720747744733e-30
6,552,3.290063853893957e-30
6,553,3.351733788679845e-30
6,554,3.4142668810219604e-30
6,555,3.47889961820648e-30
6,556,3.542043295977299e-30
6,557,3.605177282220457e-30
6,558,3.66962941495603e-30
6,559,3.734358991641139e-30
6,560,3.799295647349817e-30
6,561,3.863619533444966e-30
6,562,3.9299031791221226e-30
6,563,3.9945307978438675e-30
6,564,4.060542727810728e-30
6,565,4.1241200784881926e-30
6,566,4.1907559584590335e-30
6,567,4.252880306134271e-30
6,568,4.320601449309656e-30
6,569,4.384478738273703e-30
6,570,4.4555441408111134e-30
6,571,4.515086309232939e-30
6,572,4.583960877500281e-30
6,573,4.6479087545270186e-30
6,574,4.724502047376042e-30
6,575,4.792327387016998e-30
6,576,4.858801455013482e-30
6,577,4.925303895892866e-30
6,578,4.990094429867492e-30
6,579,5.0626123206269454e-30
6,580,5.1285181741556895e-30
6,581,5.201555544903982e-30
6,582,5.27028619529777e-30
6,583,5.338529208369876e-30
6,584,5.407270720761919e-30
6,585,5.472708030162044e-30
6,586,5.5452951327491375e-30
6,587,5.613812967560161e-30
6,588,5.68773942817809e-30
6,589,5.759384909717162e-30
6,590,5.828421073494549e-30
6,591,5.897346772883828e-30
6,592,5.962293059494722e-30
6,593,6.034218394952058e-30
6,594,6.103260175746206e-30
6,595,6.1727877148396324e-30
6,596,6.2376904365188196e-30
6,597,6.302146913607449e-30
6,598,6.374646553388887e-30
6,599,6.449152239142632e-30
6,600,6.523740413618606e-30
6,601,6.587590233118614e-30
6,602,6.65381850150248e-30
6,603,6.724933534423634e-30
6,604,6.79738308514061e-30
6,605,6.864493676574882e-30
6,606,6.924824617349998e-30
6,607,6.987900969853285e-30
6,608,7.048298963771411e-30
6,609,7.118796850408388e-30
6,610,7.195813606099522e-30
6,611,7.262748574505255e-30
6,612,7.328952084929271e-30
6,613,7.407652067360528e-30
6,614,7.474859019843005e-30
6,615,7.534692700614002e-30
6,616,7.617002341303142e-30
6,617,7.685445907894699e-30
6,618,7.742872096227774e-30
6,619,7.821778377095712e-30
6,620,7.89834486305621e-30
6,621,7.957280327005011e-30
6,622,8.0338194966283e-30
6,623,8.105637869428866e-30
6,624,8.170719026026643e-30
6,625,8.246980707361467e-30
6,626,8.315800709612323e-30
6,627,8.380430567611498e-30
6,628,8.454166173690041e-30
6,629,8.520504466888591e-30
6,630,8.584892187449011e-30
6,631,8.65503967639412e-30
6,632,8.71714025571716e-30
6,633,8.783715302756261e-30
6,634,8.853925667784528e-30
6,635,8.921062161556646e-30
6,636,8.982417565011424e-30
6,637,9.041392458166943e-30
6,638,9.100280573418205e-30
6,639,9.181625891984577e-30
6,640,9.243825797724834e-30
6,641,9.296581187146855e-30
6,642,9.353832374203846e-30
6,643,9.435948103505864e-30
6,644,9.484914039585192e-30
6,645,9.557330326692692e-30
6,646,9.613169877135287e-30
6,647,9.688308389071472e-30
6,648,9.752939387214949e-30
6,649,9.836769038362396e-30
6,650,9.897724045579983e-30
6,651,9.945634545217884e-30
6,652,1.00230966177177e-29
6,653,1.0087340319373899e-29
6,654,1.0164603378797525e-29
6,655,1.0230841684076985e-29
6,656,1.02907391562259e-29
6,657,1.036080912788621e-29
6,658,1.0423583043552711e-29
6,659,1.0495876044328467e-29
6,660,1.055896926969022e-29
6,661,1.0626970349571656e-29
6,662,1.0691354887011607e-29
6,663,1.0745665698969637e-29
6,664,1.0813237232107924e-29
6,665,1.0869629749588096e-29
6,666,1.0929444562536947e-29
6,667,1.0990449637815264e-29
6,668,1.1050689170000424e-29
6,669,1.1121359825339912e-29
6,670,1.1175885668353188e-29
6,671,1.1227006196344332e-29
6,672,1.1284221039429979e-29
6,673,1.1356482456276954e-29
6,674,1.1427915801091837e-29
6,675,1.1476582804613574e-29
6,676,1.1533606327452398e-29
6,677,1.15976371281616e-29
6,678,1.1663807237596853e-29
6,679,1.172553238768829e-29
6,680,1.1788122208509307e-29
6,681,1.1859104506907645e-29
6,682,1.1916341190803849e-29
6,683,1.197499744340545e-29
6,684,1.2037977212374455e-29
6,685,1.210140402484266e-29
6,686,1.2161466326990123e-29
6,687,1.2220626123585198e-29
6,688,1.2286613410042359e-29
6,689,1.2341825699885007e-29
6,690,1.2396878233669911e-29
6,691,1.245372182438359e-29
6,692,1.2510999697130543e-29
6,693,1.2566963640541989e-29
6,694,1.2625909853855768e-29
6,695,1.2693855727980213e-29
6,696,1.2753934114579225e-29
6,697,1.2809614530255217e-29
6,698,1.2861593884920294e-29
6,699,1.2919681269429166e-29
6,700,1.2980679461332186e-29
6,701,1.3041029492603758e-29
6,702,1.3097226331960572e-29
6,703,1.314991433358252e-29
6,704,1.3208742631680005e-29
6,705,1.326866015570528e-29
6,706,1.332785747288649e-29
6,707,1.3380307131929238e-29
6,708,1.343640663323525e-29
6,709,1.3493192192078012e-29
6,710,1.3550777865190314e-29
6,711,1.36035301176594e-29
6,712,1.3657177861912594e-29
6,713,1.3710924885508813e-29
6,714,1.3764439308954747e-29
6,715,1.3814493579488773e-29
6,716,1.386326648849066e-29
6,717,1.391399432629704e-29
6,718,1.3968860276646334e-29
6,719,1.4026311824497968e-29
6,720,1.4080922567521575e-29
6,721,1.4133562073967792e-29
6,722,1.4186590832726442e-29
6,723,1.4240829873153772e-29
6,724,1.429198992615906e-29
6,725,1.4345503347700067e-29
6,726,1.440036708275427e-29
6,727,1.4457052986131358e-29
6,728,1.450582628551904e-29
6,729,1.4557208221275416e-29
6,730,1.460850257701505e-29
6,731,1.4667317190228373e-29
6,732,1.4709935203717778e-29
6,733,1.47575680977202e-29
6,734,1.4787934847697283e-29
6,735,1.483979010569158e-29
6,736,1.4857963421286831e-29
6,737,1.4912386255083083e-29
6,738,1.4927228695372732e-29
6,739,1.5007323161049742e-29
6,740,1.5054308017548572e-29
6,741,1.5128041147515506e-29
6,742,1.5167013630976514e-29
6,743,1.518332493766978e-29
6,744,1.524791033506985e-29
6,745,1.5292316846870712e-29
6,746,1.5354828844564655e-29
6,747,1.5400600355968972e-29
6,748,1.5443729134533968e-29
6,749,1.5529494641524168e-29
6,750,1.557446650085183e-29
6,751,1.5603275950861267e-29
6,752,1.5632587573780294e-29
6,753,1.568387235082045e-29
6,754,1.578510658376882e-29
6,755,1.5826348715919457e-29
6,756,1.5838435639800957e-29
6,757,1.5901694246492807e-29
6,758,1.596935049368048e-29
6,759,1.601330610888517e-29
6,760,1.60441195104724e-29
6,761,1.6097626222915464e-29
6,762,1.6157696421305167e-29
6,763,1.6187403217749376e-29
6,764,1.6238945283379182e-29
6,765,1.628554531716242e-29
6,766,1.6322366947360946e-29
6,767,1.6382851671447815e-29
6,768,1.6422758799508406e-29
6,769,1.6448727673959596e-29
6,770,1.6489287598786757e-29
6,771,1.6534705763989213e-29
6,772,1.6599993507029964e-29
6,773,1.6656914978815567e-29
6,774,1.669194126974144e-29
6,775,1.6725615786550856e-29
6,776,1.677544633771919e-29
6,777,1.6835289614755313e-29
6,778,1.686847761871124e-29
6,779,1.6903007532758738e-29
6,780,1.696315927602147e-29
6,781,1.701660715237148e-29
6,782,1.7057015943226294e-29
6,783,1.708782519378678e-29
6,784,1.7124603175856072e-29
6,785,1.7166695242666758e-29
6,786,1.7190613793708472e-29
6,787,1.7222877599114525e-29
6,788,1.7271816902831906e-29
6,789,1.732867921034392e-29
6,790,1.7370338117275982e-29
6,791,1.7399558031631618e-29
6,792,1.74389383347082e-29
6,793,1.7489918364420028e-29
6,794,1.7545317905185608e-29
6,795,1.7593484441040922e-29
6,796,1.762453189473453e-29
6,797,1.7661735106176382e-29
6,798,1.771019923989679e-29
6,799,1.7763452486981705e-29
6,800,1.780421966991636e-29
7,1,3.3289207616650256e-139
7,2,4.231055431532585e-130
7,3,2.3192213766131237e-121
7,4,7.955670902554205e-117
7,5,1.447254831609555e-112
7,6,2.9328366620827963e-109
7,7,6.162708341016221e-107
7,8,5.316946844342612e-105
7,9,2.0785958526158382e-103
7,10,3.3829417469344283e-102
7,11,3.0724227698779995e-101
7,12,2.328673354028956e-100
7,13,1.7453206299958476e-99
7,14,1.0316778488791363e-98
7,15,4.34423220184364e-98
7,16,1.615971756300447e-97
7,17,5.770356349588981e-97
7,18,1.8789481991482846e-96
7,19,5.87149877518557e-96
7,20,1.8141835197564723e-95
7,21,5.822767242360854e-95
7,22,1.9318597289615416e-94
7,23,6.898608228385785e-94
7,24,2.6802935311033746e-93
7,25,1.0810221860277112e-92
7,26,4.48546984969014e-92
7,27,1.9894600460702144e-91
7,28,9.213963790934803e-91
7,29,4.132249967936924e-90
7,30,1.8301790558648606e-89
7,31,7.68315081567457e-89
7,32,3.123314085222966e-88
7,33,1.2373137201655035e-87
7,34,4.703906659090502e-87
7,35,1.7515623726014843e-86
7,36,6.1573336099020156e-86
7,37,2.1181786675549005e-85
7,38,6.945877940937107e-85
7,39,2.2576531925444866e-84
7,40,7.574493561601379e-84
7,41,2.521763464829268e-83
7,42,8.439418841514503e-83
7,43,2.809395509270226e-82
7,44,9.192412987541799e-82
7,45,3.023316030137485e-81
7,46,1.0028534459722034e-80
7,47,3.1295316110502536e-80
7,48,9.295190122600107e-80
7,49,2.6517666545892893e-79
7,50,7.35072595721267e-79
7,51,2.0184084396252552e-78
7,52,5.351675124091736e-78
7,53,1.372117548449904e-77
7,54,4.192750244249063e-77
7,55,1.07639679923413e-76
7,56,3.111428831038349e-76
7,57,7.113475092195432e-76
7,58,1.9752104231442683e-75
7,59,4.186341738552853e-75
7,60,9.642701003508475e-75
7,61,2.1322686511303045e-74
7,62,4.5773085434965064e-74
7,63,9.450722629693832e-74
7,64,2.0787839264829227e-73
7,65,3.980043131680893e-73
7,66,8.12247195125349e-73
7,67,1.6414357428439e-72
7,68,2.719160558560794e-72
7,69,5.112061299622004e-72
7,70,8.622325196564395e-72
7,71,1.290878985241263e-71
7,72,1.672386720998551e-71
7,73,3.1885168766719474e-71
7,74,5.486801955838509e-71
7,75,8.161979048556479e-71
7,76,1.1107688794780952e-70
7,77,1.895132836788285e-70
7,78,2.4419731537141383e-70
7,79,3.288422021043687e-70
7,80,3.965824599651254e-70
7,81,6.048861654855396e-70
7,82,8.631371957159696e-70
7,83,1.1868997977671353e-69
7,84,1.622950513642716e-69
7,85,2.1573067542666826e-69
7,86,2.9796447096034524e-69
7,87,3.787258901614504e-69
7,88,4.910939901317366e-69
7,89,6.028609298534109e-69
7,90,7.603124614934185e-69
7,91,9.289167279949193e-69
7,92,1.094800330120859e-68
7,93,1.4881597555620235e-68
7,94,1.8349707251945885e-68
7,95,2.2672898852555077e-68
7,96,2.6933856761320954e-68
7,97,3.1604779351009616e-68
7,98,3.597128374974882e-68
7,99,4.1679153142983205e-68
7,100,5.41667131081097e-68
7,101,6.664032331968552e-68
7,102,7.66723063057156e-68
7,103,9.937688270504824e-68
7,104,1.1559059328330245e-67
7,105,1.3775108101179737e-67
7,106,1.6575459021510336e-67
7,107,1.9666739287470026e-67
7,108,2.3631713531679054e-67
7,109,3.0026771320262853e-67
7,110,3.401114907479346e-67
7,111,4.310015614353698e-67
7,112,4.350453179200163e-75
7,113,5.43356272835629e-67
7,114,4.9973931416222865e-67
7,115,5.294161111188387e-67
7,116,5.0518196803148354e-67
7,117,5.601622389502359e-67
7,118,6.893676293394445e-67
7,119,8.205281586124141e-67
7,120,9.997043469167705e-67
7,121,1.3224019466410117e-66
7,122,1.7424810176455178e-66
7,123,1.9304649768602262e-66
7,124,2.0330364147285613e-66
7,125,1.4286799821416522e-66
7,126,1.2482515027016335e-66
7,127,2.0261403771281289e-66
7,128,2.917929296256129e-66
7,129,4.357424340185816e-66
7,130,6.425080701286763e-66
7,131,9.8932705582671e-66
7,132,1.542865504107574e-65
7,133,1.965679594300904e-65
7,134,1.9336349110903322e-65
7,135,1.925618365160998e-65
7,136,2.3336461860654787e-65
7,137,3.111864711195223e-65
7,138,1.935693874237431e-65
7,139,6.638276287544667e-66
7,140,1.0095316724606881e-65
7,141,1.3726111187048048e-65
7,142,2.454182906704864e-68
7,143,2.4979158467071087e-65
7,144,5.331403780663536e-72
7,145,3.373916632539838e-67
7,146,1.0754992831931278e-78
7,147,1.754161040732201e-74
7,148,8.339044107645549e-70
7,149,3.3342527933203757e-69
7,150,5.547086739800756e-71
7,151,2.7836810085676233e-69
7,152,2.011975786180366e-70
7,153,2.885689948387383e-69
7,154,3.209960767626524e-68
7,155,1.1063688523364277e-68
7,156,1.527214576254914e-68
7,157,3.9882700264302227e-69
7,158,6.987466820509498e-69
7,159,6.667009648945278e-68
7,160,8.50812588422254e-81
7,161,2.294665426813312e-72
7,162,5.3062193700968144e-73
7,163,1.066985123068349e-78
7,164,6.123505739844995e-71
7,165,1.0435766803426822e-69
7,166,2.8578731973657753e-70
7,167,4.4370094860599065e-69
7,168,5.802462454770024e-69
7,169,1.6930855295177218e-69
7,170,6.962463863142525e-69
7,171,1.0626823914417828e-68
7,172,1.9273740703235884e-68
7,173,4.749934102573082e-68
7,174,6.140973916261127e-70
7,175,1.5161064775415845e-67
7,176,2.1956855865127406e-67
7,177,3.415415582072722e-67
7,178,2.96723624017751e-67
7,179,2.0094473447878744e-67
7,180,1.836529686325409e-66
7,181,1.6026061685120643e-66
7,182,9.546541783680395e-67
7,183,1.7415574566351327e-67
7,184,5.924520599762994e-66
7,185,5.4643470807100606e-70
7,186,1.459406769420666e-67
7,187,8.863781780027636e-67
7,188,6.0219713763946135e-68
7,189,4.337018584741443e-68
7,190,7.587552784160436e-70
7,191,1.9340149552442093e-69
7,192,2.69436945942914e-68
7,193,6.495802492255751e-67
7,194,1.290274016200772e-66
7,195,2.455565398833319e-66
7,196,2.396419184740515e-66
7,197,2.738411352325012e-66
7,198,5.944946414921126e-66
7,199,9.96883833966715e-66
7,200,1.6499220620662909e-65
7,201,3.2172087515574754e-65
7,202,6.816789700129401e-65
7,203,1.1981667264809578e-64
7,204,1.977832634134631e-64
7,205,3.23574190070786e-64
7,206,5.4556371421649246e-64
7,207,8.798439139006903e-64
7,208,1.6351434862016505e-63
7,209,2.664163809130356e-63
7,210,4.6595400460612463e-63
7,211,6.860050098278327e-63
7,212,1.3154378957110182e-62
7,213,2.1795169723099643e-62
7,214,3.8879982520713328e-62
7,215,6.350825614943722e-62
7,216,1.0752657731850152e-61
7,217,1.8095287281803983e-61
7,218,2.9141350210540812e-61
7,219,5.05027948618354e-61
7,220,8.403420254622322e-61
7,221,1.5650455522469233e-60
7,222,2.684092037457558e-60
7,223,4.855147045164356e-60
7,224,8.436153426911453e-60
7,225,1.5250253369475197e-59
7,226,2.5951927531866756e-59
7,227,4.60347589854914e-59
7,228,7.7427341721568365e-59
7,229,1.3751621886202758e-58
7,230,2.364647574904029e-58
7,231,4.188859918808715e-58
7,232,7.554415113613049e-58
7,233,1.2892848297538227e-57
7,234,2.206820610437001e-57
7,235,3.789123477724478e-57
7,236,7.698112520787115e-57
7,237,1.759166051488574e-56
7,238,1.8595548721493561e-56
7,239,3.648442378327268e-56
7,240,8.993819537053501e-56
7,241,7.784431356098911e-56
7,242,1.928541261366906e-57
7,243,3.658845839919737e-57
7,244,2.0106305908339247e-59
7,245,4.1504339442077235e-58
7,246,2.1505033282493758e-57
7,247,1.3092333698485472e-56
7,248,4.687665946680852e-56
7,249,2.9366626227950936e-55
7,250,1.2604273521910357e-54
7,251,3.5956634345547226e-54
7,252,9.627845148343036e-54
7,253,1.2358319383082393e-53
7,254,5.322833907499874e-53
7,255,4.5993667701718917e-54
7,256,1.3570957037072038e-53
7,257,4.545473463553599e-53
7,258,1.5020502116606174e-52
7,259,5.643804156195706e-52
7,260,1.6078564183793366e-51
7,261,3.049757473751456e-51
7,262,6.056417313635273e-51
7,263,9.552448730912213e-51
7,264,2.43855947018586e-50
7,265,4.699979982439533e-50
7,266,8.280405400695956e-50
7,267,1.520270118470206e-49
7,268,2.865939998794908e-49
7,269,5.633245750993551e-49
7,270,1.11723746553884e-48
7,271,2.046805307355903e-48
7,272,3.939495509668239e-48
7,273,7.660603255413807e-48
7,274,1.359861737013235e-47
7,275,2.3595421673725e-47
7,276,4.06170405686591e-47
7,277,7.112569849350169e-47
7,278,1.2617916599640669e-46
7,279,2.2079621043485404e-46
7,280,3.788048761436858e-46
7,281,6.430457535853363e-46
7,282,1.0617222882557884e-45
7,283,1.6892894457371363e-45
7,284,2.5960750854679048e-45
7,285,3.9450827025338644e-45
7,286,6.029547014892494e-45
7,287,9.192334546607495e-45
7,288,1.4030826930822473e-44
7,289,2.1184957377481397e-44
7,290,2.903194109671633e-44
7,291,3.110679710006898e-44
7,292,1.5112802493925248e-44
7,293,1.3511569944091163e-44
7,294,1.672122120884857e-44
7,295,2.604258291095987e-44
7,296,4.54674209386585e-44
7,297,7.866756219272021e-44
7,298,1.248612560960476e-43
7,299,1.8255360034587766e-43
7,300,2.5789398948529637e-43
7,301,3.505025714471375e-43
7,302,4.770551608315382e-43
7,303,6.42997868603824e-43
7,304,8.683579284759986e-43
7,305,1.1505821048339452e-42
7,306,1.5333507573694675e-42
7,307,2.0722698787062238e-42
7,308,2.8662352697953394e-42
7,309,3.927526271101465e-42
7,310,5.2409197534306844e-42
7,311,6.899836011743985e-42
7,312,8.857226046873244e-42
7,313,1.1164589666745356e-41
7,314,1.4183025361842245e-41
7,315,1.8104968493851403e-41
7,316,2.3745715011537834e-41
7,317,3.0517260099391213e-41
7,318,3.799939039560711e-41
7,319,4.713220879449107e-41
7,320,5.995949099173709e-41
7,321,7.587039247007308e-41
7,322,9.423828956151064e-41
7,323,1.1627806248275313e-40
7,324,1.4260567354871229e-40
7,325,1.7345623863534171e-40
7,326,2.0548795202317315e-40
7,327,2.3938372763388926e-40
7,328,2.8012854470399213e-40
7,329,3.296175483140234e-40
7,330,3.9032324910951e-40
7,331,4.6032212764189265e-40
7,332,5.414399659964734e-40
7,333,6.4390265016386825e-40
7,334,7.601365620159084e-40
7,335,8.972770820096592e-40
7,336,1.0541193029152614e-39
7,337,1.230502037861689e-39
7,338,1.4510225705831992e-39
7,339,1.705702935931862e-39
7,340,2.004739553415321e-39
7,341,2.3481137002163768e-39
7,342,2.737602887730255e-39
7,343,3.210479290587905e-39
7,344,3.7526856190267525e-39
7,345,4.4068898649582374e-39
7,346,5.154949533569891e-39
7,347,6.006475857425601e-39
7,348,7.008274867249071e-39
7,349,8.146093517843692e-39
7,350,9.513883482899742e-39
7,351,1.1088355662826206e-38
7,352,1.2950229279848058e-38
7,353,1.5091774080053874e-38
7,354,1.7538721247742464e-38
7,355,2.043437871696268e-38
7,356,2.3714313009628977e-38
7,357,2.763886627807958e-38
7,358,3.2091997732082316e-38
7,359,3.729041040287742e-38
7,360,4.318292220443892e-38
7,361,4.991101026244384e-38
7,362,5.762390772992853e-38
7,363,6.625819980276721e-38
7,364,7.638915858416628e-38
7,365,8.790974611530766e-38
7,366,1.0130170319131763e-37
7,367,1.1614308090647359e-37
7,368,1.3299685827162536e-37
7,369,1.522017364476535e-37
7,370,1.7394934843118916e-37
7,371,1.9867951521877978e-37
7,372,2.261821526076852e-37
7,373,2.5759875606168273e-37
7,374,2.921874733156019e-37
7,375,3.317550210064626e-37
7,376,3.7606198852731146e-37
7,377,4.261429758641014e-37
7,378,4.814275598875764e-37
7,379,5.4347139657212e-37
7,380,6.12894456819556e-37
7,381,6.8927591915482065e-37
7,382,7.750214666610103e-37
7,383,8.70325984869748e-37
7,384,9.774387809089587e-37
7,385,1.0923893881452236e-36
7,386,1.2142488200839212e-36
7,387,1.3454649714810072e-36
7,388,1.4243166342514744e-36
7,389,1.6123149519816903e-36
7,390,1.7351238769689492e-36
7,391,1.7617487915132116e-36
7,392,1.7838979148199176e-36
7,393,1.910777521400622e-36
7,394,2.1460032591614543e-36
7,395,2.454680021502033e-36
7,396,2.7881746028996896e-36
7,397,3.116623096038961e-36
7,398,3.4553878020560056e-36
7,399,3.835466166614295e-36
7,400,4.2687069963649906e-36
7,401,4.7524411982718964e-36
7,402,5.2744428262887486e-36
7,403,5.864023912081474e-36
7,404,6.531103789435372e-36
7,405,7.277952232239154e-36
7,406,8.029159441672097e-36
7,407,8.786420427514664e-36
7,408,9.52512707732003e-36
7,409,1.0357433423807847e-35
7,410,1.1233947498147733e-35
7,411,1.2256266197872235e-35
7,412,1.3218618533847204e-35
7,413,1.428317583345754e-35
7,414,1.5190761465844718e-35
7,415,1.6321323021116794e-35
7,416,1.7301690540957582e-35
7,417,1.86514037261422e-35
7,418,1.9811004164847157e-35
7,419,2.142226225103387e-35
7,420,2.2851184800120762e-35
7,421,2.457365517582506e-35
7,422,2.616435879431456e-35
7,423,2.76746729380135e-35
7,424,2.94329558076727e-35
7,425,3.100261411071389e-35
7,426,3.3109548427211394e-35
7,427,3.502113909134541e-35
7,428,3.7234577047859016e-35
7,429,3.939348044150897e-35
7,430,4.1526314676356414e-35
7,431,4.408346016605077e-35
7,432,4.6496197585341647e-35
7,433,4.950029137892141e-35
7,434,5.224696886977485e-35
7,435,5.524662731251388e-35
7,436,5.817569565378523e-35
7,437,6.101260806443373e-35
7,438,6.421998846228676e-35
7,439,6.714342935411475e-35
7,440,7.057760092068819e-35
7,441,7.367221768230226e-35
7,442,7.705179701255542e-35
7,443,8.032861792675815e-35
7,444,8.354587616670287e-35
7,445,8.706008644625373e-35
7,446,9.029785585201464e-35
7,447,9.406554143760102e-35
7,448,9.75634803458486e-35
7,449,1.0149322892166608e-34
7,450,1.0531275709653284e-34
7,451,1.0919460017630034e-34
7,452,1.1321267297932988e-34
7,453,1.1696315950243635e-34
7,454,1.2107315416908607e-34
7,455,1.2480319644287341e-34
7,456,1.2890403360162313e-34
7,457,1.3272784312824875e-34
7,458,1.3674727353816228e-34
7,459,1.4077853880980423e-34
7,460,1.4479821406841016e-34
7,461,1.4912619297381284e-34
7,462,1.53254698051023e-34
7,463,1.5778732606105798e-34
7,464,1.6203060773798945e-34
7,465,1.6660170132642127e-34
7,466,1.7101587751055315e-34
7,467,1.7564323591473247e-34
7,468,1.8028835611211265e-34
7,469,1.8460500671252858e-34
7,470,1.8926415643692716e-34
7,471,1.9346783993741504e-34
7,472,1.981929500311943e-34
7,473,2.0275853448621615e-34
7,474,2.075099943573233e-34
7,475,2.120007527154372e-34
7,476,2.1655006122171377e-34
7,477,2.211695932321517e-34
7,478,2.259032482883356e-34
7,479,2.306281251971061e-34
7,480,2.3494231466145573e-34
7,481,2.3931618073319725e-34
7,482,2.435446133103078e-34
7,483,2.482769469414354e-34
7,484,2.5303088379434353e-34
7,485,2.5800806817772004e-34
7,486,2.6269829444951837e-34
7,487,2.6738762844158195e-34
7,488,2.721132718351073e-34
7,489,2.7704169260648566e-34
7,490,2.8209204267635644e-34
7,491,2.8690350799423026e-34
7,492,2.9164307459746534e-34
7,493,2.9629291156676686e-34
7,494,3.0133124392625196e-34
7,495,3.062239499978373e-34
7,496,3.110571399688932e-34
7,497,3.1568220672856696e-34
7,498,3.2076436712062648e-34
7,499,3.2585990924021264e-34
7,500,3.3077644931035453e-34
7,501,3.3536957667249006e-34
7,502,3.403128070682951e-34
7,503,3.4562008734369967e-34
7,504,3.508686717507884e-34
7,505,3.5567660975334064e-34
7,506,3.604208496039283e-34
7,507,3.655706810146744e-34
7,508,3.708975354708024e-34
7,509,3.7601547015067366e-34
7,510,3.808019709101404e-34
7,511,3.857198927630525e-34
7,512,3.906698845616166e-34
7,513,3.956166371191946e-34
7,514,4.00418325960546e-34
7,515,4.0566197460179215e-34
7,516,4.111207515952084e-34
7,517,4.164206043683989e-34
7,518,4.210703984246985e-34
7,519,4.259444445770228e-34
7,520,4.311692683647391e-34
7,521,4.368025295206667e-34
7,522,4.419810108625288e-34
7,523,4.473766744009372e-34
7,524,4.527348064528894e-34
7,525,4.583956075886521e-34
7,526,4.633169545151399e-34
7,527,4.687441212119813e-34
7,528,4.74041430795577e-34
7,529,4.800937535183663e-34
7,530,4.849563447524017e-34
7,531,4.9066850566944035e-34
7,532,4.954070039500318e-34
7,533,5.017574346980398e-34
7,534,5.060357641336532e-34
7,535,5.124406181511109e-34
7,536,5.1580928113746415e-34
7,537,5.225062425241593e-34
7,538,5.241608611364995e-34
7,539,5.307460184857934e-34
7,540,5.297441658026393e-34
7,541,5.3614636433064835e-34
7,542,5.327429100235812e-34
7,543,5.396090717440395e-34
7,544,5.375298451554868e-34
7,545,5.485576193439564e-34
7,546,5.547338820057938e-34
7,547,5.6784254656213515e-34
7,548,5.752379020895536e-34
7,549,5.777838743579752e-34
7,550,5.835876970555011e-34
7,551,5.8415724610482555e-34
7,552,5.960232552077135e-34
7,553,6.036194201021635e-34
7,554,6.157590587666465e-34
7,555,6.220688550187871e-34
7,556,6.2416449869054715e-34
7,557,6.304470301654721e-34
7,558,6.334907634783604e-34
7,559,6.441768103930682e-34
7,560,6.492050139721728e-34
7,561,6.5648643920971535e-34
7,562,6.623054450987009e-34
7,563,6.666758577006995e-34
7,564,6.752014161836952e-34
7,565,6.7971774412469725e-34
7,566,6.8946172975362615e-34
7,567,6.949073984636936e-34
7,568,7.022443145360217e-34
7,569,7.087283374019839e-34
7,570,7.13967331487652e-34
7,571,7.222587812886093e-34
7,572,7.268539935193176e-34
7,573,7.353785095320126e-34
7,574,7.407138344782602e-34
7,575,7.48378153273826e-34
7,576,7.548954762232754e-34
7,577,7.604501076929448e-34
7,578,7.674994345470566e-34
7,579,7.721339588516584e-34
7,580,7.799778698892323e-34
7,581,7.850403766387491e-34
7,582,7.923705466181062e-34
7,583,7.981096739823858e-34
7,584,8.044838918219458e-34
7,585,8.11245286459991e-34
7,586,8.167832020814124e-34
7,587,8.240637887570503e-34
7,588,8.292644280246179e-34
7,589,8.367711341855103e-34
7,590,8.425165904843058e-34
7,591,8.499691950247827e-34
7,592,8.565381694568478e-34
7,593,8.634321546395141e-34
7,594,8.703743967278874e-34
7,595,8.764667518011082e-34
7,596,8.838431130969202e-34
7,597,8.899785755515861e-34
7,598,8.977527141230758e-34
7,599,9.037392417493996e-34
7,600,9.1090845048802e-34
7,601,9.165986161313662e-34
7,602,9.231975664419348e-34
7,603,9.288894083544657e-34
7,604,9.347736213093902e-34
7,605,9.406470669560965e-34
7,606,9.472164468149821e-34
7,607,9.549113946826365e-34
7,608,9.617976989163823e-34
7,609,9.688190116061767e-34
7,610,9.747749502420267e-34
7,611,9.820700768486296e-34
7,612,9.881982149602028e-34
7,613,9.957127449209214e-34
7,614,1.0023431672498617e-33
7,615,1.01029002638417e-33
7,616,1.0157394457123459e-33
7,617,1.0223118769342952e-33
7,618,1.0272794306722607e-33
7,619,1.0346649048307105e-33
7,620,1.0399722827278461e-33
7,621,1.0477635065846315e-33
7,622,1.050951045081523e-33
7,623,1.0580618930931772e-33
7,624,1.0625339840629468e-33
7,625,1.072977075225961e-33
7,626,1.0737090592529347e-33
7,627,1.0818972101416863e-33
7,628,1.0807535533537483e-33
7,629,1.0919413572204842e-33
7,630,1.085692770829989e-33
7,631,1.0964083174933004e-33
7,632,1.0889771278155153e-33
7,633,1.1047148161405186e-33
7,634,1.1044493720148402e-33
7,635,1.1238029950524668e-33
7,636,1.128885686451655e-33
7,637,1.1390935571969216e-33
7,638,1.1466996819439183e-33
7,639,1.1471426130437926e-33
7,640,1.1576985770081964e-33
7,641,1.1592033864210052e-33
7,642,1.1751851133529316e-33
7,643,1.181432231234236e-33
7,644,1.1936194791670564e-33
7,645,1.2027854025341337e-33
7,646,1.2059140046612488e-33
7,647,1.2127914968822715e-33
7,648,1.211869957318595e-33
7,649,1.2226903748279487e-33
7,650,1.2269298883963596e-33
7,651,1.2386953367607553e-33
7,652,1.2467164199669406e-33
7,653,1.256269457761819e-33
7,654,1.2640604950136877e-33
7,655,1.2679680447329054e-33
7,656,1.2774950318804865e-33
7,657,1.2812071410111536e-33
7,658,1.2914853457251387e-33
7,659,1.2964693394811482e-33
7,660,1.3092194919952955e-33
7,661,1.314447118833419e-33
7,662,1.322175205497787e-33
7,663,1.3284989646971992e-33
7,664,1.3357359685341367e-33
7,665,1.3421964442920547e-33
7,666,1.3469248979092467e-33
7,667,1.3553041449557267e-33
7,668,1.360302078193065e-33
7,669,1.3684274080904303e-33
7,670,1.3747111370359473e-33
7,671,1.3831561660881177e-33
7,672,1.3886360897069801e-33
7,673,1.394820147148712e-33
7,674,1.40028648424878e-33
7,675,1.4060537367841928e-33
7,676,1.4129362238701283e-33
7,677,1.4195761571205786e-33
7,678,1.4272648875429861e-33
7,679,1.4329664660960708e-33
7,680,1.4413602190194006e-33
7,681,1.4460100309315506e-33
7,682,1.4546311236629409e-33
7,683,1.4577882655916224e-33
7,684,1.4671184806631251e-33
7,685,1.46758070673849e-33
7,686,1.4759674051686029e-33
7,687,1.4724674431210468e-33
7,688,1.4797981598721671e-33
7,689,1.472662152204782e-33
7,690,1.4816768996943826e-33
7,691,1.4767265080339689e-33
7,692,1.4929336821721353e-33
7,693,1.4950377806114388e-33
7,694,1.5136190016611017e-33
7,695,1.5198462171059807e-33
7,696,1.5291496821229619e-33
7,697,1.536869081519201e-33
7,698,1.5374217390219905e-33
7,699,1.5500048110689615e-33
7,700,1.552775002883856e-33
7,701,1.5674175776132107e-33
7,702,1.5733529515460084e-33
7,703,1.581512442303227e-33
7,704,1.588054299575978e-33
7,705,1.590237501632452e-33
7,706,1.597836806314757e-33
7,707,1.5998939629162054e-33
7,708,1.6099535977305263e-33
7,709,1.6141570559258393e-33
7,710,1.6252630214136987e-33
7,711,1.629484271637788e-33
7,712,1.6384109256465756e-33
7,713,1.6414028284363304e-33
7,714,1.646528946136484e-33
7,715,1.6496887404488738e-33
7,716,1.651810289567505e-33
7,717,1.655954051897494e-33
7,718,1.658569197991701e-33
7,719,1.6650480064604774e-33
7,720,1.669863237231119e-33
7,721,1.6752856845453298e-33
7,722,1.6830358404912642e-33
7,723,1.6905951788710057e-33
7,724,1.702343413967294e-33
7,725,1.709033104983038e-33
7,726,1.7200148891299118e-33
7,727,1.7261903850347275e-33
7,728,1.7348462065089427e-33
7,729,1.7356039874233905e-33
7,730,1.7387513664591277e-33
7,731,1.738301897837121e-33
7,732,1.7432520397352308e-33
7,733,1.7438496509373226e-33
7,734,1.751594132110848e-33
7,735,1.7574657201547342e-33
7,736,1.7684530725190626e-33
7,737,1.7724111668316992e-33
7,738,1.780269975594734e-33
7,739,1.786159793965797e-33
7,740,1.7957018902912666e-33
7,741,1.8003094182053088e-33
7,742,1.8059408836578093e-33
7,743,1.8109594790438512e-33
7,744,1.819342172070542e-33
7,745,1.824863768126926e-33
7,746,1.830552720222628e-33
7,747,1.8342737063329895e-33
7,748,1.8404082166960262e-33
7,749,1.8464910855235807e-33
7,750,1.853918691905629e-33
7,751,1.8597405567128954e-33
7,752,1.8644875097754674e-33
7,753,1.868949964074935e-33
7,754,1.8751233137269772e-33
7,755,1.8813089538338214e-33
7,756,1.8870592078310246e-33
7,757,1.89117030862509e-33
7,758,1.8967988312263004e-33
7,759,1.900524433378258e-33
7,760,1.9044622324239496e-33
7,761,1.904468856534653e-33
7,762,1.9064583038733215e-33
7,763,1.9002417834962787e-33
7,764,1.8944025034477195e-33
7,765,1.8737752105835184e-33
7,766,1.8611598081307023e-33
7,767,1.842544342388172e-33
7,768,1.857590550587167e-33
7,769,1.8673816303149067e-33
7,770,1.8962605542302347e-33
7,771,1.891614056046287e-33
7,772,1.8791382807421366e-33
7,773,1.871085630200052e-33
7,774,1.863062538757788e-33
7,775,1.8926636200660784e-33
7,776,1.915787643233285e-33
7,777,1.933545374342368e-33
7,778,1.9509565446139523e-33
7,779,1.9460608225866016e-33
7,780,1.9591556344609053e-33
7,781,1.966186205763252e-33
7,782,1.9707738377827976e-33
7,783,1.977929401889166e-33
7,784,1.9719407250378527e-33
7,785,1.9808965543365197e-33
7,786,1.9901269583470718e-33
7,787,2.0049256887400997e-33
7,788,2.0140239105606603e-33
7,789,2.0161398705472195e-33
7,790,2.018601224244165e-33
7,791,2.0188358952382007e-33
7,792,2.0307331465573695e-33
7,793,2.038317278795052e-33
7,794,2.0496671430511054e-33
7,795,2.0544601364056564e-33
7,796,2.055338778956873e-33
7,797,2.0631871655619506e-33
7,798,2.0667768951380942e-33
7,799,2.076801436346724e-33
7,800,2.08248676504409e-33
8,1,2.7321876444688494e-149
8,2,1.0994922244574714e-142
8,3,8.69203022731872e-135
8,4,1.88269703075629e-129
8,5,3.349407501135202e-122
8,6,4.939640002902595e-121
8,7,1.9866103686021413e-118
8,8,3.934121710539041e-116
8,9,2.5457749743605653e-114
8,10,7.607272783285843e-113
8,11,1.842934393232235e-111
8,12,2.4414142171352282e-110
8,13,3.6117238308921744e-109
8,14,2.8472817431529755e-108
8,15,2.643688940854141e-107
8,16,1.6000510858447342e-106
8,17,1.080846476379328e-105
8,18,7.30898341054358e-105
8,19,3.361490292302978e-104
8,20,1.5569875267348915e-103
8,21,5.895308300360156e-103
8,22,2.2025335832055603e-102
8,23,8.948858589141725e-102
8,24,3.720189988424175e-101
8,25,1.4388100162468024e-100
8,26,5.915026840722626e-100
8,27,2.521253323547986e-99
8,28,1.1706359322923708e-98
8,29,5.8167245812590164e-98
8,30,2.965250120284325e-97
8,31,1.489671919326879e-96
8,32,8.108065269892202e-96
8,33,4.0925527833887665e-95
8,34,2.09499573875791e-94
8,35,9.646691177016168e-94
8,36,4.637260244044484e-93
8,37,2.1770595527771753e-92
8,38,9.336202599700425e-92
8,39,3.957934102921972e-91
8,40,1.7978379976486322e-90
8,41,6.346789846892562e-90
8,42,1.910696492782809e-89
8,43,8.198059075413036e-89
8,44,4.0306011346859056e-88
8,45,1.166345316311639e-87
8,46,4.98281448896623e-87
8,47,1.950548805655694e-86
8,48,6.137413025224501e-86
8,49,2.323505804154611e-85
8,50,8.079911723448812e-85
8,51,2.853607387888369e-84
8,52,9.571429923730533e-84
8,53,3.1570818869605122e-83
8,54,9.22552587551685e-83
8,55,2.892728034225438e-82
8,56,8.155221956373808e-82
8,57,2.3555674724286766e-81
8,58,6.064359893173731e-81
8,59,1.5116379897454174e-80
8,60,4.096356056841527e-80
8,61,1.0661416358516975e-79
8,62,2.353612820251088e-79
8,63,5.075360472084694e-79
8,64,7.548135233568287e-79
8,65,2.2673126786157124e-78
8,66,4.555922085517366e-78
8,67,9.362774827187612e-78
8,68,1.748325390685222e-77
8,69,2.971480971864045e-77
8,70,5.290623843745321e-77
8,71,9.499564432789921e-77
8,72,1.500528689517851e-76
8,73,2.227220587412016e-76
8,74,4.0308089690014785e-76
8,75,6.41013590335659e-76
8,76,1.0879997459224239e-75
8,77,1.5368193274291795e-75
8,78,2.31068294646526e-75
8,79,3.3873930555205173e-75
8,80,4.0446374903680096e-75
8,81,5.166771638031829e-75
8,82,4.1438677120455436e-75
8,83,4.1912915990229405e-75
8,84,1.0727936132482522e-74
8,85,8.717169141059545e-75
8,86,1.8814818211602743e-74
8,87,2.0438855601684855e-74
8,88,3.175356663200041e-74
8,89,3.4938459634652066e-74
8,90,6.2308777681253184e-74
8,91,7.58173194375751e-74
8,92,7.940605906941225e-74
8,93,1.0862726165507785e-73
8,94,1.2449127563754717e-73
8,95,1.4881225998546385e-73
8,96,1.826799349753925e-73
8,97,2.3857096898543693e-73
8,98,3.1546242041071986e-73
8,99,3.8657981131153887e-73
8,100,5.1313709074202075e-73
8,101,6.292548794817599e-73
8,102,8.140744558376325e-73
8,103,1.0307659577174352e-72
8,104,1.2557721620162027e-72
8,105,1.5382333869752712e-72
8,106,1.8707073616783615e-72
8,107,2.466457933149472e-72
8,108,3.2448258231816766e-72
8,109,4.3028174617864087e-72
8,110,5.188318109259074e-72
8,111,6.420894230974791e-72
8,112,8.22821730543652e-72
8,113,1.0777221884361065e-71
8,114,1.3081423983159778e-71
8,115,1.64473279245033e-71
8,116,2.089640331464914e-71
8,117,3.0034448176990094e-71
8,118,3.562358937835315e-71
8,119,4.84361251098222e-71
8,120,5.776248129911381e-71
8,121,7.387562570975927e-71
8,122,9.615711059283936e-71
8,123,1.2830328700787745e-70
8,124,1.58550526192472e-70
8,125,2.0255492571074434e-70
8,126,2.486423766018026e-70
8,127,3.0495646098790755e-70
8,128,3.7593313039767205e-70
8,129,4.5354904734070307e-70
8,130,5.5692188999764025e-70
8,131,8.285416061554784e-70
8,132,1.2256234087244512e-69
8,133,1.4828884100269818e-69
8,134,1.8256581753112789e-69
8,135,2.524926104334829e-69
8,136,3.4863166385189463e-69
8,137,4.263805795098427e-69
8,138,4.768041879331224e-69
8,139,6.127361610859876e-69
8,140,9.978996459063602e-69
8,141,1.4823828238696919e-68
8,142,1.9064778664391563e-68
8,143,3.100671156506714e-68
8,144,4.358159875047193e-68
8,145,5.805007574340439e-68
8,146,8.892513762250478e-68
8,147,1.2834642254505156e-67
8,148,1.6023774615447047e-67
8,149,2.0579504366024376e-67
8,150,3.107240052283234e-67
8,151,3.355659412169138e-67
8,152,5.123431947891677e-67
8,153,4.8394024218253555e-67
8,154,5.121866457443495e-67
8,155,4.889606741586771e-68
8,156,1.861883482014622e-71
8,157,3.806716142414376e-68
8,158,9.450395337787188e-71
8,159,2.0085579604285495e-70
8,160,9.571784021448921e-70
8,161,2.758476610680016e-74
8,162,3.045801527681233e-73
8,163,1.197346094315609e-71
8,164,5.606340954057747e-72
8,165,1.9288013684011337e-71
8,166,1.470456169033704e-70
8,167,3.0689881475149505e-70
8,168,4.446355848201918e-70
8,169,1.291524156488034e-69
8,170,5.658809932755855e-69
8,171,1.5584389440525569e-68
8,172,1.325745483938722e-69
8,173,1.584977679841848e-69
8,174,2.748636051743778e-69
8,175,1.485738445532659e-68
8,176,4.619789302194829e-71
8,177,8.253424913085023e-71
8,178,1.2945636366348852e-68
8,179,9.284201131552955e-69
8,180,9.175725018444176e-69
8,181,1.3864549128483404e-67
8,182,1.5278939985749824e-67
8,183,8.02474974465537e-67
8,184,1.3866283383702554e-70
8,185,9.35815239777369e-70
8,186,1.101322079978117e-68
8,187,6.62337094453529e-68
8,188,1.1112454358318592e-72
8,189,1.6262846446756867e-66
8,190,1.9605749820738397e-66
8,191,2.1388630751949326e-67
8,192,1.4405785513860943e-67
8,193,5.9050522340370544e-67
8,194,4.295064722079992e-66
8,195,4.1250880504762344e-66
8,196,4.074330883744887e-68
8,197,2.3416969869299126e-68
8,198,6.137242897363431e-67
8,199,2.2199409811233716e-66
8,200,1.5223378156306214e-67
8,201,6.139971349628146e-67
8,202,6.468452425613885e-68
8,203,1.5267845145618528e-69
8,204,5.691713912440029e-68
8,205,1.1672335308144025e-67
8,206,7.604667698326251e-70
8,207,7.53983016015083e-71
8,208,3.999510069405062e-68
8,209,1.981299319520615e-68
8,210,9.534990897875749e-68
8,211,6.606447748687952e-67
8,212,5.255484411287609e-66
8,213,9.285712600263712e-68
8,214,4.533657357814457e-67
8,215,2.285079374208523e-66
8,216,1.7330068559920675e-65
8,217,1.0236897607726055e-64
8,218,3.3990774076881626e-64
8,219,9.907039059672918e-64
8,220,3.3229278084922346e-63
8,221,1.1043861559627586e-62
8,222,3.219641228293649e-62
8,223,6.62350851594276e-62
8,224,1.7371084149835732e-61
8,225,7.823743983349856e-62
8,226,6.256833087976015e-62
8,227,1.1236831573753125e-61
8,228,4.539909189317268e-61
8,229,2.496757725856264e-60
8,230,1.2901041617029804e-59
8,231,4.568733478342911e-59
8,232,1.0436604185512764e-58
8,233,1.8761522545789226e-58
8,234,3.563407894964313e-58
8,235,1.0140486152749036e-57
8,236,2.3196117882386642e-57
8,237,1.1465343644542634e-56
8,238,3.4007309091451698e-56
8,239,8.163996975059584e-56
8,240,1.446440987046199e-55
8,241,2.2355606910511746e-55
8,242,4.930014434061983e-55
8,243,1.261638490294868e-54
8,244,2.989722670371934e-54
8,245,2.696794817041804e-54
8,246,7.434333552950005e-54
8,247,8.388869340193628e-54
8,248,1.442130087880049e-53
8,249,2.2677578365065205e-53
8,250,4.681402985990266e-53
8,251,9.166060037150476e-53
8,252,1.5046253034840944e-52
8,253,2.4657858699310459e-54
8,254,7.890697413500267e-54
8,255,3.586906656999257e-52
8,256,5.127269643741344e-54
8,257,4.397097681948562e-52
8,258,9.653364111693476e-52
8,259,9.238266626000911e-52
8,260,1.664293076286915e-51
8,261,1.2647330174250602e-51
8,262,3.430465201198401e-51
8,263,5.515927912698486e-51
8,264,8.735019155403471e-51
8,265,1.4372778527229396e-50
8,266,2.372482029271787e-50
8,267,3.615126513705798e-50
8,268,4.944938495913699e-50
8,269,6.70365490872047e-50
8,270,9.73679298253791e-50
8,271,1.4144215473933631e-49
8,272,2.126096950923399e-49
8,273,3.234662563978481e-49
8,274,4.5459568191490725e-49
8,275,6.241250566716233e-49
8,276,8.445124970786983e-49
8,277,1.1527646423303739e-48
8,278,1.6237909042425405e-48
8,279,2.3049377979110492e-48
8,280,3.328066161802396e-48
8,281,4.7209991277223473e-48
8,282,6.521879031656762e-48
8,283,9.062229904643868e-48
8,284,1.269361376822239e-47
8,285,1.780741677924772e-47
8,286,2.5112337258928615e-47
8,287,3.5369445749281654e-47
8,288,4.930109480332266e-47
8,289,6.843664796146272e-47
8,290,9.412337416116064e-47
8,291,1.285106596122732e-46
8,292,1.763082452488825e-46
8,293,2.4111511447783202e-46
8,294,3.253816418268502e-46
8,295,4.363779730799431e-46
8,296,5.818761826970874e-46
8,297,7.616197455419894e-46
8,298,9.871222609933182e-46
8,299,1.2734056621204119e-45
8,300,1.6132114062417664e-45
8,301,2.0273600274734133e-45
8,302,2.546305446835608e-45
8,303,3.196247176084453e-45
8,304,4.002000229454894e-45
8,305,4.976618008190556e-45
8,306,6.193615263302505e-45
8,307,7.632558167005191e-45
8,308,9.438878144499019e-45
8,309,1.1559859023629935e-44
8,310,1.411368349038126e-44
8,311,1.7130961573509638e-44
8,312,2.060612352457535e-44
8,313,2.4751335013796854e-44
8,314,2.949024937704371e-44
8,315,3.519608063046784e-44
8,316,4.1690973095663033e-44
8,317,4.943659347098322e-44
8,318,5.833289060464231e-44
8,319,6.879253391060075e-44
8,320,8.087106583632341e-44
8,321,9.523950418093582e-44
8,322,1.1219420120272563e-43
8,323,1.3114961982405873e-43
8,324,1.523760482481256e-43
8,325,1.7700064802211729e-43
8,326,2.0426912862005507e-43
8,327,2.35115210155798e-43
8,328,2.7121282043390475e-43
8,329,3.112328663250418e-43
8,330,3.5852257371936074e-43
8,331,4.122299729862769e-43
8,332,4.7357873248005335e-43
8,333,5.438733881837405e-43
8,334,6.221276247786485e-43
8,335,7.111258302110716e-43
8,336,8.106636546919528e-43
8,337,9.225244351115953e-43
8,338,1.0496040794539946e-42
8,339,1.1930899877200561e-42
8,340,1.3569745054347877e-42
8,341,1.5374127994958686e-42
8,342,1.690823885900404e-42
8,343,1.993208034969165e-42
8,344,1.8693372552931598e-42
8,345,1.4229052043839715e-42
8,346,7.072570235847546e-43
8,347,4.352950424192342e-43
8,348,1.0842569725938816e-42
8,349,4.3484973546158115e-46
8,350,1.3092727487741317e-49
8,351,1.5460867185506233e-48
8,352,9.766419000675937e-53
8,353,1.9162727496990708e-51
8,354,1.0193827397225116e-49
8,355,5.5741568986295245e-49
8,356,2.882776920998671e-47
8,357,1.8105417339399127e-46
8,358,1.6051521371128135e-46
8,359,7.957404761727844e-47
8,360,9.690044316901866e-47
8,361,1.0053524533317058e-47
8,362,8.310947049219155e-47
8,363,1.5597533084577196e-45
8,364,4.408267362317293e-45
8,365,1.3932863591041234e-44
8,366,5.54677759649968e-44
8,367,3.031563767252903e-44
8,368,1.7805519215494185e-44
8,369,2.1223550759448326e-44
8,370,1.449883187838093e-59
8,371,3.470682197487013e-55
8,372,1.2653837761817493e-79
8,373,8.585049498216006e-68
8,374,3.7139440392467555e-61
8,375,1.5363955672557655e-56
8,376,3.778526489716166e-52
8,377,7.836853790916646e-51
8,378,4.626240187423821e-50
8,379,2.6806806755327527e-49
8,380,1.3690412619212155e-48
8,381,2.8831684290977055e-48
8,382,4.99018936772034e-48
8,383,1.1380466952850113e-47
8,384,3.4799419757816335e-47
8,385,1.2291007200974225e-46
8,386,5.2889228872436924e-46
8,387,2.879221683093994e-45
8,388,1.8046113127674137e-44
8,389,6.761155398987173e-44
8,390,1.450378568336278e-43
8,391,1.7364860979914561e-43
8,392,2.331362854403711e-43
8,393,3.7631669876444675e-43
8,394,7.273648174624847e-43
8,395,1.1769534712002457e-42
8,396,1.6311961365312397e-42
8,397,9.335621371604195e-43
8,398,1.3686492809374788e-42
8,399,2.3334535443581426e-42
8,400,3.5529434897716726e-42
8,401,4.357660172943536e-42
8,402,5.081802375918717e-42
8,403,5.950918980729739e-42
8,404,7.841049948207289e-42
8,405,1.4510775130127003e-41
8,406,1.415455063201319e-41
8,407,2.5251513656430733e-41
8,408,2.7849418049040726e-41
8,409,2.572734076192078e-41
8,410,2.887627363753582e-41
8,411,3.5625448352648127e-41
8,412,4.473246761209193e-41
8,413,3.9065166038679753e-41
8,414,4.0393253227182273e-41
8,415,4.546134052667845e-41
8,416,5.378379687610412e-41
8,417,6.814039832289631e-41
8,418,8.994779869646815e-41
8,419,1.1679252044537317e-40
8,420,1.4691808079981298e-40
8,421,1.790805904720211e-40
8,422,2.1765790335797108e-40
8,423,2.6024297684041184e-40
8,424,3.0262736063539533e-40
8,425,3.444956172086807e-40
8,426,3.830964932637949e-40
8,427,4.248027922717525e-40
8,428,4.705133651791648e-40
8,429,5.1100723657076754e-40
8,430,5.464096639508211e-40
8,431,5.822602819843641e-40
8,432,6.258789922575777e-40
8,433,6.739011115843106e-40
8,434,7.211373787932109e-40
8,435,7.632909475188852e-40
8,436,8.049018924048212e-40
8,437,8.514350859685351e-40
8,438,9.041085257648184e-40
8,439,9.61782524647739e-40
8,440,1.0254030558679328e-39
8,441,1.0990676827846118e-39
8,442,1.1861582731905742e-39
8,443,1.2849938636112501e-39
8,444,1.3941419355061503e-39
8,445,1.5115157614386727e-39
8,446,1.636353102781248e-39
8,447,1.773342719369563e-39
8,448,1.9233113323983153e-39
8,449,2.084152609518909e-39
8,450,2.257411859768616e-39
8,451,2.4458503956060325e-39
8,452,2.650431437571769e-39
8,453,2.8692099394784507e-39
8,454,3.096487703704104e-39
8,455,3.327559572910141e-39
8,456,3.563133476092279e-39
8,457,3.806366639111576e-39
8,458,4.0584828018810567e-39
8,459,4.321226689566374e-39
8,460,4.5973301246624e-39
8,461,4.8885024949267416e-39
8,462,5.194869640011524e-39
8,463,5.5156212312264224e-39
8,464,5.8483496990414466e-39
8,465,6.191989046719148e-39
8,466,6.548892882671889e-39
8,467,6.922269320947354e-39
8,468,7.314665191037358e-39
8,469,7.728077419173369e-39
8,470,8.162469448369608e-39
8,471,8.616819656785984e-39
8,472,9.089514411687874e-39
8,473,9.578044300315253e-39
8,474,1.0080613752351396e-38
8,475,1.059853098858474e-38
8,476,1.1134812091571096e-38
8,477,1.1691729414919363e-38
8,478,1.227018173838523e-38
8,479,1.2869449458852835e-38
8,480,1.348807352372051e-38
8,481,1.4125268387202528e-38
8,482,1.478117672167389e-38
8,483,1.5456953532606702e-38
8,484,1.6155731848109642e-38
8,485,1.6881807521189097e-38
8,486,1.7638468163350572e-38
8,487,1.8427231652806502e-38
8,488,1.924718402137206e-38
8,489,2.0095519728241549e-38
8,490,2.0969339790735747e-38
8,491,2.1865569724498784e-38
8,492,2.2780587066921283e-38
8,493,2.371148838086844e-38
8,494,2.4657164475694004e-38
8,495,2.5621492108437935e-38
8,496,2.6616022804192687e-38
8,497,2.764407354993399e-38
8,498,2.868334876437422e-38
8,499,2.971584782388742e-38
8,500,3.0757974385179925e-38
8,501,3.183685478416968e-38
8,502,3.295052110409295e-38
8,503,3.4076259909502073e-38
8,504,3.521802617828941e-38
8,505,3.6401075912627704e-38
8,506,3.7625500368293965e-38
8,507,3.886655261314984e-38
8,508,4.0119760764611083e-38
8,509,4.140064688266973e-38
8,510,4.2704702560965946e-38
8,511,4.400788968404558e-38
8,512,4.530620991487421e-38
8,513,4.662898562441764e-38
8,514,4.801499629868327e-38
8,515,4.944164646334847e-38
8,516,5.081827296308096e-38
8,517,5.215795289936641e-38
8,518,5.360283756650465e-38
8,519,5.515243822370099e-38
8,520,5.661069525999558e-38
8,521,5.797408821597843e-38
8,522,5.94498703348348e-38
8,523,6.103965084686814e-38
8,524,6.254741628544057e-38
8,525,6.401539563359472e-38
8,526,6.560698378669922e-38
8,527,6.723064669099826e-38
8,528,6.8766601574648e-38
8,529,7.033307881233993e-38
8,530,7.197554767486292e-38
8,531,7.355481428088172e-38
8,532,7.510031002774191e-38
8,533,7.680178635584555e-38
8,534,7.861376980111895e-38
8,535,8.029649972750064e-38
8,536,8.186617382712025e-38
8,537,8.352191792433067e-38
8,538,8.527952859436693e-38
8,539,8.698815494668401e-38
8,540,8.864113336441316e-38
8,541,9.036223916394038e-38
8,542,9.213373884995155e-38
8,543,9.384899486373673e-38
8,544,9.55546079832859e-38
8,545,9.732924026372634e-38
8,546,9.91045715154456e-38
8,547,1.0084086235134792e-37
8,548,1.0261426424172897e-37
8,549,1.0441936224543625e-37
8,550,1.061845376292865e-37
8,551,1.0794385556821353e-37
8,552,1.0974228674027038e-37
8,553,1.1152994234156784e-37
8,554,1.1329442346635818e-37
8,555,1.1508715926615172e-37
8,556,1.1689441908049922e-37
8,557,1.1867596420250232e-37
8,558,1.2045877466249477e-37
8,559,1.2226035760925988e-37
8,560,1.2404076645218255e-37
8,561,1.2578109891423004e-37
8,562,1.2747742611575779e-37
8,563,1.290982174619206e-37
8,564,1.3075823123419e-37
8,565,1.3274207437644328e-37
8,566,1.3481233449090614e-37
8,567,1.3646620035668833e-37
8,568,1.380346137030573e-37
8,569,1.3997689447728977e-37
8,570,1.4186320526100208e-37
8,571,1.4345840533462043e-37
8,572,1.4524706007208414e-37
8,573,1.471019562052196e-37
8,574,1.4862018898210273e-37
8,575,1.5021221126618535e-37
8,576,1.5220575250117075e-37
8,577,1.5426056206615845e-37
8,578,1.5606913704954499e-37
8,579,1.576904904226071e-37
8,580,1.5939802040240567e-37
8,581,1.613490592329242e-37
8,582,1.6313789900289666e-37
8,583,1.647066452868402e-37
8,584,1.6657054165892638e-37
8,585,1.6854096787521844e-37
8,586,1.702265265509695e-37
8,587,1.7199828726515967e-37
8,588,1.7389874189120652e-37
8,589,1.7557228880981058e-37
8,590,1.772986197389695e-37
8,591,1.792315972534063e-37
8,592,1.8099677904348232e-37
8,593,1.8267188173360897e-37
8,594,1.844877571108672e-37
8,595,1.8625028112735141e-37
8,596,1.8795793887984994e-37
8,597,1.8976932927794258e-37
8,598,1.9153088938920215e-37
8,599,1.9320223076415345e-37
8,600,1.949583895316424e-37
8,601,1.967384325004114e-37
8,602,1.9844529990074377e-37
8,603,2.0017486047024108e-37
8,604,2.019264030174987e-37
8,605,2.036327236031876e-37
8,606,2.053549099656115e-37
8,607,2.071057711675459e-37
8,608,2.088140438096045e-37
8,609,2.105079881976327e-37
8,610,2.122339461299702e-37
8,611,2.139513710452199e-37
8,612,2.156496403771822e-37
8,613,2.1735730633330805e-37
8,614,2.190511001800001e-37
8,615,2.2070733035970483e-37
8,616,2.22339338289408e-37
8,617,2.239321171435789e-37
8,618,2.2548165602042057e-37
8,619,2.2710532222429993e-37
8,620,2.2893501721520673e-37
8,621,2.308302198843559e-37
8,622,2.3250870309624906e-37
8,623,2.340012915259983e-37
8,624,2.355972903144798e-37
8,625,2.3740948980634064e-37
8,626,2.392039639513356e-37
8,627,2.4081366312203894e-37
8,628,2.424142638623936e-37
8,629,2.441709576471988e-37
8,630,2.4594639711633306e-37
8,631,2.4759316878225604e-37
8,632,2.492286999899614e-37
8,633,2.509704731995403e-37
8,634,2.5270808037946843e-37
8,635,2.543414559190615e-37
8,636,2.5596951514187925e-37
8,637,2.5767313466779776e-37
8,638,2.593696580489118e-37
8,639,2.6100078863520676e-37
8,640,2.626394359476688e-37
8,641,2.643268717609597e-37
8,642,2.6599965378259758e-37
8,643,2.676284319088002e-37
8,644,2.6926838364544894e-37
8,645,2.7094124951238227e-37
8,646,2.7259884696790908e-37
8,647,2.7421548889668587e-37
8,648,2.758023072926332e-37
8,649,2.773052094728635e-37
8,650,2.785960494916676e-37
8,651,2.7979581124875197e-37
8,652,2.815967850946451e-37
8,653,2.8394121006177283e-37
8,654,2.855252920828263e-37
8,655,2.8654974458860474e-37
8,656,2.883602443341816e-37
8,657,2.9039344972239788e-37
8,658,2.9171282783770144e-37
8,659,2.9327998671116463e-37
8,660,2.9525782561987337e-37
8,661,2.966727683150311e-37
8,662,2.980675543586834e-37
8,663,2.9980622365309764e-37
8,664,3.0120478540542124e-37
8,665,3.0278762308772632e-37
8,666,3.0499226250702865e-37
8,667,3.0683129860155394e-37
8,668,3.081871312926533e-37
8,669,3.0965916815043765e-37
8,670,3.1127434861413793e-37
8,671,3.1309261806299005e-37
8,672,3.1486370130451085e-37
8,673,3.162103715564302e-37
8,674,3.17646468702659e-37
8,675,3.1944210696846914e-37
8,676,3.2103528024902507e-37
8,677,3.2239674899453613e-37
8,678,3.2387251069218355e-37
8,679,3.254403455088682e-37
8,680,3.2721486581895675e-37
8,681,3.291849000665354e-37
8,682,3.3086681732319293e-37
8,683,3.3222693623978824e-37
8,684,3.337266752683993e-37
8,685,3.3555673086770503e-37
8,686,3.373752754991739e-37
8,687,3.3877222333186573e-37
8,688,3.3988445332831518e-37
8,689,3.4121195208872854e-37
8,690,3.430681964377402e-37
8,691,3.452040150940007e-37
8,692,3.4668781610588254e-37
8,693,3.4728407619219173e-37
8,694,3.479569048502111e-37
8,695,3.4974303287375474e-37
8,696,3.523885722111929e-37
8,697,3.539881132919646e-37
8,698,3.543116374551096e-37
8,699,3.554618327734388e-37
8,700,3.5794366115256057e-37
8,701,3.6012448721145997e-37
8,702,3.617163216572335e-37
8,703,3.6327945450033977e-37
8,704,3.6439598620941258e-37
8,705,3.6602643836879883e-37
8,706,3.67442093104696e-37
8,707,3.6777938183146903e-37
8,708,3.6940773997811917e-37
8,709,3.738233260193712e-37
8,710,3.7458785475156265e-37
8,711,3.742698924790547e-37
8,712,3.776390188129208e-37
8,713,3.792468711262483e-37
8,714,3.798152642301545e-37
8,715,3.827118097596352e-37
8,716,3.840422860092649e-37
8,717,3.852089130453956e-37
8,718,3.877463937205034e-37
8,719,3.889842408256122e-37
8,720,3.9064894424042115e-37
8,721,3.9278364157251715e-37
8,722,3.9397315030174255e-37
8,723,3.9571472549116504e-37
8,724,3.974890594982266e-37
8,725,3.989578847304746e-37
8,726,4.006892596735482e-37
8,727,4.021204297713043e-37
8,728,4.037197613984549e-37
8,729,4.0528232240811016e-37
8,730,4.0655491841287495e-37
8,731,4.0832713235312015e-37
8,732,4.098747751043711e-37
8,733,4.111517521673057e-37
8,734,4.129092266340928e-37
8,735,4.143737130306894e-37
8,736,4.156460272590499e-37
8,737,4.172932597245347e-37
8,738,4.187536867776813e-37
8,739,4.201632827737542e-37
8,740,4.218108423013906e-37
8,741,4.233021541543355e-37
8,742,4.2474248765155965e-37
8,743,4.262784656786714e-37
8,744,4.277141198532822e-37
8,745,4.291504927758588e-37
8,746,4.306779955223477e-37
8,747,4.32137915395693e-37
8,748,4.335352544196863e-37
8,749,4.349894258557668e-37
8,750,4.3640200600687675e-37
8,751,4.377247426657173e-37
8,752,4.39056724923927e-37
8,753,4.402933427901307e-37
8,754,4.414033793869866e-37
8,755,4.425740675855415e-37
8,756,4.4391213765217394e-37
8,757,4.4547724590036055e-37
8,758,4.470908733197388e-37
8,759,4.483629551277315e-37
8,760,4.493382474193517e-37
8,761,4.50487139043059e-37
8,762,4.5198237967200945e-37
8,763,4.534989146466997e-37
8,764,4.546617311848012e-37
8,765,4.553511930416054e-37
8,766,4.559669553887006e-37
8,767,4.571319646357479e-37
8,768,4.58740086615783e-37
8,769,4.602165707463157e-37
8,770,4.616067092608427e-37
8,771,4.631298653315194e-37
8,772,4.646171658046282e-37
8,773,4.658835092271648e-37
8,774,4.670190241756851e-37
8,775,4.684528982741709e-37
8,776,4.701387723740617e-37
8,777,4.716057092343827e-37
8,778,4.728820735392573e-37
8,779,4.74319531439023e-37
8,780,4.75787185027032e-37
8,781,4.770288249234387e-37
8,782,4.780142668666074e-37
8,783,4.786790311507804e-37
8,784,4.788251571387589e-37
8,785,4.79121677415582e-37
8,786,4.813790355194502e-37
8,787,4.843702678768857e-37
8,788,4.848689172090924e-37
8,789,4.845560805469338e-37
8,790,4.866281136015011e-37
8,791,4.8890343378723976e-37
8,792,4.891092920570147e-37
8,793,4.9020033798462105e-37
8,794,4.925328539992969e-37
8,795,4.9347527397104776e-37
8,796,4.944573233490134e-37
8,797,4.965158416767709e-37
8,798,4.976660973936651e-37
8,799,4.984440255243881e-37
8,800,5.000085331083682e-37
9,1,2.509983023319001e-160
9,2,2.0874086024507686e-150
9,3,4.442299871294983e-141
9,4,6.414519544391811e-135
9,5,2.5680416330830634e-130
9,6,2.499790187630251e-126
9,7,3.368042678174878e-123
9,8,7.7030649509234445e-121
9,9,4.2598887597768376e-119
9,10,1.3555176700130903e-117
9,11,2.4897688958709587e-116
9,12,2.8324777220314593e-115
9,13,2.4338372515546247e-114
9,14,1.5348056281490245e-113
9,15,7.744783034524763e-113
9,16,3.5742435821637494e-112
9,17,1.5491976892838462e-111
9,18,6.322130165811734e-111
9,19,2.610799255179422e-110
9,20,1.0220347706340926e-109
9,21,3.8826190956515605e-109
9,22,1.454296939596939e-108
9,23,5.559209533363887e-108
9,24,2.2178048552017926e-107
9,25,9.809649624926027e-107
9,26,4.618294493429991e-106
9,27,2.199979168459186e-105
9,28,1.1374067047736078e-104
9,29,5.810759050085933e-104
9,30,3.0491790915575563e-103
9,31,1.5889500425914972e-102
9,32,8.269718012295544e-102
9,33,4.161014674321461e-101
9,34,1.9539468290119973e-100
9,35,9.076197516463485e-100
9,36,4.099448606716819e-99
9,37,1.813890073397841e-98
9,38,7.924060239241311e-98
9,39,3.3555438085245153e-97
9,40,1.3952625885110678e-96
9,41,5.700823278644122e-96
9,42,2.3405031694590976e-95
9,43,9.665722578709224e-95
9,44,3.88070451368358e-94
9,45,1.5636040698775824e-93
9,46,6.093199072445992e-93
9,47,2.302116306349755e-92
9,48,8.088449253518545e-92
9,49,2.5397753494660463e-91
9,50,8.017896497584582e-91
9,51,2.487401734836596e-90
9,52,4.597720299861176e-90
9,53,2.382783951313898e-89
9,54,6.53143288912887e-89
9,55,2.3457558459340555e-88
9,56,6.213273635886537e-88
9,57,1.8372429990600864e-87
9,58,4.865459254709092e-87
9,59,1.3220124816947048e-86
9,60,3.6795232305246036e-86
9,61,8.895034434254691e-86
9,62,2.1785587265382182e-85
9,63,5.359964954911885e-85
9,64,1.216880701543006e-84
9,65,3.0784578208983754e-84
9,66,6.57377433831924e-84
9,67,3.830342328314503e-84
9,68,8.392362632164994e-84
9,69,1.8087747757612786e-83
9,70,4.0700702852370814e-83
9,71,8.285885369952132e-83
9,72,1.5608932949954558e-82
9,73,3.415234912202331e-82
9,74,6.983443254953503e-82
9,75,1.215986253638432e-81
9,76,2.2845014759545605e-81
9,77,3.7255171314425997e-81
9,78,6.073783854867428e-81
9,79,9.871786849427153e-81
9,80,1.6356588326936796e-80
9,81,2.3157642295193346e-80
9,82,3.497061261795977e-80
9,83,4.838296742911581e-80
9,84,6.7376176021579835e-80
9,85,1.0246899204295321e-79
9,86,1.5215852843215832e-79
9,87,1.8199830314757948e-79
9,88,2.6423801500185995e-79
9,89,3.422606783575934e-79
9,90,4.9290754403682745e-79
9,91,6.91952780350909e-79
9,92,9.79551747691992e-79
9,93,1.2956890368049812e-78
9,94,1.5269831446643054e-78
9,95,1.893382901150267e-78
9,96,2.0089710086308849e-78
9,97,3.059672987644275e-78
9,98,3.730663853094497e-78
9,99,5.256026756742949e-78
9,100,6.274169237526352e-78
9,101,7.869061729203866e-78
9,102,9.953666691327546e-78
9,103,1.1668138734304898e-77
9,104,1.4663086525218714e-77
9,105,1.6072957201362996e-77
9,106,1.7152427858246407e-77
9,107,2.3350246173740067e-77
9,108,3.6674522877105085e-77
9,109,4.716102805049788e-77
9,110,6.372419817323421e-77
9,111,9.28746248645454e-77
9,112,1.1360692922673873e-76
9,113,1.3323440626809211e-76
9,114,1.5964003149602573e-76
9,115,2.3202621669376052e-76
9,116,2.9352823854184443e-76
9,117,4.869939896831106e-76
9,118,5.039889553767283e-76
9,119,7.281109018827864e-76
9,120,9.2376508940846e-76
9,121,1.3764860747583766e-75
9,122,1.766646136042873e-75
9,123,2.4806448318743173e-75
9,124,3.320453837735966e-75
9,125,4.242750058586208e-75
9,126,5.951928672526405e-75
9,127,8.107668786471798e-75
9,128,1.1134267134881293e-74
9,129,1.6066222572117782e-74
9,130,2.237056917006321e-74
9,131,3.011791604945799e-74
9,132,3.671714597029572e-74
9,133,5.28553131481783e-74
9,134,6.900762293591577e-74
9,135,8.639734600144113e-74
9,136,9.943007486852195e-74
9,137,1.1799112381552432e-73
9,138,2.180733443292023e-73
9,139,2.911990717336872e-73
9,140,3.9657627416330354e-73
9,141,4.9337883403745765e-73
9,142,3.983290210942959e-73
9,143,3.431219802364079e-73
9,144,4.5352309337105125e-73
9,145,5.2347450945953755e-73
9,146,1.0389963651129257e-72
9,147,1.3488744108963384e-72
9,148,1.7793181861420596e-72
9,149,1.7145426082214183e-72
9,150,5.636819560184053e-73
9,151,4.859243953286245e-72
9,152,1.527913875719052e-72
9,153,2.2605418476885876e-73
9,154,4.3049399160331863e-73
9,155,2.924964135144277e-72
9,156,1.9581867938384877e-72
9,157,2.805240084339788e-72
9,158,1.2629608407435492e-71
9,159,4.5012243687784135e-71
9,160,2.8602879299502853e-71
9,161,5.9400066034749485e-71
9,162,6.2857767300390016e-71
9,163,3.162134103065103e-70
9,164,8.530199708759284e-70
9,165,1.8470200942951772e-69
9,166,2.973116862822132e-69
9,167,4.742722228120075e-69
9,168,7.457086060994425e-69
9,169,1.4930254060883835e-68
9,170,4.053020212792504e-68
9,171,9.141970838563063e-68
9,172,2.270180099178351e-67
9,173,5.260438114109909e-67
9,174,6.619699465610559e-67
9,175,1.423519980801085e-66
9,176,3.3389886033214455e-66
9,177,1.049965373190566e-65
9,178,2.66932493651657e-65
9,179,3.912778253725895e-65
9,180,7.009102830628762e-65
9,181,1.351037535546684e-64
9,182,1.837841898356855e-64
9,183,3.2983240510063006e-64
9,184,7.786118580973678e-64
9,185,5.823696524075739e-65
9,186,5.763329281035495e-65
9,187,7.778980480018654e-66
9,188,1.609525388570146e-67
9,189,6.688144610901524e-66
9,190,3.678771146087259e-70
9,191,9.596980289868185e-95
9,192,9.937404145349883e-73
9,193,2.8094054072998527e-93
9,194,1.1591928462135226e-94
9,195,1.2249303897823116e-89
9,196,3.8445008054790325e-88
9,197,1.550567146156834e-85
9,198,7.119570556859808e-89
9,199,7.5479247876703e-86
9,200,1.6482086884753999e-81
9,201,8.608144607850317e-82
9,202,3.904825698680828e-81
9,203,1.2155457120496706e-78
9,204,7.88968773092732e-80
9,205,4.292087254332709e-87
9,206,2.6799141312148374e-85
9,207,2.3495216346296664e-83
9,208,7.282524725083469e-82
9,209,4.119600081978617e-81
9,210,2.187491558123328e-81
9,211,2.6348259618818897e-80
9,212,6.613551124061927e-80
9,213,8.152644921939546e-79
9,214,6.283391415273454e-78
9,215,1.3641409799655509e-77
9,216,4.5333181791062095e-77
9,217,9.266340559710806e-81
9,218,1.1808827825084982e-77
9,219,1.190418572596129e-76
9,220,1.551769211587893e-76
9,221,9.068879579307852e-77
9,222,4.512381786673023e-85
9,223,5.033394502358587e-81
9,224,4.62725532197452e-78
9,225,6.018281362397393e-88
9,226,5.307183851622027e-85
9,227,1.574425474519934e-83
9,228,1.7952109362923357e-88
9,229,1.5610705892756852e-86
9,230,2.6608465149560238e-83
9,231,6.921702911719929e-79
9,232,1.1537831027904047e-77
9,233,7.963119328079955e-77
9,234,3.468198559424581e-76
9,235,3.6705987357015543e-75
9,236,1.8685282573595563e-73
9,237,3.0423734213389856e-72
9,238,4.5020526245381524e-71
9,239,1.0365332169510287e-70
9,240,2.4159051118479532e-70
9,241,6.333494603625511e-69
9,242,2.15978282711189e-68
9,243,8.278558906523857e-68
9,244,5.257150699255682e-68
9,245,4.072346996799436e-67
9,246,3.523089092006353e-66
9,247,1.2996800637048063e-65
9,248,3.7599253720975436e-65
9,249,8.481444954164556e-65
9,250,2.6341096078727186e-64
9,251,1.4013994966611122e-63
9,252,5.423092061427508e-63
9,253,1.537845276368377e-62
9,254,4.2588093746111305e-62
9,255,1.166875336701582e-61
9,256,2.662230849222953e-61
9,257,5.4288861175415986e-61
9,258,6.429362893452436e-61
9,259,2.1374644049286623e-60
9,260,4.371155310688402e-60
9,261,8.175215284769479e-60
9,262,1.6682035644729182e-59
9,263,3.7093670133092087e-59
9,264,7.071315641813868e-59
9,265,3.941812628804097e-59
9,266,1.532449679674497e-58
9,267,1.8628359365912263e-58
9,268,2.077016198704807e-58
9,269,2.0242762451634726e-58
9,270,1.9994053839997816e-58
9,271,2.313868540390669e-58
9,272,2.87594574966052e-58
9,273,3.94546917829556e-58
9,274,6.408000253039538e-58
9,275,1.2077979191801307e-57
9,276,2.295105575892395e-57
9,277,4.1527820641504773e-57
9,278,7.655354445388145e-57
9,279,1.4161835917326296e-56
9,280,2.4249758906637474e-56
9,281,3.9462104730550327e-56
9,282,6.272185608857733e-56
9,283,9.647065846204672e-56
9,284,1.392076519174959e-55
9,285,1.968414478558117e-55
9,286,2.8391634121636706e-55
9,287,4.102580009605709e-55
9,288,5.8698272934860945e-55
9,289,8.464863195508718e-55
9,290,1.3014786989622286e-54
9,291,1.9136622193394698e-54
9,292,2.8934120991510796e-54
9,293,4.578901236243817e-54
9,294,7.289625739636867e-54
9,295,1.1212258857851081e-53
9,296,1.6567062088201138e-53
9,297,2.3239298602082537e-53
9,298,3.460392053070136e-53
9,299,4.971504209413598e-53
9,300,7.213686715152291e-53
9,301,1.0699826937968298e-52
9,302,1.4575311465824111e-52
9,303,2.1358548936916777e-52
9,304,3.2108438146734457e-52
9,305,4.77803235128038e-52
9,306,6.958581781292447e-52
9,307,9.97595357178097e-52
9,308,1.4176803433786375e-51
9,309,1.9672964443780164e-51
9,310,2.798109212747768e-51
9,311,3.800928339810252e-51
9,312,5.101837531074513e-51
9,313,6.890126216294547e-51
9,314,9.290504177438387e-51
9,315,1.235461663937096e-50
9,316,1.6035467503884743e-50
9,317,2.0487211427263182e-50
9,318,2.5912099993938598e-50
9,319,3.2685108921015112e-50
9,320,4.1348523596171774e-50
9,321,5.219115422963282e-50
9,322,6.544541486245538e-50
9,323,8.1083450483397e-50
9,324,1.0004640122315365e-49
9,325,1.2383377942064623e-49
9,326,1.523663894001153e-49
9,327,1.8752446171857294e-49
9,328,2.2434846890314004e-49
9,329,2.7220008492334416e-49
9,330,2.982777170422116e-49
9,331,3.747356070972974e-49
9,332,3.58784474836292e-49
9,333,5.013961105664241e-49
9,334,5.902165650731066e-49
9,335,7.197994446713316e-49
9,336,7.36470657803496e-49
9,337,8.804176937333886e-49
9,338,1.0701786704288543e-48
9,339,1.2824285058572752e-48
9,340,1.4938475066868606e-48
9,341,1.710714661460312e-48
9,342,1.9590462753592657e-48
9,343,2.2715534588789785e-48
9,344,2.6505574704663762e-48
9,345,3.0843904498243964e-48
9,346,3.5664606959070265e-48
9,347,4.1034128546672326e-48
9,348,4.735362800395304e-48
9,349,5.510823939444854e-48
9,350,6.433288163384055e-48
9,351,7.484323680752163e-48
9,352,8.623572163214085e-48
9,353,9.777781394255547e-48
9,354,1.112829003200032e-47
9,355,1.2736137019524224e-47
9,356,1.4548650502986328e-47
9,357,1.6538458514273997e-47
9,358,1.863664669347396e-47
9,359,2.1051140024783974e-47
9,360,2.390195452574714e-47
9,361,2.7265411859186367e-47
9,362,3.107691906661443e-47
9,363,3.5347803626307614e-47
9,364,4.002627126611955e-47
9,365,4.51675657264158e-47
9,366,5.088972360386392e-47
9,367,5.733032857250519e-47
9,368,6.461105746698551e-47
9,369,7.268824520156045e-47
9,370,8.1712033770654e-47
9,371,9.18442961444932e-47
9,372,1.0346848142823542e-46
9,373,1.1654929022839787e-46
9,374,1.311941009495505e-46
9,375,1.4736507218014495e-46
9,376,1.6531780717883513e-46
9,377,1.8540832269206923e-46
9,378,2.082651064536914e-46
9,379,2.343529132068382e-46
9,380,2.638336850950364e-46
9,381,2.9677365379202367e-46
9,382,3.299799268817199e-46
9,383,3.720735666343576e-46
9,384,4.156829390196824e-46
9,385,4.640525891703747e-46
9,386,5.187523038635625e-46
9,387,5.796855595615008e-46
9,388,6.4821980563489136e-46
9,389,7.170605335237429e-46
9,390,7.844306377686963e-46
9,391,8.406215796630363e-46
9,392,9.350214760008406e-46
9,393,1.0709927225478313e-45
9,394,1.2155289360922443e-45
9,395,1.3495380488330291e-45
9,396,1.482398424392243e-45
9,397,1.6415657723824226e-45
9,398,1.8100259769260226e-45
9,399,1.986918956369801e-45
9,400,2.1656151713819785e-45
9,401,2.3818451305866844e-45
9,402,2.5967279543302447e-45
9,403,2.8724747854145446e-45
9,404,3.180348388097413e-45
9,405,3.571737088413338e-45
9,406,3.9399972247754507e-45
9,407,4.260280333318522e-45
9,408,4.625325112350024e-45
9,409,5.055750382161e-45
9,410,5.618187140029946e-45
9,411,6.172418662288273e-45
9,412,6.697725451120994e-45
9,413,7.295693218033749e-45
9,414,7.955178900945932e-45
9,415,8.738036452113534e-45
9,416,9.512879082882638e-45
9,417,1.0284466032655437e-44
9,418,1.118467610086022e-44
9,419,1.216695297469086e-44
9,420,1.330635628998751e-44
9,421,1.4481680606177497e-44
9,422,1.5694971184403876e-44
9,423,1.7086292900393798e-44
9,424,1.8548296199402582e-44
9,425,2.0144141461734774e-44
9,426,2.1404261994939145e-44
9,427,1.8875943819230854e-44
9,428,1.615210875359495e-62
9,429,1.550007570661641e-47
9,430,4.620783736615682e-49
9,431,8.84225933155771e-62
9,432,3.2588144052325787e-62
9,433,2.5244979657097e-60
9,434,1.4038732538312748e-57
9,435,1.8067055258058744e-54
9,436,4.703661659708193e-52
9,437,1.7478516292090325e-50
9,438,1.082680364996644e-49
9,439,3.461369359766807e-49
9,440,6.500731302381392e-49
9,441,9.970796371914098e-49
9,442,1.4081648409949037e-48
9,443,1.988396597633283e-52
9,444,3.305476411557523e-48
9,445,2.6453359714257787e-48
9,446,2.6914765364822593e-48
9,447,4.012423768609049e-48
9,448,1.6044577071101513e-47
9,449,2.25917054067574e-47
9,450,9.072157371881381e-48
9,451,3.7819290416481316e-51
9,452,9.048994538851012e-56
9,453,4.562211259203699e-56
9,454,2.8303293639540428e-55
9,455,6.169343776940228e-54
9,456,5.2170363917128615e-52
9,457,3.367696104691837e-51
9,458,1.990992214523039e-50
9,459,7.55945636726454e-50
9,460,2.6344170094623433e-49
9,461,8.909874964871352e-49
9,462,2.6389631927638643e-48
9,463,6.681643133269425e-48
9,464,1.2492405221151202e-47
9,465,2.334288822033826e-47
9,466,3.4845738869473715e-47
9,467,5.392561623920722e-47
9,468,9.676454636040346e-47
9,469,2.2340995452801492e-46
9,470,1.3160906344173406e-47
9,471,2.387421462356965e-47
9,472,9.492018754686833e-47
9,473,6.1328781672136035e-46
9,474,8.020169867159186e-46
9,475,2.7157868202881634e-46
9,476,5.467027047189123e-46
9,477,4.613554194829176e-46
9,478,2.592709111084016e-59
9,479,9.286066762893298e-47
9,480,3.816112084189846e-47
9,481,5.545827134146914e-54
9,482,3.0186608721899477e-51
9,483,1.8678807072968656e-49
9,484,4.1819223955759104e-48
9,485,3.338281965436154e-47
9,486,2.7580076116255275e-53
9,487,7.348047812449872e-52
9,488,1.6272054404747052e-50
9,489,7.193164194035629e-49
9,490,3.0906854057900373e-51
9,491,4.8999656641098566e-52
9,492,3.5909357435981414e-51
9,493,4.577151923570809e-50
9,494,2.202994634763896e-61
9,495,2.9038717533112367e-51
9,496,5.942595785272461e-49
9,497,1.8119853547992267e-49
9,498,1.7129659416447574e-50
9,499,2.325528183476863e-51
9,500,1.869852643870001e-50
9,501,5.849821555874701e-65
9,502,7.839839205069566e-61
9,503,6.666209350391853e-57
9,504,1.656486110292026e-54
9,505,7.964786929298689e-54
9,506,7.317171675520997e-54
9,507,4.704472699079077e-54
9,508,1.2602068152011199e-68
9,509,1.8531378810653154e-62
9,510,1.1776952066845657e-54
9,511,2.963431142161419e-55
9,512,1.6358747564830738e-55
9,513,1.5389247726545093e-55
9,514,2.550893470562811e-55
9,515,5.645706249782124e-55
9,516,1.5499927534613188e-54
9,517,5.598907303626305e-54
9,518,2.2604398035813676e-53
9,519,1.1686725674693204e-52
9,520,3.339960619949059e-51
9,521,7.686323714860792e-51
9,522,1.947389437200505e-51
9,523,2.5160559810292155e-51
9,524,1.9234617642330594e-51
9,525,1.1499260641271575e-51
9,526,3.074517890199628e-52
9,527,1.8122211304492792e-52
9,528,1.8433902036522505e-52
9,529,5.558348514985831e-52
9,530,8.674552416199239e-52
9,531,1.547297062370621e-51
9,532,2.913883660005013e-51
9,533,5.39767012014294e-51
9,534,9.39539705764162e-51
9,535,1.4608906811512242e-50
9,536,2.2101870390064515e-50
9,537,3.1711779113181724e-50
9,538,4.373344125335883e-50
9,539,5.983080257455387e-50
9,540,8.439209357632357e-50
9,541,5.780646803985425e-50
9,542,8.2879699303883375e-50
9,543,1.2575878865140057e-49
9,544,1.9755664802033486e-49
9,545,3.1536035214314514e-49
9,546,5.021867342720486e-49
9,547,7.849665853925785e-49
9,548,1.1891608304278933e-48
9,549,1.7344269683487835e-48
9,550,2.4329601847877875e-48
9,551,3.29278203246449e-48
9,552,4.330588498411661e-48
9,553,5.5854412643143e-48
9,554,7.126578648816156e-48
9,555,9.058204806067796e-48
9,556,1.1503542628688225e-47
9,557,1.4581620863974142e-47
9,558,1.8390739810457421e-47
9,559,2.2970130145597553e-47
9,560,2.835287925408238e-47
9,561,3.4561003710626815e-47
9,562,4.165993386175881e-47
9,563,4.9807356153933865e-47
9,564,5.926045084700286e-47
9,565,7.038217973801824e-47
9,566,8.365160987417493e-47
9,567,9.959869168128764e-47
9,568,1.1878410438084939e-46
9,569,1.4176018331761801e-46
9,570,1.6899569397575074e-46
9,571,2.008562742825931e-46
9,572,2.3748955480545382e-46
9,573,2.789575400986331e-46
9,574,3.254041359278408e-46
9,575,3.771216074102316e-46
9,576,4.347325872807358e-46
9,577,4.991684708291899e-46
9,578,5.718971316336901e-46
9,579,6.5476282694585815e-46
9,580,7.497623351788411e-46
9,581,8.588522692289997e-46
9,582,9.836269986745251e-46
9,583,1.125510913775236e-45
9,584,1.2854201420914408e-45
9,585,1.4641504077579707e-45
9,586,1.662344650797971e-45
9,587,1.8808804504438077e-45
9,588,2.1208415677716058e-45
9,589,2.3832805402558793e-45
9,590,2.669353920054596e-45
9,591,2.9796436528612526e-45
9,592,3.3153331122838934e-45
9,593,3.678848656051212e-45
9,594,4.074778803832174e-45
9,595,4.508303892778832e-45
9,596,4.984117806134863e-45
9,597,5.505180104035112e-45
9,598,6.07302163382725e-45
9,599,6.690292498589597e-45
9,600,7.362931112838255e-45
9,601,8.098589386038572e-45
9,602,8.904264436965719e-45
9,603,9.785490900539103e-45
9,604,1.074407718179507e-44
9,605,1.1781668873572456e-44
9,606,1.2904378952450707e-44
9,607,1.4121592245968687e-44
9,608,1.5443117551523752e-44
9,609,1.6873393165114806e-44
9,610,1.84089712043581e-44
9,611,2.0045311735823378e-44
9,612,2.1783823449159752e-44
9,613,2.3632424436194584e-44
9,614,2.5599311124415405e-44
9,615,2.768055081588573e-44
9,616,2.986827908188658e-44
9,617,3.21578913550612e-44
9,618,3.4564117191804937e-44
9,619,3.710806869147061e-44
9,620,3.9808930026774146e-44
9,621,4.2669516638021747e-44
9,622,4.568293798466071e-44
9,623,4.88517711305105e-44
9,624,5.22041988840101e-44
9,625,5.57493953514146e-44
9,626,5.952712035795128e-44
9,627,6.349749995561992e-44
9,628,6.769507552415706e-44
9,629,7.207239222244987e-44
9,630,7.67262769084727e-44
9,631,8.153189017851075e-44
9,632,8.671693875195382e-44
9,633,9.193266157873083e-44
9,634,9.750108509611155e-44
9,635,1.0247346985939184e-43
9,636,1.0770576718365425e-43
9,637,1.1119879311078643e-43
9,638,1.1553830620448886e-43
9,639,1.2001406431847052e-43
9,640,1.3130768045382034e-43
9,641,1.4282533408401687e-43
9,642,1.4954547007412859e-43
9,643,1.5304253692153972e-43
9,644,1.589531043154604e-43
9,645,1.7186672871644376e-43
9,646,1.807553585265586e-43
9,647,1.848891421298891e-43
9,648,1.943676410607873e-43
9,649,2.0666787738037752e-43
9,650,2.1718132993709953e-43
9,651,2.2528476057841557e-43
9,652,2.3500424698064383e-43
9,653,2.4928111518382094e-43
9,654,2.5991299488721193e-43
9,655,2.681981044234668e-43
9,656,2.8204092985241714e-43
9,657,2.956340858223933e-43
9,658,3.0669148707581395e-43
9,659,3.190118164485102e-43
9,660,3.3223732242668104e-43
9,661,3.4648875023373478e-43
9,662,3.5880495771565395e-43
9,663,3.706108959317403e-43
9,664,3.864786835053112e-43
9,665,4.0041609213075145e-43
9,666,4.120903933305274e-43
9,667,4.2653965307124225e-43
9,668,4.410381284619447e-43
9,669,4.562187409233013e-43
9,670,4.718456020879242e-43
9,671,4.860472081253922e-43
9,672,5.0199406346698116e-43
9,673,5.17812862612158e-43
9,674,5.331251966404525e-43
9,675,5.502469164453066e-43
9,676,5.666688649802927e-43
9,677,5.8371105043460844e-43
9,678,6.012740706540098e-43
9,679,6.176307100114075e-43
9,680,6.359990976122452e-43
9,681,6.539420587444719e-43
9,682,6.708398090276833e-43
9,683,6.899322100184354e-43
9,684,7.086318239722897e-43
9,685,7.27344713044617e-43
9,686,7.46508912044924e-43
9,687,7.649737780170011e-43
9,688,7.848140981861373e-43
9,689,8.038846597746983e-43
9,690,8.225793022128848e-43
9,691,8.425846116952321e-43
9,692,8.617625192730326e-43
9,693,8.81652465961665e-43
9,694,9.01425731061784e-43
9,695,9.205130513274908e-43
9,696,9.407519708539168e-43
9,697,9.599938173045317e-43
9,698,9.789507363386926e-43
9,699,9.980634735458515e-43
9,700,1.0170853125789029e-42
9,701,1.0381762964859506e-42
9,702,1.0595709510555153e-42
9,703,1.0807736425512185e-42
9,704,1.1011758655724584e-42
9,705,1.1207673284614067e-42
9,706,1.1423474264168134e-42
9,707,1.1636168526539315e-42
9,708,1.1837615496475713e-42
9,709,1.205334189696517e-42
9,710,1.227037483013226e-42
9,711,1.248266100380551e-42
9,712,1.269438391433063e-42
9,713,1.2913751852482968e-42
9,714,1.3129682910447983e-42
9,715,1.3337788332406821e-42
9,716,1.3561834570132101e-42
9,717,1.3778774842069986e-42
9,718,1.3988227202286194e-42
9,719,1.4211136658495653e-42
9,720,1.442647581265259e-42
9,721,1.4637018779504858e-42
9,722,1.484922943129815e-42
9,723,1.5055450257915198e-42
9,724,1.5251365122502784e-42
9,725,1.5458481834144213e-42
9,726,1.570023440983395e-42
9,727,1.592970574075731e-42
9,728,1.6126929215142824e-42
9,729,1.6329301121895268e-42
9,730,1.6555207498909906e-42
9,731,1.677788179413482e-42
9,732,1.697804300058083e-42
9,733,1.7194505188466902e-42
9,734,1.7422220745133595e-42
9,735,1.763127989760954e-42
9,736,1.784360460266448e-42
9,737,1.8067356853668407e-42
9,738,1.8283121957967162e-42
9,739,1.8491772021514927e-42
9,740,1.871307814122591e-42
9,741,1.893058680331595e-42
9,742,1.9139172157124063e-42
9,743,1.935854997475589e-42
9,744,1.9573402712700087e-42
9,745,1.9781089940193154e-42
9,746,1.9992056062217245e-42
9,747,2.0203179417986017e-42
9,748,2.04107206470927e-42
9,749,2.0624520524441874e-42
9,750,2.0843871297572082e-42
9,751,2.1052344127012188e-42
9,752,2.1258196737933766e-42
9,753,2.1464566837561613e-42
9,754,2.1671229259156452e-42
9,755,2.1881712960465928e-42
9,756,2.2092438217635598e-42
9,757,2.22985042320984e-42
9,758,2.2501671021496458e-42
9,759,2.2710723817342358e-42
9,760,2.291910746456897e-42
9,761,2.3125423137920632e-42
9,762,2.3330314790686074e-42
9,763,2.353458112467537e-42
9,764,2.3739938232529925e-42
9,765,2.3946343178654814e-42
9,766,2.4152296978758853e-42
9,767,2.43541643177322e-42
9,768,2.455735452037324e-42
9,769,2.4761029570100072e-42
9,770,2.496451541815966e-42
9,771,2.5165968679039006e-42
9,772,2.5367274737908297e-42
9,773,2.5567920800139773e-42
9,774,2.576824221660242e-42
9,775,2.596897113553244e-42
9,776,2.616828064503871e-42
9,777,2.6366839673491118e-42
9,778,2.6564571502930693e-42
9,779,2.676332147877934e-42
9,780,2.696066803215402e-42
9,781,2.7158049560852603e-42
9,782,2.7354271829346814e-42
9,783,2.7550991430686618e-42
9,784,2.774660259446225e-42
9,785,2.7942816431153597e-42
9,786,2.8137890506490467e-42
9,787,2.833311865373102e-42
9,788,2.852729705145751e-42
9,789,2.872216709690249e-42
9,790,2.891590496710928e-42
9,791,2.91099166027127e-42
9,792,2.930253864651835e-42
9,793,2.949579225984156e-42
9,794,2.968751940073825e-42
9,795,2.988026218156709e-42
9,796,3.007116142684314e-42
9,797,3.026350290369954e-42
9,798,3.0453072174528295e-42
9,799,3.064483637833594e-42
9,800,3.083234797387088e-42
10,1,1.6469822565471993e-169
10,2,3.443394163056573e-159
10,3,2.421321812995365e-149
10,4,7.610202353193396e-143
10,5,1.6157094668672685e-137
10,6,4.469126256193711e-133
10,7,9.878588888460636e-130
10,8,3.025703987785307e-127
10,9,3.4462009393778213e-125
10,10,1.599224279157724e-123
10,11,3.120243830575265e-122
10,12,3.296524449341605e-121
10,13,2.4978857204460085e-120
10,14,1.4962414854289666e-119
10,15,7.539784341912064e-119
10,16,3.444192764356249e-118
10,17,1.4427276271132027e-117
10,18,6.0090219324180746e-117
10,19,2.4257254387172245e-116
10,20,9.481551666920218e-116
10,21,3.6873890349709087e-115
10,22,1.500593801842459e-114
10,23,6.377614926053819e-114
10,24,2.8208545336969064e-113
10,25,1.2666258279726033e-112
10,26,5.967082271184945e-112
10,27,3.0234014151283204e-111
10,28,1.6151668044058486e-110
10,29,8.72352414054273e-110
10,30,5.068183004007283e-109
10,31,2.87616403447683e-108
10,32,1.582792871939108e-107
10,33,8.616855427072383e-107
10,34,4.403772422240488e-106
10,35,2.1644322154455183e-105
10,36,1.0290195846149519e-104
10,37,4.668970946849527e-104
10,38,2.1206503428490413e-103
10,39,9.414490930895526e-103
10,40,4.168716740168249e-102
10,41,1.8636807872746728e-101
10,42,8.417083169802018e-101
10,43,3.8297492651155727e-100
10,44,1.6841937656914116e-99
10,45,7.2956925152302655e-99
10,46,3.105466743664887e-98
10,47,1.2961743713705268e-97
10,48,5.308390631656475e-97
10,49,1.9927194835242625e-96
10,50,7.361743230654193e-96
10,51,2.453812545979272e-95
10,52,7.875803529562877e-95
10,53,3.012492362927645e-94
10,54,1.1633069244951936e-93
10,55,3.2903545489344882e-93
10,56,1.2689341760777608e-92
10,57,3.747992812926469e-92
10,58,1.2126988754373207e-91
10,59,3.6354149393163855e-91
10,60,1.0336100759401957e-90
10,61,2.5524427486670225e-90
10,62,6.9481954120838314e-90
10,63,2.322072508394197e-89
10,64,4.9625872071706744e-89
10,65,1.4628340286251691e-88
10,66,3.9198629787631004e-88
10,67,1.8151567693155969e-88
10,68,2.088127829066876e-87
10,69,5.339279596610954e-87
10,70,1.0488521283724354e-86
10,71,2.2389611862587974e-86
10,72,4.947973505229112e-86
10,73,1.0028310726739547e-85
10,74,1.8295595105211458e-85
10,75,3.125071579614001e-85
10,76,5.409264200412203e-85
10,77,1.0159212927801153e-84
10,78,1.6462503906492004e-84
10,79,2.154779914538631e-84
10,80,3.372159775040837e-84
10,81,5.822896443631392e-84
10,82,8.704639251686178e-84
10,83,1.3939452981035311e-83
10,84,2.23152373344449e-83
10,85,3.360466212578739e-83
10,86,4.776598399508603e-83
10,87,5.4874191257163346e-83
10,88,7.632615763408537e-83
10,89,1.2238809371358718e-82
10,90,1.8102145999108137e-82
10,91,2.0577616857567836e-82
10,92,2.7975019384299123e-82
10,93,4.200432548197927e-82
10,94,5.0682355804956815e-82
10,95,7.10940328268984e-82
10,96,8.563781593420912e-82
10,97,1.1648139660340291e-81
10,98,1.7031475768475494e-81
10,99,2.0264612690634985e-81
10,100,2.6576516584807125e-81
10,101,3.559408128284393e-81
10,102,4.081038503600195e-81
10,103,5.032689242296191e-81
10,104,6.637968138381039e-81
10,105,8.74202595532555e-81
10,106,1.131429037208261e-80
10,107,1.3904709461276157e-80
10,108,1.748503412217117e-80
10,109,2.0766604928165227e-80
10,110,2.6073290040268337e-80
10,111,3.188801579577708e-80
10,112,4.013823136606665e-80
10,113,5.2957646505032994e-80
10,114,6.35618070310556e-80
10,115,8.494561338489519e-80
10,116,1.0786414040887042e-79
10,117,1.2394619999669734e-79
10,118,1.5873890630231422e-79
10,119,1.8876338882696235e-79
10,120,2.4112264514460562e-79
10,121,2.977630506075093e-79
10,122,3.66258996658441e-79
10,123,4.749399618233254e-79
10,124,6.612501711944007e-79
10,125,8.3039873933236e-79
10,126,1.0759236443999284e-78
10,127,1.399452608915845e-78
10,128,1.6946215265955864e-78
10,129,2.0380782374517934e-78
10,130,2.4012385561856736e-78
10,131,3.2698522971650625e-78
10,132,4.434182806295983e-78
10,133,5.76720705060249e-78
10,134,7.001685666590013e-78
10,135,8.184029764932171e-78
10,136,8.463499300030492e-78
10,137,9.490811884136538e-78
10,138,7.254993477475501e-78
10,139,1.7299851346233773e-78
10,140,1.1248808237990927e-78
10,141,1.8657468849470234e-77
10,142,4.5335558617544906e-79
10,143,1.0667854616679837e-82
10,144,1.560931615008893e-79
10,145,6.727826425272487e-87
10,146,9.769278096707763e-83
10,147,1.5560695970585554e-82
10,148,2.259792418229552e-83
10,149,3.6809785298749595e-81
10,150,3.124438191353579e-88
10,151,3.7539208252754298e-84
10,152,7.126092947278276e-86
10,153,1.2342145881834797e-92
10,154,2.529906351607863e-94
10,155,4.6971594303638916e-86
10,156,2.431655955191229e-88
10,157,7.109081424013663e-87
10,158,2.243107331203893e-86
10,159,3.38165702815208e-86
10,160,3.045505126293279e-85
10,161,4.4278877889171834e-85
10,162,1.5287772184959114e-90
10,163,6.155841913260843e-88
10,164,6.298788095591059e-86
10,165,1.2897016843669714e-84
10,166,1.4978480779348222e-85
10,167,7.36678604241874e-85
10,168,1.419913393680941e-84
10,169,4.2666791148926205e-84
10,170,3.855072595941493e-83
10,171,9.292215077411967e-83
10,172,1.9098510015309077e-82
10,173,4.749245136148792e-82
10,174,8.686743590953958e-82
10,175,3.0834559423746485e-81
10,176,6.863258416300151e-81
10,177,1.4897814015720132e-80
10,178,3.024553536838236e-80
10,179,5.7644322094385886e-80
10,180,1.4082652407065212e-79
10,181,4.173063211257192e-79
10,182,3.222958925438693e-86
10,183,2.1334003853112455e-78
10,184,3.0395818854472636e-78
10,185,4.0824933429029183e-78
10,186,5.496335833399174e-78
10,187,6.155209347751516e-78
10,188,9.135252587732122e-78
10,189,9.714132143305279e-78
10,190,2.636112136982225e-77
10,191,4.177064528585273e-77
10,192,7.045351082678633e-77
10,193,9.574148858905737e-77
10,194,1.2606766708495274e-76
10,195,1.8033753209013025e-76
10,196,3.289736376805612e-76
10,197,6.499397597536637e-76
10,198,1.2474402349985377e-75
10,199,2.3117106835477494e-75
10,200,4.3334861407890776e-75
10,201,9.249869436137516e-75
10,202,2.134337766244372e-74
10,203,4.7384038441044304e-74
10,204,9.795879642441165e-74
10,205,1.9973610524372033e-73
10,206,4.3007548132200514e-73
10,207,8.520716148334615e-73
10,208,1.6485361316995948e-72
10,209,3.219634949951877e-72
10,210,6.489059115059132e-72
10,211,1.3664217885196138e-71
10,212,2.915985982900518e-71
10,213,6.1815884292878116e-71
10,214,1.3478187258775829e-70
10,215,3.008251914723768e-70
10,216,6.469995972995961e-70
10,217,1.398515697746765e-69
10,218,3.0774952064962545e-69
10,219,7.140618081991618e-69
10,220,1.643628464973572e-68
10,221,3.778992959441791e-68
10,222,9.111404009250028e-68
10,223,2.0603704272120955e-67
10,224,4.771156631738337e-67
10,225,1.1356061290358618e-66
10,226,2.4298232594091845e-66
10,227,4.802519291625731e-66
10,228,1.1318323534183208e-65
10,229,2.6868744345092553e-65
10,230,6.124696455510304e-65
10,231,1.2628738436708928e-64
10,232,2.6133571889178586e-64
10,233,4.582844334560577e-64
10,234,1.0603870469620605e-63
10,235,2.441189126043569e-63
10,236,4.514394714040282e-63
10,237,6.950667495606788e-63
10,238,1.7702268635791522e-62
10,239,3.983474680973921e-62
10,240,5.761270115453103e-62
10,241,1.057505379628058e-61
10,242,2.1707348384760132e-61
10,243,3.9314304363364696e-61
10,244,6.461849947784226e-61
10,245,1.0860087555997787e-60
10,246,1.7572158934447782e-60
10,247,2.8702983991252857e-60
10,248,4.578700946268888e-60
10,249,7.505358973069558e-60
10,250,1.159189959497393e-59
10,251,1.7617155966063708e-59
10,252,2.7221831530198326e-59
10,253,3.9741944290155224e-59
10,254,5.923613825013987e-59
10,255,8.45471275644907e-59
10,256,1.199812649299663e-58
10,257,1.793736243349447e-58
10,258,2.593370602597094e-58
10,259,3.7264013207417574e-58
10,260,5.245241203483771e-58
10,261,7.363232474500654e-58
10,262,1.023352291811457e-57
10,263,1.4054354142619956e-57
10,264,1.9141923550984024e-57
10,265,2.677524915092084e-57
10,266,3.729225870209809e-57
10,267,5.0615111697806297e-57
10,268,6.796467097986803e-57
10,269,9.094727593837583e-57
10,270,1.2340351900306117e-56
10,271,1.6765793797758406e-56
10,272,2.2622047154061692e-56
10,273,3.086188118414354e-56
10,274,4.104652407997173e-56
10,275,5.40709507386615e-56
10,276,7.026520498522267e-56
10,277,9.202122205678324e-56
10,278,1.200705578716748e-55
10,279,1.566341980598503e-55
10,280,2.0515644628198123e-55
10,281,2.6983340798492263e-55
10,282,3.47490289386473e-55
10,283,4.4739576272741125e-55
10,284,5.706683898921048e-55
10,285,7.307055131864088e-55
10,286,9.269450927377836e-55
10,287,1.1781736885199599e-54
10,288,1.4830224846671724e-54
10,289,1.8569766260271365e-54
10,290,2.320022356957672e-54
10,291,2.882443630813633e-54
10,292,3.566857505785462e-54
10,293,4.3823984034849574e-54
10,294,5.381558905504468e-54
10,295,6.611480449956775e-54
10,296,8.034934034101002e-54
10,297,9.411478568661104e-54
10,298,1.1495940318041165e-53
10,299,1.4097745011374562e-53
10,300,1.694309324836361e-53
10,301,2.0474727165800213e-53
10,302,2.438237843294911e-53
10,303,2.8589905743375533e-53
10,304,3.3742833778706664e-53
10,305,4.032241562650753e-53
10,306,4.724590679648802e-53
10,307,4.955949695814798e-53
10,308,5.531522019520962e-53
10,309,6.894669332930919e-53
10,310,8.52907737991161e-53
10,311,7.357228998267874e-57
10,312,1.621281544139719e-58
10,313,6.324205797875924e-62
10,314,3.79801186962396e-66
10,315,5.444238910157878e-131
10,316,2.34746352676775e-72
10,317,4.665680955238499e-94
10,318,1.2651289994208167e-81
10,319,5.415806581269815e-99
10,320,7.79340676122779e-92
10,321,4.935977578370245e-85
10,322,4.372773639298307e-86
10,323,1.6805204443092257e-88
10,324,2.5671312691439497e-94
10,325,2.547306456578187e-89
10,326,1.6418267659893197e-85
10,327,3.692438176952567e-86
10,328,5.705728411936466e-81
10,329,1.2731334103602843e-87
10,330,6.358801842011481e-87
10,331,3.5724486267508383e-87
10,332,3.0589726754727757e-86
10,333,1.2805368647996115e-84
10,334,1.1145120597661151e-85
10,335,1.9387048131950797e-85
10,336,4.3699281894267236e-85
10,337,8.495753420544149e-85
10,338,4.184800441468438e-83
10,339,7.515641232849998e-83
10,340,3.2675743756160633e-83
10,341,1.9172374957650547e-81
10,342,1.0537147497572002e-80
10,343,1.814045369964618e-79
10,344,3.794791104721512e-77
10,345,1.856613808530056e-76
10,346,1.4321444788986945e-75
10,347,5.884390920096268e-75
10,348,2.9531341028813874e-74
10,349,4.540294755559772e-74
10,350,1.8906571660734086e-74
10,351,5.42459723680778e-74
10,352,2.3152159894218283e-73
10,353,1.4698721828943485e-72
10,354,7.509857922664188e-72
10,355,3.3108037023497202e-71
10,356,2.9568884497900846e-71
10,357,1.797457206755216e-70
10,358,1.0413887243507529e-71
10,359,4.453104455965643e-71
10,360,4.9923272773296355e-71
10,361,4.123663618844792e-71
10,362,1.3775147612620486e-71
10,363,4.400646082196118e-152
10,364,2.0662575720524463e-132
10,365,5.761827321041909e-113
10,366,5.756155792121813e-98
10,367,6.262149755009861e-89
10,368,2.6427574671267963e-84
10,369,3.1032339155829213e-82
10,370,1.3557828305116578e-81
10,371,5.67481895845697e-82
10,372,1.2279563132216797e-82
10,373,4.850555310180017e-83
10,374,3.1867131981626344e-83
10,375,7.336172440286458e-83
10,376,3.9960289104521104e-83
10,377,8.301798389583666e-83
10,378,3.4182952301451516e-82
10,379,9.363202085396989e-82
10,380,3.2878585570199086e-81
10,381,1.191188154260427e-80
10,382,1.5786944007467452e-80
10,383,7.878320295749722e-80
10,384,1.9975945555310215e-80
10,385,4.302865363652445e-81
10,386,1.826007526249396e-81
10,387,1.2381260045015637e-81
10,388,6.274600870381643e-84
10,389,4.528608248127095e-84
10,390,7.042348361219737e-84
10,391,2.442559144816637e-83
10,392,1.0089559742445865e-82
10,393,5.949413742146739e-82
10,394,2.3983064087510618e-81
10,395,1.5523802174391544e-80
10,396,1.0580216511693088e-79
10,397,5.781393907302384e-79
10,398,2.2122866829387096e-78
10,399,7.372463573299824e-78
10,400,2.1234732938586582e-77
10,401,5.502656327522727e-77
10,402,1.391419522471674e-76
10,403,3.604903044793506e-76
10,404,9.835052737522248e-76
10,405,2.8891081719704947e-75
10,406,1.2260454614480741e-74
10,407,4.316157191636935e-74
10,408,1.4150013675869238e-73
10,409,4.638588130552657e-73
10,410,1.4866112984519987e-72
10,411,4.583497160180094e-72
10,412,1.339631900356969e-71
10,413,3.713806522942138e-71
10,414,9.726657391280302e-71
10,415,2.491633257376236e-70
10,416,6.346827151387173e-70
10,417,1.616554417644846e-69
10,418,4.15372882622023e-69
10,419,1.0875315282726657e-68
10,420,2.9694894463031473e-68
10,421,8.219029737235521e-68
10,422,2.2921048307952472e-67
10,423,4.5082828689157496e-67
10,424,1.143634536053928e-66
10,425,3.2861202721708517e-66
10,426,9.147514799381551e-66
10,427,2.6627168598477027e-65
10,428,7.974443880360463e-65
10,429,2.2562395941240495e-64
10,430,6.906431041076777e-64
10,431,1.939692074461446e-63
10,432,5.525044277400114e-63
10,433,1.5974793471644739e-62
10,434,4.384642947461105e-62
10,435,1.1588659314726303e-61
10,436,3.018665983151883e-61
10,437,7.680534847420255e-61
10,438,1.883044746923746e-60
10,439,4.5426145851661035e-60
10,440,9.763807467408373e-60
10,441,1.5424070239309057e-59
10,442,8.99957779542811e-60
10,443,4.164737629434126e-60
10,444,2.5405402144099415e-60
10,445,4.3043706094604736e-60
10,446,1.2231157925006425e-59
10,447,4.383461056149108e-59
10,448,1.5165960885851103e-58
10,449,3.569784267799942e-58
10,450,5.951615158444073e-58
10,451,2.282871137843837e-58
10,452,2.6814044898265533e-58
10,453,3.774958481725495e-58
10,454,6.363070412634977e-58
10,455,1.201892689319847e-57
10,456,2.369467281466772e-57
10,457,4.428779781883026e-57
10,458,7.514765138012758e-57
10,459,9.568121435190958e-57
10,460,1.8613738173923906e-56
10,461,2.761569672454378e-56
10,462,4.628692992923672e-56
10,463,7.676113476691632e-56
10,464,1.1080057233034169e-55
10,465,1.5035365049065293e-55
10,466,1.9353183230045937e-55
10,467,2.5272764120751076e-55
10,468,3.3851152058944605e-55
10,469,4.75756324569741e-55
10,470,6.420902131905776e-55
10,471,8.471577195787945e-55
10,472,1.0991505919841668e-54
10,473,1.3516528129955346e-54
10,474,1.676912866005894e-54
10,475,2.0070685914327383e-54
10,476,2.3581689555838062e-54
10,477,2.756044972057698e-54
10,478,3.3532217621573687e-54
10,479,4.13925960047297e-54
10,480,5.220484512844663e-54
10,481,4.427926294355976e-54
10,482,5.408607586948713e-54
10,483,8.172393102074593e-54
10,484,9.597732483772872e-54
10,485,1.0022571081983785e-53
10,486,1.1892928931218338e-53
10,487,1.497765746805856e-53
10,488,1.844753330922155e-53
10,489,8.741808994343774e-54
10,490,3.966261534534773e-54
10,491,4.367540361126653e-54
10,492,1.0681017075402203e-53
10,493,3.553353001866581e-53
10,494,3.3507080873658776e-53
10,495,2.624568253645046e-53
10,496,2.357563842507716e-53
10,497,2.910497480088692e-53
10,498,4.37181940955936e-53
10,499,6.320098061364109e-53
10,500,7.63822402646158e-53
10,501,7.976520324373479e-53
10,502,8.233487377205567e-53
10,503,9.223769040427005e-53
10,504,1.1434746105845322e-52
10,505,1.4527812747927235e-52
10,506,1.6805039202638864e-52
10,507,1.8198673399673883e-52
10,508,1.99420329731014e-52
10,509,2.3140241648108356e-52
10,510,2.7932503824904724e-52
10,511,3.3261392289022866e-52
10,512,3.783479787278936e-52
10,513,4.1534732693632914e-52
10,514,4.53496673632245e-52
10,515,5.130834327985012e-52
10,516,6.0708665987652915e-52
10,517,7.036153467020474e-52
10,518,7.822076155741283e-52
10,519,8.435933036477306e-52
10,520,9.088143603760553e-52
10,521,9.991974632237537e-52
10,522,1.1201389650517855e-51
10,523,1.254942163503313e-51
10,524,1.3828378557092424e-51
10,525,1.5009950645319063e-51
10,526,1.6286001648523678e-51
10,527,1.7857504008321698e-51
10,528,1.9715977147113115e-51
10,529,2.1693019288856234e-51
10,530,2.3654757503953945e-51
10,531,2.567039357018091e-51
10,532,2.792980137234463e-51
10,533,3.054669948783046e-51
10,534,3.346303042097532e-51
10,535,3.6552690506529597e-51
10,536,3.982490966221376e-51
10,537,4.3476555698890823e-51
10,538,4.76911698806119e-51
10,539,5.244016324114275e-51
10,540,5.74826298111934e-51
10,541,6.262085614493722e-51
10,542,6.791286766631963e-51
10,543,7.360146749999548e-51
10,544,7.986021407751807e-51
10,545,8.662668663981217e-51
10,546,9.375049422257209e-51
10,547,1.0124650805819888e-50
10,548,1.093510933399548e-50
10,549,1.1833528246322095e-50
10,550,1.282707839561232e-50
10,551,1.390404126474826e-50
10,552,1.5053455755439913e-50
10,553,1.627832307640851e-50
10,554,1.7589760909070466e-50
10,555,1.8990410756186601e-50
10,556,2.0473929611823284e-50
10,557,2.20401650872835e-50
10,558,2.370327171211408e-50
10,559,2.5485423278933207e-50
10,560,2.7400980579845367e-50
10,561,2.9447864980429295e-50
10,562,3.1619795754014266e-50
10,563,3.392302233750452e-50
10,564,3.6374040898889006e-50
10,565,3.8985019006663756e-50
10,566,4.1755910167912477e-50
10,567,4.468283259958253e-50
10,568,4.777431531852806e-50
10,569,5.105147413975613e-50
10,570,5.453350818107699e-50
10,571,5.822952682599431e-50
10,572,6.214267918409483e-50
10,573,6.628306130689859e-50
10,574,7.067107322472675e-50
10,575,7.532424020599539e-50
10,576,8.025176581642274e-50
10,577,8.546378118527689e-50
10,578,9.098554607937086e-50
10,579,9.68585194161811e-50
10,580,1.031008297014636e-49
10,581,1.0968134332207594e-49
10,582,1.1657906039297866e-49
10,583,1.2383252302632165e-49
10,584,1.3150014673743077e-49
10,585,1.3960052540914577e-49
10,586,1.4812128632252368e-49
10,587,1.5709548880717585e-49
10,588,1.6658606400321396e-49
10,589,1.7661228828726213e-49
10,590,1.8715534738064953e-49
10,591,1.982350300154112e-49
10,592,2.0991576488595094e-49
10,593,2.222235953652852e-49
10,594,2.3512411879758754e-49
10,595,2.486203155071729e-49
10,596,2.6279403333840678e-49
10,597,2.77723683271025e-49
10,598,2.9342332428633163e-49
10,599,3.0988921897256448e-49
10,600,3.2715967780544607e-49
10,601,3.453018689406938e-49
10,602,3.643843776336669e-49
10,603,3.844820758875105e-49
10,604,4.056335586462225e-49
10,605,4.277804959409302e-49
10,606,4.5085521135557744e-49
10,607,4.749018889481055e-49
10,608,5.0003917241646054e-49
10,609,5.263261368006505e-49
10,610,5.53753221479025e-49
10,611,5.8247911641973194e-49
10,612,6.127549224179319e-49
10,613,6.443601696411791e-49
10,614,6.76928246319508e-49
10,615,7.106836162093862e-49
10,616,7.461244579275198e-49
10,617,7.831479656204674e-49
10,618,8.212418790160258e-49
10,619,8.60555108723913e-49
10,620,9.015870936978072e-49
10,621,9.441665379236558e-49
10,622,9.878764945363358e-49
10,623,1.033016017018228e-48
10,624,1.080019195524229e-48
10,625,1.1286245689166953e-48
10,626,1.1785722073472111e-48
10,627,1.2302662138107555e-48
10,628,1.2839774586819447e-48
10,629,1.3393912274140201e-48
10,630,1.3964036935356604e-48
10,631,1.4553769935772193e-48
10,632,1.516429396431957e-48
10,633,1.5793639774857483e-48
10,634,1.644282472847618e-48
10,635,1.7114957550488444e-48
10,636,1.781007616295071e-48
10,637,1.8527172860739613e-48
10,638,1.9268206342553864e-48
10,639,2.00354934228372e-48
10,640,2.0828623049790485e-48
10,641,2.1647332638605404e-48
10,642,2.249397324175569e-48
10,643,2.3370793190082323e-48
10,644,2.4277945098589844e-48
10,645,2.521602727596495e-48
10,646,2.6187564853561284e-48
10,647,2.719497805197313e-48
10,648,2.823947506953841e-48
10,649,2.932266743779644e-48
10,650,3.0447523508802876e-48
10,651,3.1616933611732635e-48
10,652,3.2832969456893775e-48
10,653,3.409810881316899e-48
10,654,3.5415899986898067e-48
10,655,3.6790234487892047e-48
10,656,3.822459461199399e-48
10,657,3.9722534763638325e-48
10,658,4.1288220453405444e-48
10,659,4.292665151035995e-48
10,660,4.46438499822557e-48
10,661,4.644631135550463e-48
10,662,4.833925376608733e-48
10,663,5.032755463528327e-48
10,664,5.242055879391428e-48
10,665,5.463446067039006e-48
10,666,5.69872589406977e-48
10,667,5.948897161422596e-48
10,668,6.213920673274524e-48
10,669,6.493873122387245e-48
10,670,6.790163593118361e-48
10,671,7.105497678691392e-48
10,672,7.442977643830043e-48
10,673,7.805206891603321e-48
10,674,8.194117699567438e-48
10,675,8.611661124842287e-48
10,676,9.060608450217163e-48
10,677,9.544822471128112e-48
10,678,1.0068965948607905e-47
10,679,1.0638073988004462e-47
10,680,1.1257439330800496e-47
10,681,1.1932840209249302e-47
10,682,1.2670904150603223e-47
10,683,1.3479322453187311e-47
10,684,1.4366861416983383e-47
10,685,1.5343192530478848e-47
10,686,1.641846762935451e-47
10,687,1.7603093801198182e-47
10,688,1.8907979666207307e-47
10,689,2.0346058674888988e-47
10,690,2.1941271222088968e-47
10,691,2.373755991265571e-47
10,692,2.574983518552178e-47
10,693,2.7921675094465536e-47
10,694,3.0235299987142285e-47
10,695,3.276055934562011e-47
10,696,3.552051241956453e-47
10,697,3.84114114833554e-47
10,698,4.1358299575468326e-47
10,699,4.436648005808245e-47
10,700,4.736324725413094e-47
10,701,5.027418188175703e-47
10,702,5.319108735712949e-47
10,703,5.5881281225503e-47
10,704,5.823308199068487e-47
10,705,6.049549928803643e-47
10,706,6.255894656061253e-47
10,707,6.467868996279163e-47
10,708,6.687625672077405e-47
10,709,6.869201530287404e-47
10,710,7.045863549068267e-47
10,711,7.232318382667129e-47
10,712,7.425948632664124e-47
10,713,7.61352969025849e-47
10,714,7.790624118373144e-47
10,715,7.99520176029633e-47
10,716,8.191631896482964e-47
10,717,8.375125313202821e-47
10,718,8.571460742593888e-47
10,719,8.762341967292133e-47
10,720,8.945598691755072e-47
10,721,9.127770278938963e-47
10,722,9.32132627888969e-47
10,723,9.507809094273487e-47
10,724,9.684024379780966e-47
10,725,9.87137245415078e-47
10,726,1.0057904621663933e-46
10,727,1.02558435986447e-46
10,728,1.0473413573227298e-46
10,729,1.068255240822507e-46
10,730,1.0892782924264003e-46
10,731,1.11249910097177e-46
10,732,1.1356373347553055e-46
10,733,1.158187610789728e-46
10,734,1.1818814936698863e-46
10,735,1.2046602440223395e-46
10,736,1.2267567409310302e-46
10,737,1.2489278988898773e-46
10,738,1.2691797149694988e-46
10,739,1.2887967109575366e-46
10,740,1.307811144125778e-46
10,741,1.3258994018996208e-46
10,742,1.3452908779392455e-46
10,743,1.3641312047314961e-46
10,744,1.3821579218508538e-46
10,745,1.4015982679999918e-46
10,746,1.4205520676712283e-46
10,747,1.4392216094035386e-46
10,748,1.4596502167174855e-46
10,749,1.4799402973236428e-46
10,750,1.499434940064764e-46
10,751,1.5197776578773124e-46
10,752,1.5399910285185273e-46
10,753,1.559490430764443e-46
10,754,1.5792112011137488e-46
10,755,1.5985325677601991e-46
10,756,1.617157957689949e-46
10,757,1.6357321130680803e-46
10,758,1.6541607780844225e-46
10,759,1.6724889220791976e-46
10,760,1.690996031163562e-46
10,761,1.7095758986903662e-46
10,762,1.7283499974759324e-46
10,763,1.7474516039668364e-46
10,764,1.7668415395575584e-46
10,765,1.786551347665603e-46
10,766,1.806436867307e-46
10,767,1.826468760038929e-46
10,768,1.846541125033971e-46
10,769,1.8665050529764413e-46
10,770,1.8865202620572235e-46
10,771,1.906481932172922e-46
10,772,1.926300393726503e-46
10,773,1.94617202017995e-46
10,774,1.9659610156573374e-46
10,775,1.9856438277447195e-46
10,776,2.0054688298479147e-46
10,777,2.02530165290574e-46
10,778,2.045147862869121e-46
10,779,2.0650621279375482e-46
10,780,2.084603465432621e-46
10,781,2.1040555813942706e-46
10,782,2.1246671654601315e-46
10,783,2.1454375266206876e-46
10,784,2.1638220464881948e-46
10,785,2.1813026809669883e-46
10,786,2.2013509622116028e-46
10,787,2.2224193152877216e-46
10,788,2.2408454179505168e-46
10,789,2.2584930695281237e-46
10,790,2.2777091346703426e-46
10,791,2.2967084703543546e-46
10,792,2.314762095106814e-46
10,793,2.3334178271446755e-46
10,794,2.352654929997851e-46
10,795,2.371850576247524e-46
10,796,2.391175683596713e-46
10,797,2.410547662600235e-46
10,798,2.429829061845467e-46
10,799,2.4488377016888737e-46
10,800,2.46744391834076e-46
